run_id	run_name	task_group	task	pde	baseline	seed	train_size	val_size	test_size	train_shards	num_sensors	sensor_mode	noise_level	scalar_param_mode	data_loading_mode	load_full_trajectory	batch_size	epochs	steps	refine_steps	particles	device	config	output_dir	log_dir	status_file	skip_reason
time_varying_var4d_nsnonbounded_s1_ea74c66c26e7	time_varying/var4d/nsnonbounded/seed=1/sensors=50/time_varying/noise=0.0	time_varying	sparse_solution	nsnonbounded	var4d	1	50000	0	1000	5	50	time_varying	0.0	metadata	lazy	True	1	1	500	0	0	cuda	baselines/configs/paper.yaml	outputs/baselines_large/runs/task_group=time_varying/pde=nsnonbounded/baseline=var4d/task=sparse_solution/seed=1/sensors=50/mode=time_varying/noise=0/scalar=metadata/run=time_varying_var4d_nsnonbounded_s1_ea74c66c26e7	outputs/baselines_large/logs/task_group=time_varying/run=time_varying_var4d_nsnonbounded_s1_ea74c66c26e7	outputs/baselines_large/runs/task_group=time_varying/pde=nsnonbounded/baseline=var4d/task=sparse_solution/seed=1/sensors=50/mode=time_varying/noise=0/scalar=metadata/run=time_varying_var4d_nsnonbounded_s1_ea74c66c26e7/run.status.json	
time_varying_var4d_nsnonbounded_s1_47229c8b243c	time_varying/var4d/nsnonbounded/seed=1/sensors=50/time_varying/noise=0.01	time_varying	sparse_solution	nsnonbounded	var4d	1	50000	0	1000	5	50	time_varying	0.01	metadata	lazy	True	1	1	500	0	0	cuda	baselines/configs/paper.yaml	outputs/baselines_large/runs/task_group=time_varying/pde=nsnonbounded/baseline=var4d/task=sparse_solution/seed=1/sensors=50/mode=time_varying/noise=0_01/scalar=metadata/run=time_varying_var4d_nsnonbounded_s1_47229c8b243c	outputs/baselines_large/logs/task_group=time_varying/run=time_varying_var4d_nsnonbounded_s1_47229c8b243c	outputs/baselines_large/runs/task_group=time_varying/pde=nsnonbounded/baseline=var4d/task=sparse_solution/seed=1/sensors=50/mode=time_varying/noise=0_01/scalar=metadata/run=time_varying_var4d_nsnonbounded_s1_47229c8b243c/run.status.json	
time_varying_var4d_nsnonbounded_s1_bf412e1b2b02	time_varying/var4d/nsnonbounded/seed=1/sensors=50/time_varying/noise=0.05	time_varying	sparse_solution	nsnonbounded	var4d	1	50000	0	1000	5	50	time_varying	0.05	metadata	lazy	True	1	1	500	0	0	cuda	baselines/configs/paper.yaml	outputs/baselines_large/runs/task_group=time_varying/pde=nsnonbounded/baseline=var4d/task=sparse_solution/seed=1/sensors=50/mode=time_varying/noise=0_05/scalar=metadata/run=time_varying_var4d_nsnonbounded_s1_bf412e1b2b02	outputs/baselines_large/logs/task_group=time_varying/run=time_varying_var4d_nsnonbounded_s1_bf412e1b2b02	outputs/baselines_large/runs/task_group=time_varying/pde=nsnonbounded/baseline=var4d/task=sparse_solution/seed=1/sensors=50/mode=time_varying/noise=0_05/scalar=metadata/run=time_varying_var4d_nsnonbounded_s1_bf412e1b2b02/run.status.json	
time_varying_var4d_nsnonbounded_s1_43e27ee207f5	time_varying/var4d/nsnonbounded/seed=1/sensors=100/time_varying/noise=0.0	time_varying	sparse_solution	nsnonbounded	var4d	1	50000	0	1000	5	100	time_varying	0.0	metadata	lazy	True	1	1	500	0	0	cuda	baselines/configs/paper.yaml	outputs/baselines_large/runs/task_group=time_varying/pde=nsnonbounded/baseline=var4d/task=sparse_solution/seed=1/sensors=100/mode=time_varying/noise=0/scalar=metadata/run=time_varying_var4d_nsnonbounded_s1_43e27ee207f5	outputs/baselines_large/logs/task_group=time_varying/run=time_varying_var4d_nsnonbounded_s1_43e27ee207f5	outputs/baselines_large/runs/task_group=time_varying/pde=nsnonbounded/baseline=var4d/task=sparse_solution/seed=1/sensors=100/mode=time_varying/noise=0/scalar=metadata/run=time_varying_var4d_nsnonbounded_s1_43e27ee207f5/run.status.json	
time_varying_var4d_nsnonbounded_s1_04be9904931e	time_varying/var4d/nsnonbounded/seed=1/sensors=100/time_varying/noise=0.01	time_varying	sparse_solution	nsnonbounded	var4d	1	50000	0	1000	5	100	time_varying	0.01	metadata	lazy	True	1	1	500	0	0	cuda	baselines/configs/paper.yaml	outputs/baselines_large/runs/task_group=time_varying/pde=nsnonbounded/baseline=var4d/task=sparse_solution/seed=1/sensors=100/mode=time_varying/noise=0_01/scalar=metadata/run=time_varying_var4d_nsnonbounded_s1_04be9904931e	outputs/baselines_large/logs/task_group=time_varying/run=time_varying_var4d_nsnonbounded_s1_04be9904931e	outputs/baselines_large/runs/task_group=time_varying/pde=nsnonbounded/baseline=var4d/task=sparse_solution/seed=1/sensors=100/mode=time_varying/noise=0_01/scalar=metadata/run=time_varying_var4d_nsnonbounded_s1_04be9904931e/run.status.json	
time_varying_var4d_nsnonbounded_s1_8e5a8d4df4a3	time_varying/var4d/nsnonbounded/seed=1/sensors=100/time_varying/noise=0.05	time_varying	sparse_solution	nsnonbounded	var4d	1	50000	0	1000	5	100	time_varying	0.05	metadata	lazy	True	1	1	500	0	0	cuda	baselines/configs/paper.yaml	outputs/baselines_large/runs/task_group=time_varying/pde=nsnonbounded/baseline=var4d/task=sparse_solution/seed=1/sensors=100/mode=time_varying/noise=0_05/scalar=metadata/run=time_varying_var4d_nsnonbounded_s1_8e5a8d4df4a3	outputs/baselines_large/logs/task_group=time_varying/run=time_varying_var4d_nsnonbounded_s1_8e5a8d4df4a3	outputs/baselines_large/runs/task_group=time_varying/pde=nsnonbounded/baseline=var4d/task=sparse_solution/seed=1/sensors=100/mode=time_varying/noise=0_05/scalar=metadata/run=time_varying_var4d_nsnonbounded_s1_8e5a8d4df4a3/run.status.json	
time_varying_var4d_nsnonbounded_s1_8a8b5bf9435a	time_varying/var4d/nsnonbounded/seed=1/sensors=250/time_varying/noise=0.0	time_varying	sparse_solution	nsnonbounded	var4d	1	50000	0	1000	5	250	time_varying	0.0	metadata	lazy	True	1	1	500	0	0	cuda	baselines/configs/paper.yaml	outputs/baselines_large/runs/task_group=time_varying/pde=nsnonbounded/baseline=var4d/task=sparse_solution/seed=1/sensors=250/mode=time_varying/noise=0/scalar=metadata/run=time_varying_var4d_nsnonbounded_s1_8a8b5bf9435a	outputs/baselines_large/logs/task_group=time_varying/run=time_varying_var4d_nsnonbounded_s1_8a8b5bf9435a	outputs/baselines_large/runs/task_group=time_varying/pde=nsnonbounded/baseline=var4d/task=sparse_solution/seed=1/sensors=250/mode=time_varying/noise=0/scalar=metadata/run=time_varying_var4d_nsnonbounded_s1_8a8b5bf9435a/run.status.json	
time_varying_var4d_nsnonbounded_s1_49af403deaba	time_varying/var4d/nsnonbounded/seed=1/sensors=250/time_varying/noise=0.01	time_varying	sparse_solution	nsnonbounded	var4d	1	50000	0	1000	5	250	time_varying	0.01	metadata	lazy	True	1	1	500	0	0	cuda	baselines/configs/paper.yaml	outputs/baselines_large/runs/task_group=time_varying/pde=nsnonbounded/baseline=var4d/task=sparse_solution/seed=1/sensors=250/mode=time_varying/noise=0_01/scalar=metadata/run=time_varying_var4d_nsnonbounded_s1_49af403deaba	outputs/baselines_large/logs/task_group=time_varying/run=time_varying_var4d_nsnonbounded_s1_49af403deaba	outputs/baselines_large/runs/task_group=time_varying/pde=nsnonbounded/baseline=var4d/task=sparse_solution/seed=1/sensors=250/mode=time_varying/noise=0_01/scalar=metadata/run=time_varying_var4d_nsnonbounded_s1_49af403deaba/run.status.json	
time_varying_var4d_nsnonbounded_s1_a84ed7fd6440	time_varying/var4d/nsnonbounded/seed=1/sensors=250/time_varying/noise=0.05	time_varying	sparse_solution	nsnonbounded	var4d	1	50000	0	1000	5	250	time_varying	0.05	metadata	lazy	True	1	1	500	0	0	cuda	baselines/configs/paper.yaml	outputs/baselines_large/runs/task_group=time_varying/pde=nsnonbounded/baseline=var4d/task=sparse_solution/seed=1/sensors=250/mode=time_varying/noise=0_05/scalar=metadata/run=time_varying_var4d_nsnonbounded_s1_a84ed7fd6440	outputs/baselines_large/logs/task_group=time_varying/run=time_varying_var4d_nsnonbounded_s1_a84ed7fd6440	outputs/baselines_large/runs/task_group=time_varying/pde=nsnonbounded/baseline=var4d/task=sparse_solution/seed=1/sensors=250/mode=time_varying/noise=0_05/scalar=metadata/run=time_varying_var4d_nsnonbounded_s1_a84ed7fd6440/run.status.json	
time_varying_var4d_nsnonbounded_s1_6ab0c0edb0e9	time_varying/var4d/nsnonbounded/seed=1/sensors=500/time_varying/noise=0.0	time_varying	sparse_solution	nsnonbounded	var4d	1	50000	0	1000	5	500	time_varying	0.0	metadata	lazy	True	1	1	500	0	0	cuda	baselines/configs/paper.yaml	outputs/baselines_large/runs/task_group=time_varying/pde=nsnonbounded/baseline=var4d/task=sparse_solution/seed=1/sensors=500/mode=time_varying/noise=0/scalar=metadata/run=time_varying_var4d_nsnonbounded_s1_6ab0c0edb0e9	outputs/baselines_large/logs/task_group=time_varying/run=time_varying_var4d_nsnonbounded_s1_6ab0c0edb0e9	outputs/baselines_large/runs/task_group=time_varying/pde=nsnonbounded/baseline=var4d/task=sparse_solution/seed=1/sensors=500/mode=time_varying/noise=0/scalar=metadata/run=time_varying_var4d_nsnonbounded_s1_6ab0c0edb0e9/run.status.json	
time_varying_var4d_nsnonbounded_s1_572ab8888349	time_varying/var4d/nsnonbounded/seed=1/sensors=500/time_varying/noise=0.01	time_varying	sparse_solution	nsnonbounded	var4d	1	50000	0	1000	5	500	time_varying	0.01	metadata	lazy	True	1	1	500	0	0	cuda	baselines/configs/paper.yaml	outputs/baselines_large/runs/task_group=time_varying/pde=nsnonbounded/baseline=var4d/task=sparse_solution/seed=1/sensors=500/mode=time_varying/noise=0_01/scalar=metadata/run=time_varying_var4d_nsnonbounded_s1_572ab8888349	outputs/baselines_large/logs/task_group=time_varying/run=time_varying_var4d_nsnonbounded_s1_572ab8888349	outputs/baselines_large/runs/task_group=time_varying/pde=nsnonbounded/baseline=var4d/task=sparse_solution/seed=1/sensors=500/mode=time_varying/noise=0_01/scalar=metadata/run=time_varying_var4d_nsnonbounded_s1_572ab8888349/run.status.json	
time_varying_var4d_nsnonbounded_s1_a08ed19495c0	time_varying/var4d/nsnonbounded/seed=1/sensors=500/time_varying/noise=0.05	time_varying	sparse_solution	nsnonbounded	var4d	1	50000	0	1000	5	500	time_varying	0.05	metadata	lazy	True	1	1	500	0	0	cuda	baselines/configs/paper.yaml	outputs/baselines_large/runs/task_group=time_varying/pde=nsnonbounded/baseline=var4d/task=sparse_solution/seed=1/sensors=500/mode=time_varying/noise=0_05/scalar=metadata/run=time_varying_var4d_nsnonbounded_s1_a08ed19495c0	outputs/baselines_large/logs/task_group=time_varying/run=time_varying_var4d_nsnonbounded_s1_a08ed19495c0	outputs/baselines_large/runs/task_group=time_varying/pde=nsnonbounded/baseline=var4d/task=sparse_solution/seed=1/sensors=500/mode=time_varying/noise=0_05/scalar=metadata/run=time_varying_var4d_nsnonbounded_s1_a08ed19495c0/run.status.json	
time_varying_var4d_nsnonbounded_s2_dc6f3f990ccf	time_varying/var4d/nsnonbounded/seed=2/sensors=50/time_varying/noise=0.0	time_varying	sparse_solution	nsnonbounded	var4d	2	50000	0	1000	5	50	time_varying	0.0	metadata	lazy	True	1	1	500	0	0	cuda	baselines/configs/paper.yaml	outputs/baselines_large/runs/task_group=time_varying/pde=nsnonbounded/baseline=var4d/task=sparse_solution/seed=2/sensors=50/mode=time_varying/noise=0/scalar=metadata/run=time_varying_var4d_nsnonbounded_s2_dc6f3f990ccf	outputs/baselines_large/logs/task_group=time_varying/run=time_varying_var4d_nsnonbounded_s2_dc6f3f990ccf	outputs/baselines_large/runs/task_group=time_varying/pde=nsnonbounded/baseline=var4d/task=sparse_solution/seed=2/sensors=50/mode=time_varying/noise=0/scalar=metadata/run=time_varying_var4d_nsnonbounded_s2_dc6f3f990ccf/run.status.json	
time_varying_var4d_nsnonbounded_s2_6c0f183e3545	time_varying/var4d/nsnonbounded/seed=2/sensors=50/time_varying/noise=0.01	time_varying	sparse_solution	nsnonbounded	var4d	2	50000	0	1000	5	50	time_varying	0.01	metadata	lazy	True	1	1	500	0	0	cuda	baselines/configs/paper.yaml	outputs/baselines_large/runs/task_group=time_varying/pde=nsnonbounded/baseline=var4d/task=sparse_solution/seed=2/sensors=50/mode=time_varying/noise=0_01/scalar=metadata/run=time_varying_var4d_nsnonbounded_s2_6c0f183e3545	outputs/baselines_large/logs/task_group=time_varying/run=time_varying_var4d_nsnonbounded_s2_6c0f183e3545	outputs/baselines_large/runs/task_group=time_varying/pde=nsnonbounded/baseline=var4d/task=sparse_solution/seed=2/sensors=50/mode=time_varying/noise=0_01/scalar=metadata/run=time_varying_var4d_nsnonbounded_s2_6c0f183e3545/run.status.json	
time_varying_var4d_nsnonbounded_s2_58bff3c1b450	time_varying/var4d/nsnonbounded/seed=2/sensors=50/time_varying/noise=0.05	time_varying	sparse_solution	nsnonbounded	var4d	2	50000	0	1000	5	50	time_varying	0.05	metadata	lazy	True	1	1	500	0	0	cuda	baselines/configs/paper.yaml	outputs/baselines_large/runs/task_group=time_varying/pde=nsnonbounded/baseline=var4d/task=sparse_solution/seed=2/sensors=50/mode=time_varying/noise=0_05/scalar=metadata/run=time_varying_var4d_nsnonbounded_s2_58bff3c1b450	outputs/baselines_large/logs/task_group=time_varying/run=time_varying_var4d_nsnonbounded_s2_58bff3c1b450	outputs/baselines_large/runs/task_group=time_varying/pde=nsnonbounded/baseline=var4d/task=sparse_solution/seed=2/sensors=50/mode=time_varying/noise=0_05/scalar=metadata/run=time_varying_var4d_nsnonbounded_s2_58bff3c1b450/run.status.json	
time_varying_var4d_nsnonbounded_s2_b211643c25a6	time_varying/var4d/nsnonbounded/seed=2/sensors=100/time_varying/noise=0.0	time_varying	sparse_solution	nsnonbounded	var4d	2	50000	0	1000	5	100	time_varying	0.0	metadata	lazy	True	1	1	500	0	0	cuda	baselines/configs/paper.yaml	outputs/baselines_large/runs/task_group=time_varying/pde=nsnonbounded/baseline=var4d/task=sparse_solution/seed=2/sensors=100/mode=time_varying/noise=0/scalar=metadata/run=time_varying_var4d_nsnonbounded_s2_b211643c25a6	outputs/baselines_large/logs/task_group=time_varying/run=time_varying_var4d_nsnonbounded_s2_b211643c25a6	outputs/baselines_large/runs/task_group=time_varying/pde=nsnonbounded/baseline=var4d/task=sparse_solution/seed=2/sensors=100/mode=time_varying/noise=0/scalar=metadata/run=time_varying_var4d_nsnonbounded_s2_b211643c25a6/run.status.json	
time_varying_var4d_nsnonbounded_s2_c884acf44656	time_varying/var4d/nsnonbounded/seed=2/sensors=100/time_varying/noise=0.01	time_varying	sparse_solution	nsnonbounded	var4d	2	50000	0	1000	5	100	time_varying	0.01	metadata	lazy	True	1	1	500	0	0	cuda	baselines/configs/paper.yaml	outputs/baselines_large/runs/task_group=time_varying/pde=nsnonbounded/baseline=var4d/task=sparse_solution/seed=2/sensors=100/mode=time_varying/noise=0_01/scalar=metadata/run=time_varying_var4d_nsnonbounded_s2_c884acf44656	outputs/baselines_large/logs/task_group=time_varying/run=time_varying_var4d_nsnonbounded_s2_c884acf44656	outputs/baselines_large/runs/task_group=time_varying/pde=nsnonbounded/baseline=var4d/task=sparse_solution/seed=2/sensors=100/mode=time_varying/noise=0_01/scalar=metadata/run=time_varying_var4d_nsnonbounded_s2_c884acf44656/run.status.json	
time_varying_var4d_nsnonbounded_s2_96d9ce732294	time_varying/var4d/nsnonbounded/seed=2/sensors=100/time_varying/noise=0.05	time_varying	sparse_solution	nsnonbounded	var4d	2	50000	0	1000	5	100	time_varying	0.05	metadata	lazy	True	1	1	500	0	0	cuda	baselines/configs/paper.yaml	outputs/baselines_large/runs/task_group=time_varying/pde=nsnonbounded/baseline=var4d/task=sparse_solution/seed=2/sensors=100/mode=time_varying/noise=0_05/scalar=metadata/run=time_varying_var4d_nsnonbounded_s2_96d9ce732294	outputs/baselines_large/logs/task_group=time_varying/run=time_varying_var4d_nsnonbounded_s2_96d9ce732294	outputs/baselines_large/runs/task_group=time_varying/pde=nsnonbounded/baseline=var4d/task=sparse_solution/seed=2/sensors=100/mode=time_varying/noise=0_05/scalar=metadata/run=time_varying_var4d_nsnonbounded_s2_96d9ce732294/run.status.json	
time_varying_var4d_nsnonbounded_s2_cf65b08ec558	time_varying/var4d/nsnonbounded/seed=2/sensors=250/time_varying/noise=0.0	time_varying	sparse_solution	nsnonbounded	var4d	2	50000	0	1000	5	250	time_varying	0.0	metadata	lazy	True	1	1	500	0	0	cuda	baselines/configs/paper.yaml	outputs/baselines_large/runs/task_group=time_varying/pde=nsnonbounded/baseline=var4d/task=sparse_solution/seed=2/sensors=250/mode=time_varying/noise=0/scalar=metadata/run=time_varying_var4d_nsnonbounded_s2_cf65b08ec558	outputs/baselines_large/logs/task_group=time_varying/run=time_varying_var4d_nsnonbounded_s2_cf65b08ec558	outputs/baselines_large/runs/task_group=time_varying/pde=nsnonbounded/baseline=var4d/task=sparse_solution/seed=2/sensors=250/mode=time_varying/noise=0/scalar=metadata/run=time_varying_var4d_nsnonbounded_s2_cf65b08ec558/run.status.json	
time_varying_var4d_nsnonbounded_s2_4eaa925196d0	time_varying/var4d/nsnonbounded/seed=2/sensors=250/time_varying/noise=0.01	time_varying	sparse_solution	nsnonbounded	var4d	2	50000	0	1000	5	250	time_varying	0.01	metadata	lazy	True	1	1	500	0	0	cuda	baselines/configs/paper.yaml	outputs/baselines_large/runs/task_group=time_varying/pde=nsnonbounded/baseline=var4d/task=sparse_solution/seed=2/sensors=250/mode=time_varying/noise=0_01/scalar=metadata/run=time_varying_var4d_nsnonbounded_s2_4eaa925196d0	outputs/baselines_large/logs/task_group=time_varying/run=time_varying_var4d_nsnonbounded_s2_4eaa925196d0	outputs/baselines_large/runs/task_group=time_varying/pde=nsnonbounded/baseline=var4d/task=sparse_solution/seed=2/sensors=250/mode=time_varying/noise=0_01/scalar=metadata/run=time_varying_var4d_nsnonbounded_s2_4eaa925196d0/run.status.json	
time_varying_var4d_nsnonbounded_s2_5c4e7e064924	time_varying/var4d/nsnonbounded/seed=2/sensors=250/time_varying/noise=0.05	time_varying	sparse_solution	nsnonbounded	var4d	2	50000	0	1000	5	250	time_varying	0.05	metadata	lazy	True	1	1	500	0	0	cuda	baselines/configs/paper.yaml	outputs/baselines_large/runs/task_group=time_varying/pde=nsnonbounded/baseline=var4d/task=sparse_solution/seed=2/sensors=250/mode=time_varying/noise=0_05/scalar=metadata/run=time_varying_var4d_nsnonbounded_s2_5c4e7e064924	outputs/baselines_large/logs/task_group=time_varying/run=time_varying_var4d_nsnonbounded_s2_5c4e7e064924	outputs/baselines_large/runs/task_group=time_varying/pde=nsnonbounded/baseline=var4d/task=sparse_solution/seed=2/sensors=250/mode=time_varying/noise=0_05/scalar=metadata/run=time_varying_var4d_nsnonbounded_s2_5c4e7e064924/run.status.json	
time_varying_var4d_nsnonbounded_s2_890c6f673f6a	time_varying/var4d/nsnonbounded/seed=2/sensors=500/time_varying/noise=0.0	time_varying	sparse_solution	nsnonbounded	var4d	2	50000	0	1000	5	500	time_varying	0.0	metadata	lazy	True	1	1	500	0	0	cuda	baselines/configs/paper.yaml	outputs/baselines_large/runs/task_group=time_varying/pde=nsnonbounded/baseline=var4d/task=sparse_solution/seed=2/sensors=500/mode=time_varying/noise=0/scalar=metadata/run=time_varying_var4d_nsnonbounded_s2_890c6f673f6a	outputs/baselines_large/logs/task_group=time_varying/run=time_varying_var4d_nsnonbounded_s2_890c6f673f6a	outputs/baselines_large/runs/task_group=time_varying/pde=nsnonbounded/baseline=var4d/task=sparse_solution/seed=2/sensors=500/mode=time_varying/noise=0/scalar=metadata/run=time_varying_var4d_nsnonbounded_s2_890c6f673f6a/run.status.json	
time_varying_var4d_nsnonbounded_s2_4ad76c377389	time_varying/var4d/nsnonbounded/seed=2/sensors=500/time_varying/noise=0.01	time_varying	sparse_solution	nsnonbounded	var4d	2	50000	0	1000	5	500	time_varying	0.01	metadata	lazy	True	1	1	500	0	0	cuda	baselines/configs/paper.yaml	outputs/baselines_large/runs/task_group=time_varying/pde=nsnonbounded/baseline=var4d/task=sparse_solution/seed=2/sensors=500/mode=time_varying/noise=0_01/scalar=metadata/run=time_varying_var4d_nsnonbounded_s2_4ad76c377389	outputs/baselines_large/logs/task_group=time_varying/run=time_varying_var4d_nsnonbounded_s2_4ad76c377389	outputs/baselines_large/runs/task_group=time_varying/pde=nsnonbounded/baseline=var4d/task=sparse_solution/seed=2/sensors=500/mode=time_varying/noise=0_01/scalar=metadata/run=time_varying_var4d_nsnonbounded_s2_4ad76c377389/run.status.json	
time_varying_var4d_nsnonbounded_s2_16c5f95df186	time_varying/var4d/nsnonbounded/seed=2/sensors=500/time_varying/noise=0.05	time_varying	sparse_solution	nsnonbounded	var4d	2	50000	0	1000	5	500	time_varying	0.05	metadata	lazy	True	1	1	500	0	0	cuda	baselines/configs/paper.yaml	outputs/baselines_large/runs/task_group=time_varying/pde=nsnonbounded/baseline=var4d/task=sparse_solution/seed=2/sensors=500/mode=time_varying/noise=0_05/scalar=metadata/run=time_varying_var4d_nsnonbounded_s2_16c5f95df186	outputs/baselines_large/logs/task_group=time_varying/run=time_varying_var4d_nsnonbounded_s2_16c5f95df186	outputs/baselines_large/runs/task_group=time_varying/pde=nsnonbounded/baseline=var4d/task=sparse_solution/seed=2/sensors=500/mode=time_varying/noise=0_05/scalar=metadata/run=time_varying_var4d_nsnonbounded_s2_16c5f95df186/run.status.json	
time_varying_var4d_nsnonbounded_s3_88fef2f78a76	time_varying/var4d/nsnonbounded/seed=3/sensors=50/time_varying/noise=0.0	time_varying	sparse_solution	nsnonbounded	var4d	3	50000	0	1000	5	50	time_varying	0.0	metadata	lazy	True	1	1	500	0	0	cuda	baselines/configs/paper.yaml	outputs/baselines_large/runs/task_group=time_varying/pde=nsnonbounded/baseline=var4d/task=sparse_solution/seed=3/sensors=50/mode=time_varying/noise=0/scalar=metadata/run=time_varying_var4d_nsnonbounded_s3_88fef2f78a76	outputs/baselines_large/logs/task_group=time_varying/run=time_varying_var4d_nsnonbounded_s3_88fef2f78a76	outputs/baselines_large/runs/task_group=time_varying/pde=nsnonbounded/baseline=var4d/task=sparse_solution/seed=3/sensors=50/mode=time_varying/noise=0/scalar=metadata/run=time_varying_var4d_nsnonbounded_s3_88fef2f78a76/run.status.json	
time_varying_var4d_nsnonbounded_s3_af305573b90c	time_varying/var4d/nsnonbounded/seed=3/sensors=50/time_varying/noise=0.01	time_varying	sparse_solution	nsnonbounded	var4d	3	50000	0	1000	5	50	time_varying	0.01	metadata	lazy	True	1	1	500	0	0	cuda	baselines/configs/paper.yaml	outputs/baselines_large/runs/task_group=time_varying/pde=nsnonbounded/baseline=var4d/task=sparse_solution/seed=3/sensors=50/mode=time_varying/noise=0_01/scalar=metadata/run=time_varying_var4d_nsnonbounded_s3_af305573b90c	outputs/baselines_large/logs/task_group=time_varying/run=time_varying_var4d_nsnonbounded_s3_af305573b90c	outputs/baselines_large/runs/task_group=time_varying/pde=nsnonbounded/baseline=var4d/task=sparse_solution/seed=3/sensors=50/mode=time_varying/noise=0_01/scalar=metadata/run=time_varying_var4d_nsnonbounded_s3_af305573b90c/run.status.json	
time_varying_var4d_nsnonbounded_s3_d87b5c1000ff	time_varying/var4d/nsnonbounded/seed=3/sensors=50/time_varying/noise=0.05	time_varying	sparse_solution	nsnonbounded	var4d	3	50000	0	1000	5	50	time_varying	0.05	metadata	lazy	True	1	1	500	0	0	cuda	baselines/configs/paper.yaml	outputs/baselines_large/runs/task_group=time_varying/pde=nsnonbounded/baseline=var4d/task=sparse_solution/seed=3/sensors=50/mode=time_varying/noise=0_05/scalar=metadata/run=time_varying_var4d_nsnonbounded_s3_d87b5c1000ff	outputs/baselines_large/logs/task_group=time_varying/run=time_varying_var4d_nsnonbounded_s3_d87b5c1000ff	outputs/baselines_large/runs/task_group=time_varying/pde=nsnonbounded/baseline=var4d/task=sparse_solution/seed=3/sensors=50/mode=time_varying/noise=0_05/scalar=metadata/run=time_varying_var4d_nsnonbounded_s3_d87b5c1000ff/run.status.json	
time_varying_var4d_nsnonbounded_s3_b2a974f604a6	time_varying/var4d/nsnonbounded/seed=3/sensors=100/time_varying/noise=0.0	time_varying	sparse_solution	nsnonbounded	var4d	3	50000	0	1000	5	100	time_varying	0.0	metadata	lazy	True	1	1	500	0	0	cuda	baselines/configs/paper.yaml	outputs/baselines_large/runs/task_group=time_varying/pde=nsnonbounded/baseline=var4d/task=sparse_solution/seed=3/sensors=100/mode=time_varying/noise=0/scalar=metadata/run=time_varying_var4d_nsnonbounded_s3_b2a974f604a6	outputs/baselines_large/logs/task_group=time_varying/run=time_varying_var4d_nsnonbounded_s3_b2a974f604a6	outputs/baselines_large/runs/task_group=time_varying/pde=nsnonbounded/baseline=var4d/task=sparse_solution/seed=3/sensors=100/mode=time_varying/noise=0/scalar=metadata/run=time_varying_var4d_nsnonbounded_s3_b2a974f604a6/run.status.json	
time_varying_var4d_nsnonbounded_s3_e767b20ea16f	time_varying/var4d/nsnonbounded/seed=3/sensors=100/time_varying/noise=0.01	time_varying	sparse_solution	nsnonbounded	var4d	3	50000	0	1000	5	100	time_varying	0.01	metadata	lazy	True	1	1	500	0	0	cuda	baselines/configs/paper.yaml	outputs/baselines_large/runs/task_group=time_varying/pde=nsnonbounded/baseline=var4d/task=sparse_solution/seed=3/sensors=100/mode=time_varying/noise=0_01/scalar=metadata/run=time_varying_var4d_nsnonbounded_s3_e767b20ea16f	outputs/baselines_large/logs/task_group=time_varying/run=time_varying_var4d_nsnonbounded_s3_e767b20ea16f	outputs/baselines_large/runs/task_group=time_varying/pde=nsnonbounded/baseline=var4d/task=sparse_solution/seed=3/sensors=100/mode=time_varying/noise=0_01/scalar=metadata/run=time_varying_var4d_nsnonbounded_s3_e767b20ea16f/run.status.json	
time_varying_var4d_nsnonbounded_s3_728a446df8c7	time_varying/var4d/nsnonbounded/seed=3/sensors=100/time_varying/noise=0.05	time_varying	sparse_solution	nsnonbounded	var4d	3	50000	0	1000	5	100	time_varying	0.05	metadata	lazy	True	1	1	500	0	0	cuda	baselines/configs/paper.yaml	outputs/baselines_large/runs/task_group=time_varying/pde=nsnonbounded/baseline=var4d/task=sparse_solution/seed=3/sensors=100/mode=time_varying/noise=0_05/scalar=metadata/run=time_varying_var4d_nsnonbounded_s3_728a446df8c7	outputs/baselines_large/logs/task_group=time_varying/run=time_varying_var4d_nsnonbounded_s3_728a446df8c7	outputs/baselines_large/runs/task_group=time_varying/pde=nsnonbounded/baseline=var4d/task=sparse_solution/seed=3/sensors=100/mode=time_varying/noise=0_05/scalar=metadata/run=time_varying_var4d_nsnonbounded_s3_728a446df8c7/run.status.json	
time_varying_var4d_nsnonbounded_s3_e40204dcad6d	time_varying/var4d/nsnonbounded/seed=3/sensors=250/time_varying/noise=0.0	time_varying	sparse_solution	nsnonbounded	var4d	3	50000	0	1000	5	250	time_varying	0.0	metadata	lazy	True	1	1	500	0	0	cuda	baselines/configs/paper.yaml	outputs/baselines_large/runs/task_group=time_varying/pde=nsnonbounded/baseline=var4d/task=sparse_solution/seed=3/sensors=250/mode=time_varying/noise=0/scalar=metadata/run=time_varying_var4d_nsnonbounded_s3_e40204dcad6d	outputs/baselines_large/logs/task_group=time_varying/run=time_varying_var4d_nsnonbounded_s3_e40204dcad6d	outputs/baselines_large/runs/task_group=time_varying/pde=nsnonbounded/baseline=var4d/task=sparse_solution/seed=3/sensors=250/mode=time_varying/noise=0/scalar=metadata/run=time_varying_var4d_nsnonbounded_s3_e40204dcad6d/run.status.json	
time_varying_var4d_nsnonbounded_s3_4a0aed3c3cff	time_varying/var4d/nsnonbounded/seed=3/sensors=250/time_varying/noise=0.01	time_varying	sparse_solution	nsnonbounded	var4d	3	50000	0	1000	5	250	time_varying	0.01	metadata	lazy	True	1	1	500	0	0	cuda	baselines/configs/paper.yaml	outputs/baselines_large/runs/task_group=time_varying/pde=nsnonbounded/baseline=var4d/task=sparse_solution/seed=3/sensors=250/mode=time_varying/noise=0_01/scalar=metadata/run=time_varying_var4d_nsnonbounded_s3_4a0aed3c3cff	outputs/baselines_large/logs/task_group=time_varying/run=time_varying_var4d_nsnonbounded_s3_4a0aed3c3cff	outputs/baselines_large/runs/task_group=time_varying/pde=nsnonbounded/baseline=var4d/task=sparse_solution/seed=3/sensors=250/mode=time_varying/noise=0_01/scalar=metadata/run=time_varying_var4d_nsnonbounded_s3_4a0aed3c3cff/run.status.json	
time_varying_var4d_nsnonbounded_s3_60918cc89aa6	time_varying/var4d/nsnonbounded/seed=3/sensors=250/time_varying/noise=0.05	time_varying	sparse_solution	nsnonbounded	var4d	3	50000	0	1000	5	250	time_varying	0.05	metadata	lazy	True	1	1	500	0	0	cuda	baselines/configs/paper.yaml	outputs/baselines_large/runs/task_group=time_varying/pde=nsnonbounded/baseline=var4d/task=sparse_solution/seed=3/sensors=250/mode=time_varying/noise=0_05/scalar=metadata/run=time_varying_var4d_nsnonbounded_s3_60918cc89aa6	outputs/baselines_large/logs/task_group=time_varying/run=time_varying_var4d_nsnonbounded_s3_60918cc89aa6	outputs/baselines_large/runs/task_group=time_varying/pde=nsnonbounded/baseline=var4d/task=sparse_solution/seed=3/sensors=250/mode=time_varying/noise=0_05/scalar=metadata/run=time_varying_var4d_nsnonbounded_s3_60918cc89aa6/run.status.json	
time_varying_var4d_nsnonbounded_s3_85940923162c	time_varying/var4d/nsnonbounded/seed=3/sensors=500/time_varying/noise=0.0	time_varying	sparse_solution	nsnonbounded	var4d	3	50000	0	1000	5	500	time_varying	0.0	metadata	lazy	True	1	1	500	0	0	cuda	baselines/configs/paper.yaml	outputs/baselines_large/runs/task_group=time_varying/pde=nsnonbounded/baseline=var4d/task=sparse_solution/seed=3/sensors=500/mode=time_varying/noise=0/scalar=metadata/run=time_varying_var4d_nsnonbounded_s3_85940923162c	outputs/baselines_large/logs/task_group=time_varying/run=time_varying_var4d_nsnonbounded_s3_85940923162c	outputs/baselines_large/runs/task_group=time_varying/pde=nsnonbounded/baseline=var4d/task=sparse_solution/seed=3/sensors=500/mode=time_varying/noise=0/scalar=metadata/run=time_varying_var4d_nsnonbounded_s3_85940923162c/run.status.json	
time_varying_var4d_nsnonbounded_s3_425d11decb08	time_varying/var4d/nsnonbounded/seed=3/sensors=500/time_varying/noise=0.01	time_varying	sparse_solution	nsnonbounded	var4d	3	50000	0	1000	5	500	time_varying	0.01	metadata	lazy	True	1	1	500	0	0	cuda	baselines/configs/paper.yaml	outputs/baselines_large/runs/task_group=time_varying/pde=nsnonbounded/baseline=var4d/task=sparse_solution/seed=3/sensors=500/mode=time_varying/noise=0_01/scalar=metadata/run=time_varying_var4d_nsnonbounded_s3_425d11decb08	outputs/baselines_large/logs/task_group=time_varying/run=time_varying_var4d_nsnonbounded_s3_425d11decb08	outputs/baselines_large/runs/task_group=time_varying/pde=nsnonbounded/baseline=var4d/task=sparse_solution/seed=3/sensors=500/mode=time_varying/noise=0_01/scalar=metadata/run=time_varying_var4d_nsnonbounded_s3_425d11decb08/run.status.json	
time_varying_var4d_nsnonbounded_s3_c4e35c9e289f	time_varying/var4d/nsnonbounded/seed=3/sensors=500/time_varying/noise=0.05	time_varying	sparse_solution	nsnonbounded	var4d	3	50000	0	1000	5	500	time_varying	0.05	metadata	lazy	True	1	1	500	0	0	cuda	baselines/configs/paper.yaml	outputs/baselines_large/runs/task_group=time_varying/pde=nsnonbounded/baseline=var4d/task=sparse_solution/seed=3/sensors=500/mode=time_varying/noise=0_05/scalar=metadata/run=time_varying_var4d_nsnonbounded_s3_c4e35c9e289f	outputs/baselines_large/logs/task_group=time_varying/run=time_varying_var4d_nsnonbounded_s3_c4e35c9e289f	outputs/baselines_large/runs/task_group=time_varying/pde=nsnonbounded/baseline=var4d/task=sparse_solution/seed=3/sensors=500/mode=time_varying/noise=0_05/scalar=metadata/run=time_varying_var4d_nsnonbounded_s3_c4e35c9e289f/run.status.json	
time_varying_vivid_nsnonbounded_s1_dd743a3a4a67	time_varying/vivid/nsnonbounded/seed=1/sensors=50/time_varying/noise=0.0	time_varying	sparse_solution	nsnonbounded	vivid	1	50000	0	1000	5	50	time_varying	0.0	metadata	lazy	True	1	1	0	300	0	cuda	baselines/configs/paper.yaml	outputs/baselines_large/runs/task_group=time_varying/pde=nsnonbounded/baseline=vivid/task=sparse_solution/seed=1/sensors=50/mode=time_varying/noise=0/scalar=metadata/run=time_varying_vivid_nsnonbounded_s1_dd743a3a4a67	outputs/baselines_large/logs/task_group=time_varying/run=time_varying_vivid_nsnonbounded_s1_dd743a3a4a67	outputs/baselines_large/runs/task_group=time_varying/pde=nsnonbounded/baseline=vivid/task=sparse_solution/seed=1/sensors=50/mode=time_varying/noise=0/scalar=metadata/run=time_varying_vivid_nsnonbounded_s1_dd743a3a4a67/run.status.json	
time_varying_vivid_nsnonbounded_s1_4b86ad6e3d33	time_varying/vivid/nsnonbounded/seed=1/sensors=50/time_varying/noise=0.01	time_varying	sparse_solution	nsnonbounded	vivid	1	50000	0	1000	5	50	time_varying	0.01	metadata	lazy	True	1	1	0	300	0	cuda	baselines/configs/paper.yaml	outputs/baselines_large/runs/task_group=time_varying/pde=nsnonbounded/baseline=vivid/task=sparse_solution/seed=1/sensors=50/mode=time_varying/noise=0_01/scalar=metadata/run=time_varying_vivid_nsnonbounded_s1_4b86ad6e3d33	outputs/baselines_large/logs/task_group=time_varying/run=time_varying_vivid_nsnonbounded_s1_4b86ad6e3d33	outputs/baselines_large/runs/task_group=time_varying/pde=nsnonbounded/baseline=vivid/task=sparse_solution/seed=1/sensors=50/mode=time_varying/noise=0_01/scalar=metadata/run=time_varying_vivid_nsnonbounded_s1_4b86ad6e3d33/run.status.json	
time_varying_vivid_nsnonbounded_s1_aa15e8f41fe0	time_varying/vivid/nsnonbounded/seed=1/sensors=50/time_varying/noise=0.05	time_varying	sparse_solution	nsnonbounded	vivid	1	50000	0	1000	5	50	time_varying	0.05	metadata	lazy	True	1	1	0	300	0	cuda	baselines/configs/paper.yaml	outputs/baselines_large/runs/task_group=time_varying/pde=nsnonbounded/baseline=vivid/task=sparse_solution/seed=1/sensors=50/mode=time_varying/noise=0_05/scalar=metadata/run=time_varying_vivid_nsnonbounded_s1_aa15e8f41fe0	outputs/baselines_large/logs/task_group=time_varying/run=time_varying_vivid_nsnonbounded_s1_aa15e8f41fe0	outputs/baselines_large/runs/task_group=time_varying/pde=nsnonbounded/baseline=vivid/task=sparse_solution/seed=1/sensors=50/mode=time_varying/noise=0_05/scalar=metadata/run=time_varying_vivid_nsnonbounded_s1_aa15e8f41fe0/run.status.json	
time_varying_vivid_nsnonbounded_s1_11a76d673a71	time_varying/vivid/nsnonbounded/seed=1/sensors=100/time_varying/noise=0.0	time_varying	sparse_solution	nsnonbounded	vivid	1	50000	0	1000	5	100	time_varying	0.0	metadata	lazy	True	1	1	0	300	0	cuda	baselines/configs/paper.yaml	outputs/baselines_large/runs/task_group=time_varying/pde=nsnonbounded/baseline=vivid/task=sparse_solution/seed=1/sensors=100/mode=time_varying/noise=0/scalar=metadata/run=time_varying_vivid_nsnonbounded_s1_11a76d673a71	outputs/baselines_large/logs/task_group=time_varying/run=time_varying_vivid_nsnonbounded_s1_11a76d673a71	outputs/baselines_large/runs/task_group=time_varying/pde=nsnonbounded/baseline=vivid/task=sparse_solution/seed=1/sensors=100/mode=time_varying/noise=0/scalar=metadata/run=time_varying_vivid_nsnonbounded_s1_11a76d673a71/run.status.json	
time_varying_vivid_nsnonbounded_s1_9a89d54cac57	time_varying/vivid/nsnonbounded/seed=1/sensors=100/time_varying/noise=0.01	time_varying	sparse_solution	nsnonbounded	vivid	1	50000	0	1000	5	100	time_varying	0.01	metadata	lazy	True	1	1	0	300	0	cuda	baselines/configs/paper.yaml	outputs/baselines_large/runs/task_group=time_varying/pde=nsnonbounded/baseline=vivid/task=sparse_solution/seed=1/sensors=100/mode=time_varying/noise=0_01/scalar=metadata/run=time_varying_vivid_nsnonbounded_s1_9a89d54cac57	outputs/baselines_large/logs/task_group=time_varying/run=time_varying_vivid_nsnonbounded_s1_9a89d54cac57	outputs/baselines_large/runs/task_group=time_varying/pde=nsnonbounded/baseline=vivid/task=sparse_solution/seed=1/sensors=100/mode=time_varying/noise=0_01/scalar=metadata/run=time_varying_vivid_nsnonbounded_s1_9a89d54cac57/run.status.json	
time_varying_vivid_nsnonbounded_s1_b1b6356d58c8	time_varying/vivid/nsnonbounded/seed=1/sensors=100/time_varying/noise=0.05	time_varying	sparse_solution	nsnonbounded	vivid	1	50000	0	1000	5	100	time_varying	0.05	metadata	lazy	True	1	1	0	300	0	cuda	baselines/configs/paper.yaml	outputs/baselines_large/runs/task_group=time_varying/pde=nsnonbounded/baseline=vivid/task=sparse_solution/seed=1/sensors=100/mode=time_varying/noise=0_05/scalar=metadata/run=time_varying_vivid_nsnonbounded_s1_b1b6356d58c8	outputs/baselines_large/logs/task_group=time_varying/run=time_varying_vivid_nsnonbounded_s1_b1b6356d58c8	outputs/baselines_large/runs/task_group=time_varying/pde=nsnonbounded/baseline=vivid/task=sparse_solution/seed=1/sensors=100/mode=time_varying/noise=0_05/scalar=metadata/run=time_varying_vivid_nsnonbounded_s1_b1b6356d58c8/run.status.json	
time_varying_vivid_nsnonbounded_s1_a16dec6a823b	time_varying/vivid/nsnonbounded/seed=1/sensors=250/time_varying/noise=0.0	time_varying	sparse_solution	nsnonbounded	vivid	1	50000	0	1000	5	250	time_varying	0.0	metadata	lazy	True	1	1	0	300	0	cuda	baselines/configs/paper.yaml	outputs/baselines_large/runs/task_group=time_varying/pde=nsnonbounded/baseline=vivid/task=sparse_solution/seed=1/sensors=250/mode=time_varying/noise=0/scalar=metadata/run=time_varying_vivid_nsnonbounded_s1_a16dec6a823b	outputs/baselines_large/logs/task_group=time_varying/run=time_varying_vivid_nsnonbounded_s1_a16dec6a823b	outputs/baselines_large/runs/task_group=time_varying/pde=nsnonbounded/baseline=vivid/task=sparse_solution/seed=1/sensors=250/mode=time_varying/noise=0/scalar=metadata/run=time_varying_vivid_nsnonbounded_s1_a16dec6a823b/run.status.json	
time_varying_vivid_nsnonbounded_s1_4fd45e47c9c4	time_varying/vivid/nsnonbounded/seed=1/sensors=250/time_varying/noise=0.01	time_varying	sparse_solution	nsnonbounded	vivid	1	50000	0	1000	5	250	time_varying	0.01	metadata	lazy	True	1	1	0	300	0	cuda	baselines/configs/paper.yaml	outputs/baselines_large/runs/task_group=time_varying/pde=nsnonbounded/baseline=vivid/task=sparse_solution/seed=1/sensors=250/mode=time_varying/noise=0_01/scalar=metadata/run=time_varying_vivid_nsnonbounded_s1_4fd45e47c9c4	outputs/baselines_large/logs/task_group=time_varying/run=time_varying_vivid_nsnonbounded_s1_4fd45e47c9c4	outputs/baselines_large/runs/task_group=time_varying/pde=nsnonbounded/baseline=vivid/task=sparse_solution/seed=1/sensors=250/mode=time_varying/noise=0_01/scalar=metadata/run=time_varying_vivid_nsnonbounded_s1_4fd45e47c9c4/run.status.json	
time_varying_vivid_nsnonbounded_s1_7722a3e1068a	time_varying/vivid/nsnonbounded/seed=1/sensors=250/time_varying/noise=0.05	time_varying	sparse_solution	nsnonbounded	vivid	1	50000	0	1000	5	250	time_varying	0.05	metadata	lazy	True	1	1	0	300	0	cuda	baselines/configs/paper.yaml	outputs/baselines_large/runs/task_group=time_varying/pde=nsnonbounded/baseline=vivid/task=sparse_solution/seed=1/sensors=250/mode=time_varying/noise=0_05/scalar=metadata/run=time_varying_vivid_nsnonbounded_s1_7722a3e1068a	outputs/baselines_large/logs/task_group=time_varying/run=time_varying_vivid_nsnonbounded_s1_7722a3e1068a	outputs/baselines_large/runs/task_group=time_varying/pde=nsnonbounded/baseline=vivid/task=sparse_solution/seed=1/sensors=250/mode=time_varying/noise=0_05/scalar=metadata/run=time_varying_vivid_nsnonbounded_s1_7722a3e1068a/run.status.json	
time_varying_vivid_nsnonbounded_s1_329bac9c2fa8	time_varying/vivid/nsnonbounded/seed=1/sensors=500/time_varying/noise=0.0	time_varying	sparse_solution	nsnonbounded	vivid	1	50000	0	1000	5	500	time_varying	0.0	metadata	lazy	True	1	1	0	300	0	cuda	baselines/configs/paper.yaml	outputs/baselines_large/runs/task_group=time_varying/pde=nsnonbounded/baseline=vivid/task=sparse_solution/seed=1/sensors=500/mode=time_varying/noise=0/scalar=metadata/run=time_varying_vivid_nsnonbounded_s1_329bac9c2fa8	outputs/baselines_large/logs/task_group=time_varying/run=time_varying_vivid_nsnonbounded_s1_329bac9c2fa8	outputs/baselines_large/runs/task_group=time_varying/pde=nsnonbounded/baseline=vivid/task=sparse_solution/seed=1/sensors=500/mode=time_varying/noise=0/scalar=metadata/run=time_varying_vivid_nsnonbounded_s1_329bac9c2fa8/run.status.json	
time_varying_vivid_nsnonbounded_s1_c3a8c86a1cfa	time_varying/vivid/nsnonbounded/seed=1/sensors=500/time_varying/noise=0.01	time_varying	sparse_solution	nsnonbounded	vivid	1	50000	0	1000	5	500	time_varying	0.01	metadata	lazy	True	1	1	0	300	0	cuda	baselines/configs/paper.yaml	outputs/baselines_large/runs/task_group=time_varying/pde=nsnonbounded/baseline=vivid/task=sparse_solution/seed=1/sensors=500/mode=time_varying/noise=0_01/scalar=metadata/run=time_varying_vivid_nsnonbounded_s1_c3a8c86a1cfa	outputs/baselines_large/logs/task_group=time_varying/run=time_varying_vivid_nsnonbounded_s1_c3a8c86a1cfa	outputs/baselines_large/runs/task_group=time_varying/pde=nsnonbounded/baseline=vivid/task=sparse_solution/seed=1/sensors=500/mode=time_varying/noise=0_01/scalar=metadata/run=time_varying_vivid_nsnonbounded_s1_c3a8c86a1cfa/run.status.json	
time_varying_vivid_nsnonbounded_s1_f4150a2f7fb6	time_varying/vivid/nsnonbounded/seed=1/sensors=500/time_varying/noise=0.05	time_varying	sparse_solution	nsnonbounded	vivid	1	50000	0	1000	5	500	time_varying	0.05	metadata	lazy	True	1	1	0	300	0	cuda	baselines/configs/paper.yaml	outputs/baselines_large/runs/task_group=time_varying/pde=nsnonbounded/baseline=vivid/task=sparse_solution/seed=1/sensors=500/mode=time_varying/noise=0_05/scalar=metadata/run=time_varying_vivid_nsnonbounded_s1_f4150a2f7fb6	outputs/baselines_large/logs/task_group=time_varying/run=time_varying_vivid_nsnonbounded_s1_f4150a2f7fb6	outputs/baselines_large/runs/task_group=time_varying/pde=nsnonbounded/baseline=vivid/task=sparse_solution/seed=1/sensors=500/mode=time_varying/noise=0_05/scalar=metadata/run=time_varying_vivid_nsnonbounded_s1_f4150a2f7fb6/run.status.json	
time_varying_vivid_nsnonbounded_s2_54464016c5ee	time_varying/vivid/nsnonbounded/seed=2/sensors=50/time_varying/noise=0.0	time_varying	sparse_solution	nsnonbounded	vivid	2	50000	0	1000	5	50	time_varying	0.0	metadata	lazy	True	1	1	0	300	0	cuda	baselines/configs/paper.yaml	outputs/baselines_large/runs/task_group=time_varying/pde=nsnonbounded/baseline=vivid/task=sparse_solution/seed=2/sensors=50/mode=time_varying/noise=0/scalar=metadata/run=time_varying_vivid_nsnonbounded_s2_54464016c5ee	outputs/baselines_large/logs/task_group=time_varying/run=time_varying_vivid_nsnonbounded_s2_54464016c5ee	outputs/baselines_large/runs/task_group=time_varying/pde=nsnonbounded/baseline=vivid/task=sparse_solution/seed=2/sensors=50/mode=time_varying/noise=0/scalar=metadata/run=time_varying_vivid_nsnonbounded_s2_54464016c5ee/run.status.json	
time_varying_vivid_nsnonbounded_s2_7542403ee0e4	time_varying/vivid/nsnonbounded/seed=2/sensors=50/time_varying/noise=0.01	time_varying	sparse_solution	nsnonbounded	vivid	2	50000	0	1000	5	50	time_varying	0.01	metadata	lazy	True	1	1	0	300	0	cuda	baselines/configs/paper.yaml	outputs/baselines_large/runs/task_group=time_varying/pde=nsnonbounded/baseline=vivid/task=sparse_solution/seed=2/sensors=50/mode=time_varying/noise=0_01/scalar=metadata/run=time_varying_vivid_nsnonbounded_s2_7542403ee0e4	outputs/baselines_large/logs/task_group=time_varying/run=time_varying_vivid_nsnonbounded_s2_7542403ee0e4	outputs/baselines_large/runs/task_group=time_varying/pde=nsnonbounded/baseline=vivid/task=sparse_solution/seed=2/sensors=50/mode=time_varying/noise=0_01/scalar=metadata/run=time_varying_vivid_nsnonbounded_s2_7542403ee0e4/run.status.json	
time_varying_vivid_nsnonbounded_s2_b034d7274414	time_varying/vivid/nsnonbounded/seed=2/sensors=50/time_varying/noise=0.05	time_varying	sparse_solution	nsnonbounded	vivid	2	50000	0	1000	5	50	time_varying	0.05	metadata	lazy	True	1	1	0	300	0	cuda	baselines/configs/paper.yaml	outputs/baselines_large/runs/task_group=time_varying/pde=nsnonbounded/baseline=vivid/task=sparse_solution/seed=2/sensors=50/mode=time_varying/noise=0_05/scalar=metadata/run=time_varying_vivid_nsnonbounded_s2_b034d7274414	outputs/baselines_large/logs/task_group=time_varying/run=time_varying_vivid_nsnonbounded_s2_b034d7274414	outputs/baselines_large/runs/task_group=time_varying/pde=nsnonbounded/baseline=vivid/task=sparse_solution/seed=2/sensors=50/mode=time_varying/noise=0_05/scalar=metadata/run=time_varying_vivid_nsnonbounded_s2_b034d7274414/run.status.json	
time_varying_vivid_nsnonbounded_s2_9a9e9770b7f2	time_varying/vivid/nsnonbounded/seed=2/sensors=100/time_varying/noise=0.0	time_varying	sparse_solution	nsnonbounded	vivid	2	50000	0	1000	5	100	time_varying	0.0	metadata	lazy	True	1	1	0	300	0	cuda	baselines/configs/paper.yaml	outputs/baselines_large/runs/task_group=time_varying/pde=nsnonbounded/baseline=vivid/task=sparse_solution/seed=2/sensors=100/mode=time_varying/noise=0/scalar=metadata/run=time_varying_vivid_nsnonbounded_s2_9a9e9770b7f2	outputs/baselines_large/logs/task_group=time_varying/run=time_varying_vivid_nsnonbounded_s2_9a9e9770b7f2	outputs/baselines_large/runs/task_group=time_varying/pde=nsnonbounded/baseline=vivid/task=sparse_solution/seed=2/sensors=100/mode=time_varying/noise=0/scalar=metadata/run=time_varying_vivid_nsnonbounded_s2_9a9e9770b7f2/run.status.json	
time_varying_vivid_nsnonbounded_s2_719df84c7e65	time_varying/vivid/nsnonbounded/seed=2/sensors=100/time_varying/noise=0.01	time_varying	sparse_solution	nsnonbounded	vivid	2	50000	0	1000	5	100	time_varying	0.01	metadata	lazy	True	1	1	0	300	0	cuda	baselines/configs/paper.yaml	outputs/baselines_large/runs/task_group=time_varying/pde=nsnonbounded/baseline=vivid/task=sparse_solution/seed=2/sensors=100/mode=time_varying/noise=0_01/scalar=metadata/run=time_varying_vivid_nsnonbounded_s2_719df84c7e65	outputs/baselines_large/logs/task_group=time_varying/run=time_varying_vivid_nsnonbounded_s2_719df84c7e65	outputs/baselines_large/runs/task_group=time_varying/pde=nsnonbounded/baseline=vivid/task=sparse_solution/seed=2/sensors=100/mode=time_varying/noise=0_01/scalar=metadata/run=time_varying_vivid_nsnonbounded_s2_719df84c7e65/run.status.json	
time_varying_vivid_nsnonbounded_s2_0978a66c369a	time_varying/vivid/nsnonbounded/seed=2/sensors=100/time_varying/noise=0.05	time_varying	sparse_solution	nsnonbounded	vivid	2	50000	0	1000	5	100	time_varying	0.05	metadata	lazy	True	1	1	0	300	0	cuda	baselines/configs/paper.yaml	outputs/baselines_large/runs/task_group=time_varying/pde=nsnonbounded/baseline=vivid/task=sparse_solution/seed=2/sensors=100/mode=time_varying/noise=0_05/scalar=metadata/run=time_varying_vivid_nsnonbounded_s2_0978a66c369a	outputs/baselines_large/logs/task_group=time_varying/run=time_varying_vivid_nsnonbounded_s2_0978a66c369a	outputs/baselines_large/runs/task_group=time_varying/pde=nsnonbounded/baseline=vivid/task=sparse_solution/seed=2/sensors=100/mode=time_varying/noise=0_05/scalar=metadata/run=time_varying_vivid_nsnonbounded_s2_0978a66c369a/run.status.json	
time_varying_vivid_nsnonbounded_s2_d01f44dce6a5	time_varying/vivid/nsnonbounded/seed=2/sensors=250/time_varying/noise=0.0	time_varying	sparse_solution	nsnonbounded	vivid	2	50000	0	1000	5	250	time_varying	0.0	metadata	lazy	True	1	1	0	300	0	cuda	baselines/configs/paper.yaml	outputs/baselines_large/runs/task_group=time_varying/pde=nsnonbounded/baseline=vivid/task=sparse_solution/seed=2/sensors=250/mode=time_varying/noise=0/scalar=metadata/run=time_varying_vivid_nsnonbounded_s2_d01f44dce6a5	outputs/baselines_large/logs/task_group=time_varying/run=time_varying_vivid_nsnonbounded_s2_d01f44dce6a5	outputs/baselines_large/runs/task_group=time_varying/pde=nsnonbounded/baseline=vivid/task=sparse_solution/seed=2/sensors=250/mode=time_varying/noise=0/scalar=metadata/run=time_varying_vivid_nsnonbounded_s2_d01f44dce6a5/run.status.json	
time_varying_vivid_nsnonbounded_s2_7e87c58f3b2a	time_varying/vivid/nsnonbounded/seed=2/sensors=250/time_varying/noise=0.01	time_varying	sparse_solution	nsnonbounded	vivid	2	50000	0	1000	5	250	time_varying	0.01	metadata	lazy	True	1	1	0	300	0	cuda	baselines/configs/paper.yaml	outputs/baselines_large/runs/task_group=time_varying/pde=nsnonbounded/baseline=vivid/task=sparse_solution/seed=2/sensors=250/mode=time_varying/noise=0_01/scalar=metadata/run=time_varying_vivid_nsnonbounded_s2_7e87c58f3b2a	outputs/baselines_large/logs/task_group=time_varying/run=time_varying_vivid_nsnonbounded_s2_7e87c58f3b2a	outputs/baselines_large/runs/task_group=time_varying/pde=nsnonbounded/baseline=vivid/task=sparse_solution/seed=2/sensors=250/mode=time_varying/noise=0_01/scalar=metadata/run=time_varying_vivid_nsnonbounded_s2_7e87c58f3b2a/run.status.json	
time_varying_vivid_nsnonbounded_s2_283e6b13d9f6	time_varying/vivid/nsnonbounded/seed=2/sensors=250/time_varying/noise=0.05	time_varying	sparse_solution	nsnonbounded	vivid	2	50000	0	1000	5	250	time_varying	0.05	metadata	lazy	True	1	1	0	300	0	cuda	baselines/configs/paper.yaml	outputs/baselines_large/runs/task_group=time_varying/pde=nsnonbounded/baseline=vivid/task=sparse_solution/seed=2/sensors=250/mode=time_varying/noise=0_05/scalar=metadata/run=time_varying_vivid_nsnonbounded_s2_283e6b13d9f6	outputs/baselines_large/logs/task_group=time_varying/run=time_varying_vivid_nsnonbounded_s2_283e6b13d9f6	outputs/baselines_large/runs/task_group=time_varying/pde=nsnonbounded/baseline=vivid/task=sparse_solution/seed=2/sensors=250/mode=time_varying/noise=0_05/scalar=metadata/run=time_varying_vivid_nsnonbounded_s2_283e6b13d9f6/run.status.json	
time_varying_vivid_nsnonbounded_s2_eada7dc216d5	time_varying/vivid/nsnonbounded/seed=2/sensors=500/time_varying/noise=0.0	time_varying	sparse_solution	nsnonbounded	vivid	2	50000	0	1000	5	500	time_varying	0.0	metadata	lazy	True	1	1	0	300	0	cuda	baselines/configs/paper.yaml	outputs/baselines_large/runs/task_group=time_varying/pde=nsnonbounded/baseline=vivid/task=sparse_solution/seed=2/sensors=500/mode=time_varying/noise=0/scalar=metadata/run=time_varying_vivid_nsnonbounded_s2_eada7dc216d5	outputs/baselines_large/logs/task_group=time_varying/run=time_varying_vivid_nsnonbounded_s2_eada7dc216d5	outputs/baselines_large/runs/task_group=time_varying/pde=nsnonbounded/baseline=vivid/task=sparse_solution/seed=2/sensors=500/mode=time_varying/noise=0/scalar=metadata/run=time_varying_vivid_nsnonbounded_s2_eada7dc216d5/run.status.json	
time_varying_vivid_nsnonbounded_s2_c9e09f810b57	time_varying/vivid/nsnonbounded/seed=2/sensors=500/time_varying/noise=0.01	time_varying	sparse_solution	nsnonbounded	vivid	2	50000	0	1000	5	500	time_varying	0.01	metadata	lazy	True	1	1	0	300	0	cuda	baselines/configs/paper.yaml	outputs/baselines_large/runs/task_group=time_varying/pde=nsnonbounded/baseline=vivid/task=sparse_solution/seed=2/sensors=500/mode=time_varying/noise=0_01/scalar=metadata/run=time_varying_vivid_nsnonbounded_s2_c9e09f810b57	outputs/baselines_large/logs/task_group=time_varying/run=time_varying_vivid_nsnonbounded_s2_c9e09f810b57	outputs/baselines_large/runs/task_group=time_varying/pde=nsnonbounded/baseline=vivid/task=sparse_solution/seed=2/sensors=500/mode=time_varying/noise=0_01/scalar=metadata/run=time_varying_vivid_nsnonbounded_s2_c9e09f810b57/run.status.json	
time_varying_vivid_nsnonbounded_s2_7f1c4e5ba15b	time_varying/vivid/nsnonbounded/seed=2/sensors=500/time_varying/noise=0.05	time_varying	sparse_solution	nsnonbounded	vivid	2	50000	0	1000	5	500	time_varying	0.05	metadata	lazy	True	1	1	0	300	0	cuda	baselines/configs/paper.yaml	outputs/baselines_large/runs/task_group=time_varying/pde=nsnonbounded/baseline=vivid/task=sparse_solution/seed=2/sensors=500/mode=time_varying/noise=0_05/scalar=metadata/run=time_varying_vivid_nsnonbounded_s2_7f1c4e5ba15b	outputs/baselines_large/logs/task_group=time_varying/run=time_varying_vivid_nsnonbounded_s2_7f1c4e5ba15b	outputs/baselines_large/runs/task_group=time_varying/pde=nsnonbounded/baseline=vivid/task=sparse_solution/seed=2/sensors=500/mode=time_varying/noise=0_05/scalar=metadata/run=time_varying_vivid_nsnonbounded_s2_7f1c4e5ba15b/run.status.json	
time_varying_vivid_nsnonbounded_s3_f7b1b90c3706	time_varying/vivid/nsnonbounded/seed=3/sensors=50/time_varying/noise=0.0	time_varying	sparse_solution	nsnonbounded	vivid	3	50000	0	1000	5	50	time_varying	0.0	metadata	lazy	True	1	1	0	300	0	cuda	baselines/configs/paper.yaml	outputs/baselines_large/runs/task_group=time_varying/pde=nsnonbounded/baseline=vivid/task=sparse_solution/seed=3/sensors=50/mode=time_varying/noise=0/scalar=metadata/run=time_varying_vivid_nsnonbounded_s3_f7b1b90c3706	outputs/baselines_large/logs/task_group=time_varying/run=time_varying_vivid_nsnonbounded_s3_f7b1b90c3706	outputs/baselines_large/runs/task_group=time_varying/pde=nsnonbounded/baseline=vivid/task=sparse_solution/seed=3/sensors=50/mode=time_varying/noise=0/scalar=metadata/run=time_varying_vivid_nsnonbounded_s3_f7b1b90c3706/run.status.json	
time_varying_vivid_nsnonbounded_s3_9275fae9e2ce	time_varying/vivid/nsnonbounded/seed=3/sensors=50/time_varying/noise=0.01	time_varying	sparse_solution	nsnonbounded	vivid	3	50000	0	1000	5	50	time_varying	0.01	metadata	lazy	True	1	1	0	300	0	cuda	baselines/configs/paper.yaml	outputs/baselines_large/runs/task_group=time_varying/pde=nsnonbounded/baseline=vivid/task=sparse_solution/seed=3/sensors=50/mode=time_varying/noise=0_01/scalar=metadata/run=time_varying_vivid_nsnonbounded_s3_9275fae9e2ce	outputs/baselines_large/logs/task_group=time_varying/run=time_varying_vivid_nsnonbounded_s3_9275fae9e2ce	outputs/baselines_large/runs/task_group=time_varying/pde=nsnonbounded/baseline=vivid/task=sparse_solution/seed=3/sensors=50/mode=time_varying/noise=0_01/scalar=metadata/run=time_varying_vivid_nsnonbounded_s3_9275fae9e2ce/run.status.json	
time_varying_vivid_nsnonbounded_s3_4dc90318d690	time_varying/vivid/nsnonbounded/seed=3/sensors=50/time_varying/noise=0.05	time_varying	sparse_solution	nsnonbounded	vivid	3	50000	0	1000	5	50	time_varying	0.05	metadata	lazy	True	1	1	0	300	0	cuda	baselines/configs/paper.yaml	outputs/baselines_large/runs/task_group=time_varying/pde=nsnonbounded/baseline=vivid/task=sparse_solution/seed=3/sensors=50/mode=time_varying/noise=0_05/scalar=metadata/run=time_varying_vivid_nsnonbounded_s3_4dc90318d690	outputs/baselines_large/logs/task_group=time_varying/run=time_varying_vivid_nsnonbounded_s3_4dc90318d690	outputs/baselines_large/runs/task_group=time_varying/pde=nsnonbounded/baseline=vivid/task=sparse_solution/seed=3/sensors=50/mode=time_varying/noise=0_05/scalar=metadata/run=time_varying_vivid_nsnonbounded_s3_4dc90318d690/run.status.json	
time_varying_vivid_nsnonbounded_s3_eb64033cdb46	time_varying/vivid/nsnonbounded/seed=3/sensors=100/time_varying/noise=0.0	time_varying	sparse_solution	nsnonbounded	vivid	3	50000	0	1000	5	100	time_varying	0.0	metadata	lazy	True	1	1	0	300	0	cuda	baselines/configs/paper.yaml	outputs/baselines_large/runs/task_group=time_varying/pde=nsnonbounded/baseline=vivid/task=sparse_solution/seed=3/sensors=100/mode=time_varying/noise=0/scalar=metadata/run=time_varying_vivid_nsnonbounded_s3_eb64033cdb46	outputs/baselines_large/logs/task_group=time_varying/run=time_varying_vivid_nsnonbounded_s3_eb64033cdb46	outputs/baselines_large/runs/task_group=time_varying/pde=nsnonbounded/baseline=vivid/task=sparse_solution/seed=3/sensors=100/mode=time_varying/noise=0/scalar=metadata/run=time_varying_vivid_nsnonbounded_s3_eb64033cdb46/run.status.json	
time_varying_vivid_nsnonbounded_s3_9562679defdc	time_varying/vivid/nsnonbounded/seed=3/sensors=100/time_varying/noise=0.01	time_varying	sparse_solution	nsnonbounded	vivid	3	50000	0	1000	5	100	time_varying	0.01	metadata	lazy	True	1	1	0	300	0	cuda	baselines/configs/paper.yaml	outputs/baselines_large/runs/task_group=time_varying/pde=nsnonbounded/baseline=vivid/task=sparse_solution/seed=3/sensors=100/mode=time_varying/noise=0_01/scalar=metadata/run=time_varying_vivid_nsnonbounded_s3_9562679defdc	outputs/baselines_large/logs/task_group=time_varying/run=time_varying_vivid_nsnonbounded_s3_9562679defdc	outputs/baselines_large/runs/task_group=time_varying/pde=nsnonbounded/baseline=vivid/task=sparse_solution/seed=3/sensors=100/mode=time_varying/noise=0_01/scalar=metadata/run=time_varying_vivid_nsnonbounded_s3_9562679defdc/run.status.json	
time_varying_vivid_nsnonbounded_s3_5e5080dd1ebd	time_varying/vivid/nsnonbounded/seed=3/sensors=100/time_varying/noise=0.05	time_varying	sparse_solution	nsnonbounded	vivid	3	50000	0	1000	5	100	time_varying	0.05	metadata	lazy	True	1	1	0	300	0	cuda	baselines/configs/paper.yaml	outputs/baselines_large/runs/task_group=time_varying/pde=nsnonbounded/baseline=vivid/task=sparse_solution/seed=3/sensors=100/mode=time_varying/noise=0_05/scalar=metadata/run=time_varying_vivid_nsnonbounded_s3_5e5080dd1ebd	outputs/baselines_large/logs/task_group=time_varying/run=time_varying_vivid_nsnonbounded_s3_5e5080dd1ebd	outputs/baselines_large/runs/task_group=time_varying/pde=nsnonbounded/baseline=vivid/task=sparse_solution/seed=3/sensors=100/mode=time_varying/noise=0_05/scalar=metadata/run=time_varying_vivid_nsnonbounded_s3_5e5080dd1ebd/run.status.json	
time_varying_vivid_nsnonbounded_s3_f60404534524	time_varying/vivid/nsnonbounded/seed=3/sensors=250/time_varying/noise=0.0	time_varying	sparse_solution	nsnonbounded	vivid	3	50000	0	1000	5	250	time_varying	0.0	metadata	lazy	True	1	1	0	300	0	cuda	baselines/configs/paper.yaml	outputs/baselines_large/runs/task_group=time_varying/pde=nsnonbounded/baseline=vivid/task=sparse_solution/seed=3/sensors=250/mode=time_varying/noise=0/scalar=metadata/run=time_varying_vivid_nsnonbounded_s3_f60404534524	outputs/baselines_large/logs/task_group=time_varying/run=time_varying_vivid_nsnonbounded_s3_f60404534524	outputs/baselines_large/runs/task_group=time_varying/pde=nsnonbounded/baseline=vivid/task=sparse_solution/seed=3/sensors=250/mode=time_varying/noise=0/scalar=metadata/run=time_varying_vivid_nsnonbounded_s3_f60404534524/run.status.json	
time_varying_vivid_nsnonbounded_s3_c4f15733a754	time_varying/vivid/nsnonbounded/seed=3/sensors=250/time_varying/noise=0.01	time_varying	sparse_solution	nsnonbounded	vivid	3	50000	0	1000	5	250	time_varying	0.01	metadata	lazy	True	1	1	0	300	0	cuda	baselines/configs/paper.yaml	outputs/baselines_large/runs/task_group=time_varying/pde=nsnonbounded/baseline=vivid/task=sparse_solution/seed=3/sensors=250/mode=time_varying/noise=0_01/scalar=metadata/run=time_varying_vivid_nsnonbounded_s3_c4f15733a754	outputs/baselines_large/logs/task_group=time_varying/run=time_varying_vivid_nsnonbounded_s3_c4f15733a754	outputs/baselines_large/runs/task_group=time_varying/pde=nsnonbounded/baseline=vivid/task=sparse_solution/seed=3/sensors=250/mode=time_varying/noise=0_01/scalar=metadata/run=time_varying_vivid_nsnonbounded_s3_c4f15733a754/run.status.json	
time_varying_vivid_nsnonbounded_s3_73ead46db9b4	time_varying/vivid/nsnonbounded/seed=3/sensors=250/time_varying/noise=0.05	time_varying	sparse_solution	nsnonbounded	vivid	3	50000	0	1000	5	250	time_varying	0.05	metadata	lazy	True	1	1	0	300	0	cuda	baselines/configs/paper.yaml	outputs/baselines_large/runs/task_group=time_varying/pde=nsnonbounded/baseline=vivid/task=sparse_solution/seed=3/sensors=250/mode=time_varying/noise=0_05/scalar=metadata/run=time_varying_vivid_nsnonbounded_s3_73ead46db9b4	outputs/baselines_large/logs/task_group=time_varying/run=time_varying_vivid_nsnonbounded_s3_73ead46db9b4	outputs/baselines_large/runs/task_group=time_varying/pde=nsnonbounded/baseline=vivid/task=sparse_solution/seed=3/sensors=250/mode=time_varying/noise=0_05/scalar=metadata/run=time_varying_vivid_nsnonbounded_s3_73ead46db9b4/run.status.json	
time_varying_vivid_nsnonbounded_s3_26b79fcf45e6	time_varying/vivid/nsnonbounded/seed=3/sensors=500/time_varying/noise=0.0	time_varying	sparse_solution	nsnonbounded	vivid	3	50000	0	1000	5	500	time_varying	0.0	metadata	lazy	True	1	1	0	300	0	cuda	baselines/configs/paper.yaml	outputs/baselines_large/runs/task_group=time_varying/pde=nsnonbounded/baseline=vivid/task=sparse_solution/seed=3/sensors=500/mode=time_varying/noise=0/scalar=metadata/run=time_varying_vivid_nsnonbounded_s3_26b79fcf45e6	outputs/baselines_large/logs/task_group=time_varying/run=time_varying_vivid_nsnonbounded_s3_26b79fcf45e6	outputs/baselines_large/runs/task_group=time_varying/pde=nsnonbounded/baseline=vivid/task=sparse_solution/seed=3/sensors=500/mode=time_varying/noise=0/scalar=metadata/run=time_varying_vivid_nsnonbounded_s3_26b79fcf45e6/run.status.json	
time_varying_vivid_nsnonbounded_s3_7d573b24c2f0	time_varying/vivid/nsnonbounded/seed=3/sensors=500/time_varying/noise=0.01	time_varying	sparse_solution	nsnonbounded	vivid	3	50000	0	1000	5	500	time_varying	0.01	metadata	lazy	True	1	1	0	300	0	cuda	baselines/configs/paper.yaml	outputs/baselines_large/runs/task_group=time_varying/pde=nsnonbounded/baseline=vivid/task=sparse_solution/seed=3/sensors=500/mode=time_varying/noise=0_01/scalar=metadata/run=time_varying_vivid_nsnonbounded_s3_7d573b24c2f0	outputs/baselines_large/logs/task_group=time_varying/run=time_varying_vivid_nsnonbounded_s3_7d573b24c2f0	outputs/baselines_large/runs/task_group=time_varying/pde=nsnonbounded/baseline=vivid/task=sparse_solution/seed=3/sensors=500/mode=time_varying/noise=0_01/scalar=metadata/run=time_varying_vivid_nsnonbounded_s3_7d573b24c2f0/run.status.json	
time_varying_vivid_nsnonbounded_s3_f3ea0de53fec	time_varying/vivid/nsnonbounded/seed=3/sensors=500/time_varying/noise=0.05	time_varying	sparse_solution	nsnonbounded	vivid	3	50000	0	1000	5	500	time_varying	0.05	metadata	lazy	True	1	1	0	300	0	cuda	baselines/configs/paper.yaml	outputs/baselines_large/runs/task_group=time_varying/pde=nsnonbounded/baseline=vivid/task=sparse_solution/seed=3/sensors=500/mode=time_varying/noise=0_05/scalar=metadata/run=time_varying_vivid_nsnonbounded_s3_f3ea0de53fec	outputs/baselines_large/logs/task_group=time_varying/run=time_varying_vivid_nsnonbounded_s3_f3ea0de53fec	outputs/baselines_large/runs/task_group=time_varying/pde=nsnonbounded/baseline=vivid/task=sparse_solution/seed=3/sensors=500/mode=time_varying/noise=0_05/scalar=metadata/run=time_varying_vivid_nsnonbounded_s3_f3ea0de53fec/run.status.json	
time_varying_senseiver_nsnonbounded_s1_531a0823e6be	time_varying/senseiver/nsnonbounded/seed=1/sensors=50/time_varying/noise=0.0	time_varying	sparse_solution	nsnonbounded	senseiver	1	50000	0	1000	5	50	time_varying	0.0	metadata	lazy	True	16	200	0	0	0	cuda	baselines/configs/paper.yaml	outputs/baselines_large/runs/task_group=time_varying/pde=nsnonbounded/baseline=senseiver/task=sparse_solution/seed=1/sensors=50/mode=time_varying/noise=0/scalar=metadata/run=time_varying_senseiver_nsnonbounded_s1_531a0823e6be	outputs/baselines_large/logs/task_group=time_varying/run=time_varying_senseiver_nsnonbounded_s1_531a0823e6be	outputs/baselines_large/runs/task_group=time_varying/pde=nsnonbounded/baseline=senseiver/task=sparse_solution/seed=1/sensors=50/mode=time_varying/noise=0/scalar=metadata/run=time_varying_senseiver_nsnonbounded_s1_531a0823e6be/run.status.json	
time_varying_senseiver_nsnonbounded_s1_d4af8c308f42	time_varying/senseiver/nsnonbounded/seed=1/sensors=50/time_varying/noise=0.01	time_varying	sparse_solution	nsnonbounded	senseiver	1	50000	0	1000	5	50	time_varying	0.01	metadata	lazy	True	16	200	0	0	0	cuda	baselines/configs/paper.yaml	outputs/baselines_large/runs/task_group=time_varying/pde=nsnonbounded/baseline=senseiver/task=sparse_solution/seed=1/sensors=50/mode=time_varying/noise=0_01/scalar=metadata/run=time_varying_senseiver_nsnonbounded_s1_d4af8c308f42	outputs/baselines_large/logs/task_group=time_varying/run=time_varying_senseiver_nsnonbounded_s1_d4af8c308f42	outputs/baselines_large/runs/task_group=time_varying/pde=nsnonbounded/baseline=senseiver/task=sparse_solution/seed=1/sensors=50/mode=time_varying/noise=0_01/scalar=metadata/run=time_varying_senseiver_nsnonbounded_s1_d4af8c308f42/run.status.json	
time_varying_senseiver_nsnonbounded_s1_007a7917c6f3	time_varying/senseiver/nsnonbounded/seed=1/sensors=50/time_varying/noise=0.05	time_varying	sparse_solution	nsnonbounded	senseiver	1	50000	0	1000	5	50	time_varying	0.05	metadata	lazy	True	16	200	0	0	0	cuda	baselines/configs/paper.yaml	outputs/baselines_large/runs/task_group=time_varying/pde=nsnonbounded/baseline=senseiver/task=sparse_solution/seed=1/sensors=50/mode=time_varying/noise=0_05/scalar=metadata/run=time_varying_senseiver_nsnonbounded_s1_007a7917c6f3	outputs/baselines_large/logs/task_group=time_varying/run=time_varying_senseiver_nsnonbounded_s1_007a7917c6f3	outputs/baselines_large/runs/task_group=time_varying/pde=nsnonbounded/baseline=senseiver/task=sparse_solution/seed=1/sensors=50/mode=time_varying/noise=0_05/scalar=metadata/run=time_varying_senseiver_nsnonbounded_s1_007a7917c6f3/run.status.json	
time_varying_senseiver_nsnonbounded_s1_47b84e864f49	time_varying/senseiver/nsnonbounded/seed=1/sensors=100/time_varying/noise=0.0	time_varying	sparse_solution	nsnonbounded	senseiver	1	50000	0	1000	5	100	time_varying	0.0	metadata	lazy	True	16	200	0	0	0	cuda	baselines/configs/paper.yaml	outputs/baselines_large/runs/task_group=time_varying/pde=nsnonbounded/baseline=senseiver/task=sparse_solution/seed=1/sensors=100/mode=time_varying/noise=0/scalar=metadata/run=time_varying_senseiver_nsnonbounded_s1_47b84e864f49	outputs/baselines_large/logs/task_group=time_varying/run=time_varying_senseiver_nsnonbounded_s1_47b84e864f49	outputs/baselines_large/runs/task_group=time_varying/pde=nsnonbounded/baseline=senseiver/task=sparse_solution/seed=1/sensors=100/mode=time_varying/noise=0/scalar=metadata/run=time_varying_senseiver_nsnonbounded_s1_47b84e864f49/run.status.json	
time_varying_senseiver_nsnonbounded_s1_8243e5afd223	time_varying/senseiver/nsnonbounded/seed=1/sensors=100/time_varying/noise=0.01	time_varying	sparse_solution	nsnonbounded	senseiver	1	50000	0	1000	5	100	time_varying	0.01	metadata	lazy	True	16	200	0	0	0	cuda	baselines/configs/paper.yaml	outputs/baselines_large/runs/task_group=time_varying/pde=nsnonbounded/baseline=senseiver/task=sparse_solution/seed=1/sensors=100/mode=time_varying/noise=0_01/scalar=metadata/run=time_varying_senseiver_nsnonbounded_s1_8243e5afd223	outputs/baselines_large/logs/task_group=time_varying/run=time_varying_senseiver_nsnonbounded_s1_8243e5afd223	outputs/baselines_large/runs/task_group=time_varying/pde=nsnonbounded/baseline=senseiver/task=sparse_solution/seed=1/sensors=100/mode=time_varying/noise=0_01/scalar=metadata/run=time_varying_senseiver_nsnonbounded_s1_8243e5afd223/run.status.json	
time_varying_senseiver_nsnonbounded_s1_02984150f78e	time_varying/senseiver/nsnonbounded/seed=1/sensors=100/time_varying/noise=0.05	time_varying	sparse_solution	nsnonbounded	senseiver	1	50000	0	1000	5	100	time_varying	0.05	metadata	lazy	True	16	200	0	0	0	cuda	baselines/configs/paper.yaml	outputs/baselines_large/runs/task_group=time_varying/pde=nsnonbounded/baseline=senseiver/task=sparse_solution/seed=1/sensors=100/mode=time_varying/noise=0_05/scalar=metadata/run=time_varying_senseiver_nsnonbounded_s1_02984150f78e	outputs/baselines_large/logs/task_group=time_varying/run=time_varying_senseiver_nsnonbounded_s1_02984150f78e	outputs/baselines_large/runs/task_group=time_varying/pde=nsnonbounded/baseline=senseiver/task=sparse_solution/seed=1/sensors=100/mode=time_varying/noise=0_05/scalar=metadata/run=time_varying_senseiver_nsnonbounded_s1_02984150f78e/run.status.json	
time_varying_senseiver_nsnonbounded_s1_990713b53cfa	time_varying/senseiver/nsnonbounded/seed=1/sensors=250/time_varying/noise=0.0	time_varying	sparse_solution	nsnonbounded	senseiver	1	50000	0	1000	5	250	time_varying	0.0	metadata	lazy	True	16	200	0	0	0	cuda	baselines/configs/paper.yaml	outputs/baselines_large/runs/task_group=time_varying/pde=nsnonbounded/baseline=senseiver/task=sparse_solution/seed=1/sensors=250/mode=time_varying/noise=0/scalar=metadata/run=time_varying_senseiver_nsnonbounded_s1_990713b53cfa	outputs/baselines_large/logs/task_group=time_varying/run=time_varying_senseiver_nsnonbounded_s1_990713b53cfa	outputs/baselines_large/runs/task_group=time_varying/pde=nsnonbounded/baseline=senseiver/task=sparse_solution/seed=1/sensors=250/mode=time_varying/noise=0/scalar=metadata/run=time_varying_senseiver_nsnonbounded_s1_990713b53cfa/run.status.json	
time_varying_senseiver_nsnonbounded_s1_15638b7f2208	time_varying/senseiver/nsnonbounded/seed=1/sensors=250/time_varying/noise=0.01	time_varying	sparse_solution	nsnonbounded	senseiver	1	50000	0	1000	5	250	time_varying	0.01	metadata	lazy	True	16	200	0	0	0	cuda	baselines/configs/paper.yaml	outputs/baselines_large/runs/task_group=time_varying/pde=nsnonbounded/baseline=senseiver/task=sparse_solution/seed=1/sensors=250/mode=time_varying/noise=0_01/scalar=metadata/run=time_varying_senseiver_nsnonbounded_s1_15638b7f2208	outputs/baselines_large/logs/task_group=time_varying/run=time_varying_senseiver_nsnonbounded_s1_15638b7f2208	outputs/baselines_large/runs/task_group=time_varying/pde=nsnonbounded/baseline=senseiver/task=sparse_solution/seed=1/sensors=250/mode=time_varying/noise=0_01/scalar=metadata/run=time_varying_senseiver_nsnonbounded_s1_15638b7f2208/run.status.json	
time_varying_senseiver_nsnonbounded_s1_c1b000513826	time_varying/senseiver/nsnonbounded/seed=1/sensors=250/time_varying/noise=0.05	time_varying	sparse_solution	nsnonbounded	senseiver	1	50000	0	1000	5	250	time_varying	0.05	metadata	lazy	True	16	200	0	0	0	cuda	baselines/configs/paper.yaml	outputs/baselines_large/runs/task_group=time_varying/pde=nsnonbounded/baseline=senseiver/task=sparse_solution/seed=1/sensors=250/mode=time_varying/noise=0_05/scalar=metadata/run=time_varying_senseiver_nsnonbounded_s1_c1b000513826	outputs/baselines_large/logs/task_group=time_varying/run=time_varying_senseiver_nsnonbounded_s1_c1b000513826	outputs/baselines_large/runs/task_group=time_varying/pde=nsnonbounded/baseline=senseiver/task=sparse_solution/seed=1/sensors=250/mode=time_varying/noise=0_05/scalar=metadata/run=time_varying_senseiver_nsnonbounded_s1_c1b000513826/run.status.json	
time_varying_senseiver_nsnonbounded_s1_26331e51bb05	time_varying/senseiver/nsnonbounded/seed=1/sensors=500/time_varying/noise=0.0	time_varying	sparse_solution	nsnonbounded	senseiver	1	50000	0	1000	5	500	time_varying	0.0	metadata	lazy	True	16	200	0	0	0	cuda	baselines/configs/paper.yaml	outputs/baselines_large/runs/task_group=time_varying/pde=nsnonbounded/baseline=senseiver/task=sparse_solution/seed=1/sensors=500/mode=time_varying/noise=0/scalar=metadata/run=time_varying_senseiver_nsnonbounded_s1_26331e51bb05	outputs/baselines_large/logs/task_group=time_varying/run=time_varying_senseiver_nsnonbounded_s1_26331e51bb05	outputs/baselines_large/runs/task_group=time_varying/pde=nsnonbounded/baseline=senseiver/task=sparse_solution/seed=1/sensors=500/mode=time_varying/noise=0/scalar=metadata/run=time_varying_senseiver_nsnonbounded_s1_26331e51bb05/run.status.json	
time_varying_senseiver_nsnonbounded_s1_03cc5cd1db3c	time_varying/senseiver/nsnonbounded/seed=1/sensors=500/time_varying/noise=0.01	time_varying	sparse_solution	nsnonbounded	senseiver	1	50000	0	1000	5	500	time_varying	0.01	metadata	lazy	True	16	200	0	0	0	cuda	baselines/configs/paper.yaml	outputs/baselines_large/runs/task_group=time_varying/pde=nsnonbounded/baseline=senseiver/task=sparse_solution/seed=1/sensors=500/mode=time_varying/noise=0_01/scalar=metadata/run=time_varying_senseiver_nsnonbounded_s1_03cc5cd1db3c	outputs/baselines_large/logs/task_group=time_varying/run=time_varying_senseiver_nsnonbounded_s1_03cc5cd1db3c	outputs/baselines_large/runs/task_group=time_varying/pde=nsnonbounded/baseline=senseiver/task=sparse_solution/seed=1/sensors=500/mode=time_varying/noise=0_01/scalar=metadata/run=time_varying_senseiver_nsnonbounded_s1_03cc5cd1db3c/run.status.json	
time_varying_senseiver_nsnonbounded_s1_0733d62d1b3a	time_varying/senseiver/nsnonbounded/seed=1/sensors=500/time_varying/noise=0.05	time_varying	sparse_solution	nsnonbounded	senseiver	1	50000	0	1000	5	500	time_varying	0.05	metadata	lazy	True	16	200	0	0	0	cuda	baselines/configs/paper.yaml	outputs/baselines_large/runs/task_group=time_varying/pde=nsnonbounded/baseline=senseiver/task=sparse_solution/seed=1/sensors=500/mode=time_varying/noise=0_05/scalar=metadata/run=time_varying_senseiver_nsnonbounded_s1_0733d62d1b3a	outputs/baselines_large/logs/task_group=time_varying/run=time_varying_senseiver_nsnonbounded_s1_0733d62d1b3a	outputs/baselines_large/runs/task_group=time_varying/pde=nsnonbounded/baseline=senseiver/task=sparse_solution/seed=1/sensors=500/mode=time_varying/noise=0_05/scalar=metadata/run=time_varying_senseiver_nsnonbounded_s1_0733d62d1b3a/run.status.json	
time_varying_senseiver_nsnonbounded_s2_3ac1990331b0	time_varying/senseiver/nsnonbounded/seed=2/sensors=50/time_varying/noise=0.0	time_varying	sparse_solution	nsnonbounded	senseiver	2	50000	0	1000	5	50	time_varying	0.0	metadata	lazy	True	16	200	0	0	0	cuda	baselines/configs/paper.yaml	outputs/baselines_large/runs/task_group=time_varying/pde=nsnonbounded/baseline=senseiver/task=sparse_solution/seed=2/sensors=50/mode=time_varying/noise=0/scalar=metadata/run=time_varying_senseiver_nsnonbounded_s2_3ac1990331b0	outputs/baselines_large/logs/task_group=time_varying/run=time_varying_senseiver_nsnonbounded_s2_3ac1990331b0	outputs/baselines_large/runs/task_group=time_varying/pde=nsnonbounded/baseline=senseiver/task=sparse_solution/seed=2/sensors=50/mode=time_varying/noise=0/scalar=metadata/run=time_varying_senseiver_nsnonbounded_s2_3ac1990331b0/run.status.json	
time_varying_senseiver_nsnonbounded_s2_3786009607ad	time_varying/senseiver/nsnonbounded/seed=2/sensors=50/time_varying/noise=0.01	time_varying	sparse_solution	nsnonbounded	senseiver	2	50000	0	1000	5	50	time_varying	0.01	metadata	lazy	True	16	200	0	0	0	cuda	baselines/configs/paper.yaml	outputs/baselines_large/runs/task_group=time_varying/pde=nsnonbounded/baseline=senseiver/task=sparse_solution/seed=2/sensors=50/mode=time_varying/noise=0_01/scalar=metadata/run=time_varying_senseiver_nsnonbounded_s2_3786009607ad	outputs/baselines_large/logs/task_group=time_varying/run=time_varying_senseiver_nsnonbounded_s2_3786009607ad	outputs/baselines_large/runs/task_group=time_varying/pde=nsnonbounded/baseline=senseiver/task=sparse_solution/seed=2/sensors=50/mode=time_varying/noise=0_01/scalar=metadata/run=time_varying_senseiver_nsnonbounded_s2_3786009607ad/run.status.json	
time_varying_senseiver_nsnonbounded_s2_b4bbce18e901	time_varying/senseiver/nsnonbounded/seed=2/sensors=50/time_varying/noise=0.05	time_varying	sparse_solution	nsnonbounded	senseiver	2	50000	0	1000	5	50	time_varying	0.05	metadata	lazy	True	16	200	0	0	0	cuda	baselines/configs/paper.yaml	outputs/baselines_large/runs/task_group=time_varying/pde=nsnonbounded/baseline=senseiver/task=sparse_solution/seed=2/sensors=50/mode=time_varying/noise=0_05/scalar=metadata/run=time_varying_senseiver_nsnonbounded_s2_b4bbce18e901	outputs/baselines_large/logs/task_group=time_varying/run=time_varying_senseiver_nsnonbounded_s2_b4bbce18e901	outputs/baselines_large/runs/task_group=time_varying/pde=nsnonbounded/baseline=senseiver/task=sparse_solution/seed=2/sensors=50/mode=time_varying/noise=0_05/scalar=metadata/run=time_varying_senseiver_nsnonbounded_s2_b4bbce18e901/run.status.json	
time_varying_senseiver_nsnonbounded_s2_d152b9cfa1fc	time_varying/senseiver/nsnonbounded/seed=2/sensors=100/time_varying/noise=0.0	time_varying	sparse_solution	nsnonbounded	senseiver	2	50000	0	1000	5	100	time_varying	0.0	metadata	lazy	True	16	200	0	0	0	cuda	baselines/configs/paper.yaml	outputs/baselines_large/runs/task_group=time_varying/pde=nsnonbounded/baseline=senseiver/task=sparse_solution/seed=2/sensors=100/mode=time_varying/noise=0/scalar=metadata/run=time_varying_senseiver_nsnonbounded_s2_d152b9cfa1fc	outputs/baselines_large/logs/task_group=time_varying/run=time_varying_senseiver_nsnonbounded_s2_d152b9cfa1fc	outputs/baselines_large/runs/task_group=time_varying/pde=nsnonbounded/baseline=senseiver/task=sparse_solution/seed=2/sensors=100/mode=time_varying/noise=0/scalar=metadata/run=time_varying_senseiver_nsnonbounded_s2_d152b9cfa1fc/run.status.json	
time_varying_senseiver_nsnonbounded_s2_1601d72b88d5	time_varying/senseiver/nsnonbounded/seed=2/sensors=100/time_varying/noise=0.01	time_varying	sparse_solution	nsnonbounded	senseiver	2	50000	0	1000	5	100	time_varying	0.01	metadata	lazy	True	16	200	0	0	0	cuda	baselines/configs/paper.yaml	outputs/baselines_large/runs/task_group=time_varying/pde=nsnonbounded/baseline=senseiver/task=sparse_solution/seed=2/sensors=100/mode=time_varying/noise=0_01/scalar=metadata/run=time_varying_senseiver_nsnonbounded_s2_1601d72b88d5	outputs/baselines_large/logs/task_group=time_varying/run=time_varying_senseiver_nsnonbounded_s2_1601d72b88d5	outputs/baselines_large/runs/task_group=time_varying/pde=nsnonbounded/baseline=senseiver/task=sparse_solution/seed=2/sensors=100/mode=time_varying/noise=0_01/scalar=metadata/run=time_varying_senseiver_nsnonbounded_s2_1601d72b88d5/run.status.json	
time_varying_senseiver_nsnonbounded_s2_54b65da5255d	time_varying/senseiver/nsnonbounded/seed=2/sensors=100/time_varying/noise=0.05	time_varying	sparse_solution	nsnonbounded	senseiver	2	50000	0	1000	5	100	time_varying	0.05	metadata	lazy	True	16	200	0	0	0	cuda	baselines/configs/paper.yaml	outputs/baselines_large/runs/task_group=time_varying/pde=nsnonbounded/baseline=senseiver/task=sparse_solution/seed=2/sensors=100/mode=time_varying/noise=0_05/scalar=metadata/run=time_varying_senseiver_nsnonbounded_s2_54b65da5255d	outputs/baselines_large/logs/task_group=time_varying/run=time_varying_senseiver_nsnonbounded_s2_54b65da5255d	outputs/baselines_large/runs/task_group=time_varying/pde=nsnonbounded/baseline=senseiver/task=sparse_solution/seed=2/sensors=100/mode=time_varying/noise=0_05/scalar=metadata/run=time_varying_senseiver_nsnonbounded_s2_54b65da5255d/run.status.json	
time_varying_senseiver_nsnonbounded_s2_ac68855cfb7e	time_varying/senseiver/nsnonbounded/seed=2/sensors=250/time_varying/noise=0.0	time_varying	sparse_solution	nsnonbounded	senseiver	2	50000	0	1000	5	250	time_varying	0.0	metadata	lazy	True	16	200	0	0	0	cuda	baselines/configs/paper.yaml	outputs/baselines_large/runs/task_group=time_varying/pde=nsnonbounded/baseline=senseiver/task=sparse_solution/seed=2/sensors=250/mode=time_varying/noise=0/scalar=metadata/run=time_varying_senseiver_nsnonbounded_s2_ac68855cfb7e	outputs/baselines_large/logs/task_group=time_varying/run=time_varying_senseiver_nsnonbounded_s2_ac68855cfb7e	outputs/baselines_large/runs/task_group=time_varying/pde=nsnonbounded/baseline=senseiver/task=sparse_solution/seed=2/sensors=250/mode=time_varying/noise=0/scalar=metadata/run=time_varying_senseiver_nsnonbounded_s2_ac68855cfb7e/run.status.json	
time_varying_senseiver_nsnonbounded_s2_ac8c20e37635	time_varying/senseiver/nsnonbounded/seed=2/sensors=250/time_varying/noise=0.01	time_varying	sparse_solution	nsnonbounded	senseiver	2	50000	0	1000	5	250	time_varying	0.01	metadata	lazy	True	16	200	0	0	0	cuda	baselines/configs/paper.yaml	outputs/baselines_large/runs/task_group=time_varying/pde=nsnonbounded/baseline=senseiver/task=sparse_solution/seed=2/sensors=250/mode=time_varying/noise=0_01/scalar=metadata/run=time_varying_senseiver_nsnonbounded_s2_ac8c20e37635	outputs/baselines_large/logs/task_group=time_varying/run=time_varying_senseiver_nsnonbounded_s2_ac8c20e37635	outputs/baselines_large/runs/task_group=time_varying/pde=nsnonbounded/baseline=senseiver/task=sparse_solution/seed=2/sensors=250/mode=time_varying/noise=0_01/scalar=metadata/run=time_varying_senseiver_nsnonbounded_s2_ac8c20e37635/run.status.json	
time_varying_senseiver_nsnonbounded_s2_8d8ef6d49bb4	time_varying/senseiver/nsnonbounded/seed=2/sensors=250/time_varying/noise=0.05	time_varying	sparse_solution	nsnonbounded	senseiver	2	50000	0	1000	5	250	time_varying	0.05	metadata	lazy	True	16	200	0	0	0	cuda	baselines/configs/paper.yaml	outputs/baselines_large/runs/task_group=time_varying/pde=nsnonbounded/baseline=senseiver/task=sparse_solution/seed=2/sensors=250/mode=time_varying/noise=0_05/scalar=metadata/run=time_varying_senseiver_nsnonbounded_s2_8d8ef6d49bb4	outputs/baselines_large/logs/task_group=time_varying/run=time_varying_senseiver_nsnonbounded_s2_8d8ef6d49bb4	outputs/baselines_large/runs/task_group=time_varying/pde=nsnonbounded/baseline=senseiver/task=sparse_solution/seed=2/sensors=250/mode=time_varying/noise=0_05/scalar=metadata/run=time_varying_senseiver_nsnonbounded_s2_8d8ef6d49bb4/run.status.json	
time_varying_senseiver_nsnonbounded_s2_17cbdfebe066	time_varying/senseiver/nsnonbounded/seed=2/sensors=500/time_varying/noise=0.0	time_varying	sparse_solution	nsnonbounded	senseiver	2	50000	0	1000	5	500	time_varying	0.0	metadata	lazy	True	16	200	0	0	0	cuda	baselines/configs/paper.yaml	outputs/baselines_large/runs/task_group=time_varying/pde=nsnonbounded/baseline=senseiver/task=sparse_solution/seed=2/sensors=500/mode=time_varying/noise=0/scalar=metadata/run=time_varying_senseiver_nsnonbounded_s2_17cbdfebe066	outputs/baselines_large/logs/task_group=time_varying/run=time_varying_senseiver_nsnonbounded_s2_17cbdfebe066	outputs/baselines_large/runs/task_group=time_varying/pde=nsnonbounded/baseline=senseiver/task=sparse_solution/seed=2/sensors=500/mode=time_varying/noise=0/scalar=metadata/run=time_varying_senseiver_nsnonbounded_s2_17cbdfebe066/run.status.json	
time_varying_senseiver_nsnonbounded_s2_9d29af43db57	time_varying/senseiver/nsnonbounded/seed=2/sensors=500/time_varying/noise=0.01	time_varying	sparse_solution	nsnonbounded	senseiver	2	50000	0	1000	5	500	time_varying	0.01	metadata	lazy	True	16	200	0	0	0	cuda	baselines/configs/paper.yaml	outputs/baselines_large/runs/task_group=time_varying/pde=nsnonbounded/baseline=senseiver/task=sparse_solution/seed=2/sensors=500/mode=time_varying/noise=0_01/scalar=metadata/run=time_varying_senseiver_nsnonbounded_s2_9d29af43db57	outputs/baselines_large/logs/task_group=time_varying/run=time_varying_senseiver_nsnonbounded_s2_9d29af43db57	outputs/baselines_large/runs/task_group=time_varying/pde=nsnonbounded/baseline=senseiver/task=sparse_solution/seed=2/sensors=500/mode=time_varying/noise=0_01/scalar=metadata/run=time_varying_senseiver_nsnonbounded_s2_9d29af43db57/run.status.json	
time_varying_senseiver_nsnonbounded_s2_00b67dd57471	time_varying/senseiver/nsnonbounded/seed=2/sensors=500/time_varying/noise=0.05	time_varying	sparse_solution	nsnonbounded	senseiver	2	50000	0	1000	5	500	time_varying	0.05	metadata	lazy	True	16	200	0	0	0	cuda	baselines/configs/paper.yaml	outputs/baselines_large/runs/task_group=time_varying/pde=nsnonbounded/baseline=senseiver/task=sparse_solution/seed=2/sensors=500/mode=time_varying/noise=0_05/scalar=metadata/run=time_varying_senseiver_nsnonbounded_s2_00b67dd57471	outputs/baselines_large/logs/task_group=time_varying/run=time_varying_senseiver_nsnonbounded_s2_00b67dd57471	outputs/baselines_large/runs/task_group=time_varying/pde=nsnonbounded/baseline=senseiver/task=sparse_solution/seed=2/sensors=500/mode=time_varying/noise=0_05/scalar=metadata/run=time_varying_senseiver_nsnonbounded_s2_00b67dd57471/run.status.json	
time_varying_senseiver_nsnonbounded_s3_bbe059807e91	time_varying/senseiver/nsnonbounded/seed=3/sensors=50/time_varying/noise=0.0	time_varying	sparse_solution	nsnonbounded	senseiver	3	50000	0	1000	5	50	time_varying	0.0	metadata	lazy	True	16	200	0	0	0	cuda	baselines/configs/paper.yaml	outputs/baselines_large/runs/task_group=time_varying/pde=nsnonbounded/baseline=senseiver/task=sparse_solution/seed=3/sensors=50/mode=time_varying/noise=0/scalar=metadata/run=time_varying_senseiver_nsnonbounded_s3_bbe059807e91	outputs/baselines_large/logs/task_group=time_varying/run=time_varying_senseiver_nsnonbounded_s3_bbe059807e91	outputs/baselines_large/runs/task_group=time_varying/pde=nsnonbounded/baseline=senseiver/task=sparse_solution/seed=3/sensors=50/mode=time_varying/noise=0/scalar=metadata/run=time_varying_senseiver_nsnonbounded_s3_bbe059807e91/run.status.json	
time_varying_senseiver_nsnonbounded_s3_b3b490b20a44	time_varying/senseiver/nsnonbounded/seed=3/sensors=50/time_varying/noise=0.01	time_varying	sparse_solution	nsnonbounded	senseiver	3	50000	0	1000	5	50	time_varying	0.01	metadata	lazy	True	16	200	0	0	0	cuda	baselines/configs/paper.yaml	outputs/baselines_large/runs/task_group=time_varying/pde=nsnonbounded/baseline=senseiver/task=sparse_solution/seed=3/sensors=50/mode=time_varying/noise=0_01/scalar=metadata/run=time_varying_senseiver_nsnonbounded_s3_b3b490b20a44	outputs/baselines_large/logs/task_group=time_varying/run=time_varying_senseiver_nsnonbounded_s3_b3b490b20a44	outputs/baselines_large/runs/task_group=time_varying/pde=nsnonbounded/baseline=senseiver/task=sparse_solution/seed=3/sensors=50/mode=time_varying/noise=0_01/scalar=metadata/run=time_varying_senseiver_nsnonbounded_s3_b3b490b20a44/run.status.json	
time_varying_senseiver_nsnonbounded_s3_ea9cc76e3553	time_varying/senseiver/nsnonbounded/seed=3/sensors=50/time_varying/noise=0.05	time_varying	sparse_solution	nsnonbounded	senseiver	3	50000	0	1000	5	50	time_varying	0.05	metadata	lazy	True	16	200	0	0	0	cuda	baselines/configs/paper.yaml	outputs/baselines_large/runs/task_group=time_varying/pde=nsnonbounded/baseline=senseiver/task=sparse_solution/seed=3/sensors=50/mode=time_varying/noise=0_05/scalar=metadata/run=time_varying_senseiver_nsnonbounded_s3_ea9cc76e3553	outputs/baselines_large/logs/task_group=time_varying/run=time_varying_senseiver_nsnonbounded_s3_ea9cc76e3553	outputs/baselines_large/runs/task_group=time_varying/pde=nsnonbounded/baseline=senseiver/task=sparse_solution/seed=3/sensors=50/mode=time_varying/noise=0_05/scalar=metadata/run=time_varying_senseiver_nsnonbounded_s3_ea9cc76e3553/run.status.json	
time_varying_senseiver_nsnonbounded_s3_5ee0ab4ebabd	time_varying/senseiver/nsnonbounded/seed=3/sensors=100/time_varying/noise=0.0	time_varying	sparse_solution	nsnonbounded	senseiver	3	50000	0	1000	5	100	time_varying	0.0	metadata	lazy	True	16	200	0	0	0	cuda	baselines/configs/paper.yaml	outputs/baselines_large/runs/task_group=time_varying/pde=nsnonbounded/baseline=senseiver/task=sparse_solution/seed=3/sensors=100/mode=time_varying/noise=0/scalar=metadata/run=time_varying_senseiver_nsnonbounded_s3_5ee0ab4ebabd	outputs/baselines_large/logs/task_group=time_varying/run=time_varying_senseiver_nsnonbounded_s3_5ee0ab4ebabd	outputs/baselines_large/runs/task_group=time_varying/pde=nsnonbounded/baseline=senseiver/task=sparse_solution/seed=3/sensors=100/mode=time_varying/noise=0/scalar=metadata/run=time_varying_senseiver_nsnonbounded_s3_5ee0ab4ebabd/run.status.json	
time_varying_senseiver_nsnonbounded_s3_1e8127968d47	time_varying/senseiver/nsnonbounded/seed=3/sensors=100/time_varying/noise=0.01	time_varying	sparse_solution	nsnonbounded	senseiver	3	50000	0	1000	5	100	time_varying	0.01	metadata	lazy	True	16	200	0	0	0	cuda	baselines/configs/paper.yaml	outputs/baselines_large/runs/task_group=time_varying/pde=nsnonbounded/baseline=senseiver/task=sparse_solution/seed=3/sensors=100/mode=time_varying/noise=0_01/scalar=metadata/run=time_varying_senseiver_nsnonbounded_s3_1e8127968d47	outputs/baselines_large/logs/task_group=time_varying/run=time_varying_senseiver_nsnonbounded_s3_1e8127968d47	outputs/baselines_large/runs/task_group=time_varying/pde=nsnonbounded/baseline=senseiver/task=sparse_solution/seed=3/sensors=100/mode=time_varying/noise=0_01/scalar=metadata/run=time_varying_senseiver_nsnonbounded_s3_1e8127968d47/run.status.json	
time_varying_senseiver_nsnonbounded_s3_c1de95fa7d97	time_varying/senseiver/nsnonbounded/seed=3/sensors=100/time_varying/noise=0.05	time_varying	sparse_solution	nsnonbounded	senseiver	3	50000	0	1000	5	100	time_varying	0.05	metadata	lazy	True	16	200	0	0	0	cuda	baselines/configs/paper.yaml	outputs/baselines_large/runs/task_group=time_varying/pde=nsnonbounded/baseline=senseiver/task=sparse_solution/seed=3/sensors=100/mode=time_varying/noise=0_05/scalar=metadata/run=time_varying_senseiver_nsnonbounded_s3_c1de95fa7d97	outputs/baselines_large/logs/task_group=time_varying/run=time_varying_senseiver_nsnonbounded_s3_c1de95fa7d97	outputs/baselines_large/runs/task_group=time_varying/pde=nsnonbounded/baseline=senseiver/task=sparse_solution/seed=3/sensors=100/mode=time_varying/noise=0_05/scalar=metadata/run=time_varying_senseiver_nsnonbounded_s3_c1de95fa7d97/run.status.json	
time_varying_senseiver_nsnonbounded_s3_500ad561c5b3	time_varying/senseiver/nsnonbounded/seed=3/sensors=250/time_varying/noise=0.0	time_varying	sparse_solution	nsnonbounded	senseiver	3	50000	0	1000	5	250	time_varying	0.0	metadata	lazy	True	16	200	0	0	0	cuda	baselines/configs/paper.yaml	outputs/baselines_large/runs/task_group=time_varying/pde=nsnonbounded/baseline=senseiver/task=sparse_solution/seed=3/sensors=250/mode=time_varying/noise=0/scalar=metadata/run=time_varying_senseiver_nsnonbounded_s3_500ad561c5b3	outputs/baselines_large/logs/task_group=time_varying/run=time_varying_senseiver_nsnonbounded_s3_500ad561c5b3	outputs/baselines_large/runs/task_group=time_varying/pde=nsnonbounded/baseline=senseiver/task=sparse_solution/seed=3/sensors=250/mode=time_varying/noise=0/scalar=metadata/run=time_varying_senseiver_nsnonbounded_s3_500ad561c5b3/run.status.json	
time_varying_senseiver_nsnonbounded_s3_12014b2f37b2	time_varying/senseiver/nsnonbounded/seed=3/sensors=250/time_varying/noise=0.01	time_varying	sparse_solution	nsnonbounded	senseiver	3	50000	0	1000	5	250	time_varying	0.01	metadata	lazy	True	16	200	0	0	0	cuda	baselines/configs/paper.yaml	outputs/baselines_large/runs/task_group=time_varying/pde=nsnonbounded/baseline=senseiver/task=sparse_solution/seed=3/sensors=250/mode=time_varying/noise=0_01/scalar=metadata/run=time_varying_senseiver_nsnonbounded_s3_12014b2f37b2	outputs/baselines_large/logs/task_group=time_varying/run=time_varying_senseiver_nsnonbounded_s3_12014b2f37b2	outputs/baselines_large/runs/task_group=time_varying/pde=nsnonbounded/baseline=senseiver/task=sparse_solution/seed=3/sensors=250/mode=time_varying/noise=0_01/scalar=metadata/run=time_varying_senseiver_nsnonbounded_s3_12014b2f37b2/run.status.json	
time_varying_senseiver_nsnonbounded_s3_e5247eaea830	time_varying/senseiver/nsnonbounded/seed=3/sensors=250/time_varying/noise=0.05	time_varying	sparse_solution	nsnonbounded	senseiver	3	50000	0	1000	5	250	time_varying	0.05	metadata	lazy	True	16	200	0	0	0	cuda	baselines/configs/paper.yaml	outputs/baselines_large/runs/task_group=time_varying/pde=nsnonbounded/baseline=senseiver/task=sparse_solution/seed=3/sensors=250/mode=time_varying/noise=0_05/scalar=metadata/run=time_varying_senseiver_nsnonbounded_s3_e5247eaea830	outputs/baselines_large/logs/task_group=time_varying/run=time_varying_senseiver_nsnonbounded_s3_e5247eaea830	outputs/baselines_large/runs/task_group=time_varying/pde=nsnonbounded/baseline=senseiver/task=sparse_solution/seed=3/sensors=250/mode=time_varying/noise=0_05/scalar=metadata/run=time_varying_senseiver_nsnonbounded_s3_e5247eaea830/run.status.json	
time_varying_senseiver_nsnonbounded_s3_8fa56368175c	time_varying/senseiver/nsnonbounded/seed=3/sensors=500/time_varying/noise=0.0	time_varying	sparse_solution	nsnonbounded	senseiver	3	50000	0	1000	5	500	time_varying	0.0	metadata	lazy	True	16	200	0	0	0	cuda	baselines/configs/paper.yaml	outputs/baselines_large/runs/task_group=time_varying/pde=nsnonbounded/baseline=senseiver/task=sparse_solution/seed=3/sensors=500/mode=time_varying/noise=0/scalar=metadata/run=time_varying_senseiver_nsnonbounded_s3_8fa56368175c	outputs/baselines_large/logs/task_group=time_varying/run=time_varying_senseiver_nsnonbounded_s3_8fa56368175c	outputs/baselines_large/runs/task_group=time_varying/pde=nsnonbounded/baseline=senseiver/task=sparse_solution/seed=3/sensors=500/mode=time_varying/noise=0/scalar=metadata/run=time_varying_senseiver_nsnonbounded_s3_8fa56368175c/run.status.json	
time_varying_senseiver_nsnonbounded_s3_fe4e9ec0f4dc	time_varying/senseiver/nsnonbounded/seed=3/sensors=500/time_varying/noise=0.01	time_varying	sparse_solution	nsnonbounded	senseiver	3	50000	0	1000	5	500	time_varying	0.01	metadata	lazy	True	16	200	0	0	0	cuda	baselines/configs/paper.yaml	outputs/baselines_large/runs/task_group=time_varying/pde=nsnonbounded/baseline=senseiver/task=sparse_solution/seed=3/sensors=500/mode=time_varying/noise=0_01/scalar=metadata/run=time_varying_senseiver_nsnonbounded_s3_fe4e9ec0f4dc	outputs/baselines_large/logs/task_group=time_varying/run=time_varying_senseiver_nsnonbounded_s3_fe4e9ec0f4dc	outputs/baselines_large/runs/task_group=time_varying/pde=nsnonbounded/baseline=senseiver/task=sparse_solution/seed=3/sensors=500/mode=time_varying/noise=0_01/scalar=metadata/run=time_varying_senseiver_nsnonbounded_s3_fe4e9ec0f4dc/run.status.json	
time_varying_senseiver_nsnonbounded_s3_8e11af8dc346	time_varying/senseiver/nsnonbounded/seed=3/sensors=500/time_varying/noise=0.05	time_varying	sparse_solution	nsnonbounded	senseiver	3	50000	0	1000	5	500	time_varying	0.05	metadata	lazy	True	16	200	0	0	0	cuda	baselines/configs/paper.yaml	outputs/baselines_large/runs/task_group=time_varying/pde=nsnonbounded/baseline=senseiver/task=sparse_solution/seed=3/sensors=500/mode=time_varying/noise=0_05/scalar=metadata/run=time_varying_senseiver_nsnonbounded_s3_8e11af8dc346	outputs/baselines_large/logs/task_group=time_varying/run=time_varying_senseiver_nsnonbounded_s3_8e11af8dc346	outputs/baselines_large/runs/task_group=time_varying/pde=nsnonbounded/baseline=senseiver/task=sparse_solution/seed=3/sensors=500/mode=time_varying/noise=0_05/scalar=metadata/run=time_varying_senseiver_nsnonbounded_s3_8e11af8dc346/run.status.json	
time_varying_var4d_burger_s1_7fe61d068dc5	time_varying/var4d/burger/seed=1/sensors=50/time_varying/noise=0.0	time_varying	sparse_solution	burger	var4d	1	50000	0	1000	5	50	time_varying	0.0	metadata	lazy	True	1	1	500	0	0	cuda	baselines/configs/paper.yaml	outputs/baselines_large/runs/task_group=time_varying/pde=burger/baseline=var4d/task=sparse_solution/seed=1/sensors=50/mode=time_varying/noise=0/scalar=metadata/run=time_varying_var4d_burger_s1_7fe61d068dc5	outputs/baselines_large/logs/task_group=time_varying/run=time_varying_var4d_burger_s1_7fe61d068dc5	outputs/baselines_large/runs/task_group=time_varying/pde=burger/baseline=var4d/task=sparse_solution/seed=1/sensors=50/mode=time_varying/noise=0/scalar=metadata/run=time_varying_var4d_burger_s1_7fe61d068dc5/run.status.json	
time_varying_var4d_burger_s1_170679d40439	time_varying/var4d/burger/seed=1/sensors=50/time_varying/noise=0.01	time_varying	sparse_solution	burger	var4d	1	50000	0	1000	5	50	time_varying	0.01	metadata	lazy	True	1	1	500	0	0	cuda	baselines/configs/paper.yaml	outputs/baselines_large/runs/task_group=time_varying/pde=burger/baseline=var4d/task=sparse_solution/seed=1/sensors=50/mode=time_varying/noise=0_01/scalar=metadata/run=time_varying_var4d_burger_s1_170679d40439	outputs/baselines_large/logs/task_group=time_varying/run=time_varying_var4d_burger_s1_170679d40439	outputs/baselines_large/runs/task_group=time_varying/pde=burger/baseline=var4d/task=sparse_solution/seed=1/sensors=50/mode=time_varying/noise=0_01/scalar=metadata/run=time_varying_var4d_burger_s1_170679d40439/run.status.json	
time_varying_var4d_burger_s1_342ce031cc75	time_varying/var4d/burger/seed=1/sensors=50/time_varying/noise=0.05	time_varying	sparse_solution	burger	var4d	1	50000	0	1000	5	50	time_varying	0.05	metadata	lazy	True	1	1	500	0	0	cuda	baselines/configs/paper.yaml	outputs/baselines_large/runs/task_group=time_varying/pde=burger/baseline=var4d/task=sparse_solution/seed=1/sensors=50/mode=time_varying/noise=0_05/scalar=metadata/run=time_varying_var4d_burger_s1_342ce031cc75	outputs/baselines_large/logs/task_group=time_varying/run=time_varying_var4d_burger_s1_342ce031cc75	outputs/baselines_large/runs/task_group=time_varying/pde=burger/baseline=var4d/task=sparse_solution/seed=1/sensors=50/mode=time_varying/noise=0_05/scalar=metadata/run=time_varying_var4d_burger_s1_342ce031cc75/run.status.json	
time_varying_var4d_burger_s1_7ea06008cd90	time_varying/var4d/burger/seed=1/sensors=100/time_varying/noise=0.0	time_varying	sparse_solution	burger	var4d	1	50000	0	1000	5	100	time_varying	0.0	metadata	lazy	True	1	1	500	0	0	cuda	baselines/configs/paper.yaml	outputs/baselines_large/runs/task_group=time_varying/pde=burger/baseline=var4d/task=sparse_solution/seed=1/sensors=100/mode=time_varying/noise=0/scalar=metadata/run=time_varying_var4d_burger_s1_7ea06008cd90	outputs/baselines_large/logs/task_group=time_varying/run=time_varying_var4d_burger_s1_7ea06008cd90	outputs/baselines_large/runs/task_group=time_varying/pde=burger/baseline=var4d/task=sparse_solution/seed=1/sensors=100/mode=time_varying/noise=0/scalar=metadata/run=time_varying_var4d_burger_s1_7ea06008cd90/run.status.json	
time_varying_var4d_burger_s1_6e505fd7f356	time_varying/var4d/burger/seed=1/sensors=100/time_varying/noise=0.01	time_varying	sparse_solution	burger	var4d	1	50000	0	1000	5	100	time_varying	0.01	metadata	lazy	True	1	1	500	0	0	cuda	baselines/configs/paper.yaml	outputs/baselines_large/runs/task_group=time_varying/pde=burger/baseline=var4d/task=sparse_solution/seed=1/sensors=100/mode=time_varying/noise=0_01/scalar=metadata/run=time_varying_var4d_burger_s1_6e505fd7f356	outputs/baselines_large/logs/task_group=time_varying/run=time_varying_var4d_burger_s1_6e505fd7f356	outputs/baselines_large/runs/task_group=time_varying/pde=burger/baseline=var4d/task=sparse_solution/seed=1/sensors=100/mode=time_varying/noise=0_01/scalar=metadata/run=time_varying_var4d_burger_s1_6e505fd7f356/run.status.json	
time_varying_var4d_burger_s1_7c62b6f2e57b	time_varying/var4d/burger/seed=1/sensors=100/time_varying/noise=0.05	time_varying	sparse_solution	burger	var4d	1	50000	0	1000	5	100	time_varying	0.05	metadata	lazy	True	1	1	500	0	0	cuda	baselines/configs/paper.yaml	outputs/baselines_large/runs/task_group=time_varying/pde=burger/baseline=var4d/task=sparse_solution/seed=1/sensors=100/mode=time_varying/noise=0_05/scalar=metadata/run=time_varying_var4d_burger_s1_7c62b6f2e57b	outputs/baselines_large/logs/task_group=time_varying/run=time_varying_var4d_burger_s1_7c62b6f2e57b	outputs/baselines_large/runs/task_group=time_varying/pde=burger/baseline=var4d/task=sparse_solution/seed=1/sensors=100/mode=time_varying/noise=0_05/scalar=metadata/run=time_varying_var4d_burger_s1_7c62b6f2e57b/run.status.json	
time_varying_var4d_burger_s1_382360589076	time_varying/var4d/burger/seed=1/sensors=250/time_varying/noise=0.0	time_varying	sparse_solution	burger	var4d	1	50000	0	1000	5	250	time_varying	0.0	metadata	lazy	True	1	1	500	0	0	cuda	baselines/configs/paper.yaml	outputs/baselines_large/runs/task_group=time_varying/pde=burger/baseline=var4d/task=sparse_solution/seed=1/sensors=250/mode=time_varying/noise=0/scalar=metadata/run=time_varying_var4d_burger_s1_382360589076	outputs/baselines_large/logs/task_group=time_varying/run=time_varying_var4d_burger_s1_382360589076	outputs/baselines_large/runs/task_group=time_varying/pde=burger/baseline=var4d/task=sparse_solution/seed=1/sensors=250/mode=time_varying/noise=0/scalar=metadata/run=time_varying_var4d_burger_s1_382360589076/run.status.json	
time_varying_var4d_burger_s1_2c99d1b3d9e5	time_varying/var4d/burger/seed=1/sensors=250/time_varying/noise=0.01	time_varying	sparse_solution	burger	var4d	1	50000	0	1000	5	250	time_varying	0.01	metadata	lazy	True	1	1	500	0	0	cuda	baselines/configs/paper.yaml	outputs/baselines_large/runs/task_group=time_varying/pde=burger/baseline=var4d/task=sparse_solution/seed=1/sensors=250/mode=time_varying/noise=0_01/scalar=metadata/run=time_varying_var4d_burger_s1_2c99d1b3d9e5	outputs/baselines_large/logs/task_group=time_varying/run=time_varying_var4d_burger_s1_2c99d1b3d9e5	outputs/baselines_large/runs/task_group=time_varying/pde=burger/baseline=var4d/task=sparse_solution/seed=1/sensors=250/mode=time_varying/noise=0_01/scalar=metadata/run=time_varying_var4d_burger_s1_2c99d1b3d9e5/run.status.json	
time_varying_var4d_burger_s1_fd938a92ff00	time_varying/var4d/burger/seed=1/sensors=250/time_varying/noise=0.05	time_varying	sparse_solution	burger	var4d	1	50000	0	1000	5	250	time_varying	0.05	metadata	lazy	True	1	1	500	0	0	cuda	baselines/configs/paper.yaml	outputs/baselines_large/runs/task_group=time_varying/pde=burger/baseline=var4d/task=sparse_solution/seed=1/sensors=250/mode=time_varying/noise=0_05/scalar=metadata/run=time_varying_var4d_burger_s1_fd938a92ff00	outputs/baselines_large/logs/task_group=time_varying/run=time_varying_var4d_burger_s1_fd938a92ff00	outputs/baselines_large/runs/task_group=time_varying/pde=burger/baseline=var4d/task=sparse_solution/seed=1/sensors=250/mode=time_varying/noise=0_05/scalar=metadata/run=time_varying_var4d_burger_s1_fd938a92ff00/run.status.json	
time_varying_var4d_burger_s1_3bf5dcd37544	time_varying/var4d/burger/seed=1/sensors=500/time_varying/noise=0.0	time_varying	sparse_solution	burger	var4d	1	50000	0	1000	5	500	time_varying	0.0	metadata	lazy	True	1	1	500	0	0	cuda	baselines/configs/paper.yaml	outputs/baselines_large/runs/task_group=time_varying/pde=burger/baseline=var4d/task=sparse_solution/seed=1/sensors=500/mode=time_varying/noise=0/scalar=metadata/run=time_varying_var4d_burger_s1_3bf5dcd37544	outputs/baselines_large/logs/task_group=time_varying/run=time_varying_var4d_burger_s1_3bf5dcd37544	outputs/baselines_large/runs/task_group=time_varying/pde=burger/baseline=var4d/task=sparse_solution/seed=1/sensors=500/mode=time_varying/noise=0/scalar=metadata/run=time_varying_var4d_burger_s1_3bf5dcd37544/run.status.json	
time_varying_var4d_burger_s1_de8b054a2d0e	time_varying/var4d/burger/seed=1/sensors=500/time_varying/noise=0.01	time_varying	sparse_solution	burger	var4d	1	50000	0	1000	5	500	time_varying	0.01	metadata	lazy	True	1	1	500	0	0	cuda	baselines/configs/paper.yaml	outputs/baselines_large/runs/task_group=time_varying/pde=burger/baseline=var4d/task=sparse_solution/seed=1/sensors=500/mode=time_varying/noise=0_01/scalar=metadata/run=time_varying_var4d_burger_s1_de8b054a2d0e	outputs/baselines_large/logs/task_group=time_varying/run=time_varying_var4d_burger_s1_de8b054a2d0e	outputs/baselines_large/runs/task_group=time_varying/pde=burger/baseline=var4d/task=sparse_solution/seed=1/sensors=500/mode=time_varying/noise=0_01/scalar=metadata/run=time_varying_var4d_burger_s1_de8b054a2d0e/run.status.json	
time_varying_var4d_burger_s1_0adcddd7fad4	time_varying/var4d/burger/seed=1/sensors=500/time_varying/noise=0.05	time_varying	sparse_solution	burger	var4d	1	50000	0	1000	5	500	time_varying	0.05	metadata	lazy	True	1	1	500	0	0	cuda	baselines/configs/paper.yaml	outputs/baselines_large/runs/task_group=time_varying/pde=burger/baseline=var4d/task=sparse_solution/seed=1/sensors=500/mode=time_varying/noise=0_05/scalar=metadata/run=time_varying_var4d_burger_s1_0adcddd7fad4	outputs/baselines_large/logs/task_group=time_varying/run=time_varying_var4d_burger_s1_0adcddd7fad4	outputs/baselines_large/runs/task_group=time_varying/pde=burger/baseline=var4d/task=sparse_solution/seed=1/sensors=500/mode=time_varying/noise=0_05/scalar=metadata/run=time_varying_var4d_burger_s1_0adcddd7fad4/run.status.json	
time_varying_var4d_burger_s2_87271e922335	time_varying/var4d/burger/seed=2/sensors=50/time_varying/noise=0.0	time_varying	sparse_solution	burger	var4d	2	50000	0	1000	5	50	time_varying	0.0	metadata	lazy	True	1	1	500	0	0	cuda	baselines/configs/paper.yaml	outputs/baselines_large/runs/task_group=time_varying/pde=burger/baseline=var4d/task=sparse_solution/seed=2/sensors=50/mode=time_varying/noise=0/scalar=metadata/run=time_varying_var4d_burger_s2_87271e922335	outputs/baselines_large/logs/task_group=time_varying/run=time_varying_var4d_burger_s2_87271e922335	outputs/baselines_large/runs/task_group=time_varying/pde=burger/baseline=var4d/task=sparse_solution/seed=2/sensors=50/mode=time_varying/noise=0/scalar=metadata/run=time_varying_var4d_burger_s2_87271e922335/run.status.json	
time_varying_var4d_burger_s2_2ad17a529500	time_varying/var4d/burger/seed=2/sensors=50/time_varying/noise=0.01	time_varying	sparse_solution	burger	var4d	2	50000	0	1000	5	50	time_varying	0.01	metadata	lazy	True	1	1	500	0	0	cuda	baselines/configs/paper.yaml	outputs/baselines_large/runs/task_group=time_varying/pde=burger/baseline=var4d/task=sparse_solution/seed=2/sensors=50/mode=time_varying/noise=0_01/scalar=metadata/run=time_varying_var4d_burger_s2_2ad17a529500	outputs/baselines_large/logs/task_group=time_varying/run=time_varying_var4d_burger_s2_2ad17a529500	outputs/baselines_large/runs/task_group=time_varying/pde=burger/baseline=var4d/task=sparse_solution/seed=2/sensors=50/mode=time_varying/noise=0_01/scalar=metadata/run=time_varying_var4d_burger_s2_2ad17a529500/run.status.json	
time_varying_var4d_burger_s2_e069a1895c6d	time_varying/var4d/burger/seed=2/sensors=50/time_varying/noise=0.05	time_varying	sparse_solution	burger	var4d	2	50000	0	1000	5	50	time_varying	0.05	metadata	lazy	True	1	1	500	0	0	cuda	baselines/configs/paper.yaml	outputs/baselines_large/runs/task_group=time_varying/pde=burger/baseline=var4d/task=sparse_solution/seed=2/sensors=50/mode=time_varying/noise=0_05/scalar=metadata/run=time_varying_var4d_burger_s2_e069a1895c6d	outputs/baselines_large/logs/task_group=time_varying/run=time_varying_var4d_burger_s2_e069a1895c6d	outputs/baselines_large/runs/task_group=time_varying/pde=burger/baseline=var4d/task=sparse_solution/seed=2/sensors=50/mode=time_varying/noise=0_05/scalar=metadata/run=time_varying_var4d_burger_s2_e069a1895c6d/run.status.json	
time_varying_var4d_burger_s2_a0872c188ba6	time_varying/var4d/burger/seed=2/sensors=100/time_varying/noise=0.0	time_varying	sparse_solution	burger	var4d	2	50000	0	1000	5	100	time_varying	0.0	metadata	lazy	True	1	1	500	0	0	cuda	baselines/configs/paper.yaml	outputs/baselines_large/runs/task_group=time_varying/pde=burger/baseline=var4d/task=sparse_solution/seed=2/sensors=100/mode=time_varying/noise=0/scalar=metadata/run=time_varying_var4d_burger_s2_a0872c188ba6	outputs/baselines_large/logs/task_group=time_varying/run=time_varying_var4d_burger_s2_a0872c188ba6	outputs/baselines_large/runs/task_group=time_varying/pde=burger/baseline=var4d/task=sparse_solution/seed=2/sensors=100/mode=time_varying/noise=0/scalar=metadata/run=time_varying_var4d_burger_s2_a0872c188ba6/run.status.json	
time_varying_var4d_burger_s2_dd01240601de	time_varying/var4d/burger/seed=2/sensors=100/time_varying/noise=0.01	time_varying	sparse_solution	burger	var4d	2	50000	0	1000	5	100	time_varying	0.01	metadata	lazy	True	1	1	500	0	0	cuda	baselines/configs/paper.yaml	outputs/baselines_large/runs/task_group=time_varying/pde=burger/baseline=var4d/task=sparse_solution/seed=2/sensors=100/mode=time_varying/noise=0_01/scalar=metadata/run=time_varying_var4d_burger_s2_dd01240601de	outputs/baselines_large/logs/task_group=time_varying/run=time_varying_var4d_burger_s2_dd01240601de	outputs/baselines_large/runs/task_group=time_varying/pde=burger/baseline=var4d/task=sparse_solution/seed=2/sensors=100/mode=time_varying/noise=0_01/scalar=metadata/run=time_varying_var4d_burger_s2_dd01240601de/run.status.json	
time_varying_var4d_burger_s2_531c943fc724	time_varying/var4d/burger/seed=2/sensors=100/time_varying/noise=0.05	time_varying	sparse_solution	burger	var4d	2	50000	0	1000	5	100	time_varying	0.05	metadata	lazy	True	1	1	500	0	0	cuda	baselines/configs/paper.yaml	outputs/baselines_large/runs/task_group=time_varying/pde=burger/baseline=var4d/task=sparse_solution/seed=2/sensors=100/mode=time_varying/noise=0_05/scalar=metadata/run=time_varying_var4d_burger_s2_531c943fc724	outputs/baselines_large/logs/task_group=time_varying/run=time_varying_var4d_burger_s2_531c943fc724	outputs/baselines_large/runs/task_group=time_varying/pde=burger/baseline=var4d/task=sparse_solution/seed=2/sensors=100/mode=time_varying/noise=0_05/scalar=metadata/run=time_varying_var4d_burger_s2_531c943fc724/run.status.json	
time_varying_var4d_burger_s2_05b2cf0fc3dc	time_varying/var4d/burger/seed=2/sensors=250/time_varying/noise=0.0	time_varying	sparse_solution	burger	var4d	2	50000	0	1000	5	250	time_varying	0.0	metadata	lazy	True	1	1	500	0	0	cuda	baselines/configs/paper.yaml	outputs/baselines_large/runs/task_group=time_varying/pde=burger/baseline=var4d/task=sparse_solution/seed=2/sensors=250/mode=time_varying/noise=0/scalar=metadata/run=time_varying_var4d_burger_s2_05b2cf0fc3dc	outputs/baselines_large/logs/task_group=time_varying/run=time_varying_var4d_burger_s2_05b2cf0fc3dc	outputs/baselines_large/runs/task_group=time_varying/pde=burger/baseline=var4d/task=sparse_solution/seed=2/sensors=250/mode=time_varying/noise=0/scalar=metadata/run=time_varying_var4d_burger_s2_05b2cf0fc3dc/run.status.json	
time_varying_var4d_burger_s2_c513bc44db0a	time_varying/var4d/burger/seed=2/sensors=250/time_varying/noise=0.01	time_varying	sparse_solution	burger	var4d	2	50000	0	1000	5	250	time_varying	0.01	metadata	lazy	True	1	1	500	0	0	cuda	baselines/configs/paper.yaml	outputs/baselines_large/runs/task_group=time_varying/pde=burger/baseline=var4d/task=sparse_solution/seed=2/sensors=250/mode=time_varying/noise=0_01/scalar=metadata/run=time_varying_var4d_burger_s2_c513bc44db0a	outputs/baselines_large/logs/task_group=time_varying/run=time_varying_var4d_burger_s2_c513bc44db0a	outputs/baselines_large/runs/task_group=time_varying/pde=burger/baseline=var4d/task=sparse_solution/seed=2/sensors=250/mode=time_varying/noise=0_01/scalar=metadata/run=time_varying_var4d_burger_s2_c513bc44db0a/run.status.json	
time_varying_var4d_burger_s2_e301f6580356	time_varying/var4d/burger/seed=2/sensors=250/time_varying/noise=0.05	time_varying	sparse_solution	burger	var4d	2	50000	0	1000	5	250	time_varying	0.05	metadata	lazy	True	1	1	500	0	0	cuda	baselines/configs/paper.yaml	outputs/baselines_large/runs/task_group=time_varying/pde=burger/baseline=var4d/task=sparse_solution/seed=2/sensors=250/mode=time_varying/noise=0_05/scalar=metadata/run=time_varying_var4d_burger_s2_e301f6580356	outputs/baselines_large/logs/task_group=time_varying/run=time_varying_var4d_burger_s2_e301f6580356	outputs/baselines_large/runs/task_group=time_varying/pde=burger/baseline=var4d/task=sparse_solution/seed=2/sensors=250/mode=time_varying/noise=0_05/scalar=metadata/run=time_varying_var4d_burger_s2_e301f6580356/run.status.json	
time_varying_var4d_burger_s2_758479ca989b	time_varying/var4d/burger/seed=2/sensors=500/time_varying/noise=0.0	time_varying	sparse_solution	burger	var4d	2	50000	0	1000	5	500	time_varying	0.0	metadata	lazy	True	1	1	500	0	0	cuda	baselines/configs/paper.yaml	outputs/baselines_large/runs/task_group=time_varying/pde=burger/baseline=var4d/task=sparse_solution/seed=2/sensors=500/mode=time_varying/noise=0/scalar=metadata/run=time_varying_var4d_burger_s2_758479ca989b	outputs/baselines_large/logs/task_group=time_varying/run=time_varying_var4d_burger_s2_758479ca989b	outputs/baselines_large/runs/task_group=time_varying/pde=burger/baseline=var4d/task=sparse_solution/seed=2/sensors=500/mode=time_varying/noise=0/scalar=metadata/run=time_varying_var4d_burger_s2_758479ca989b/run.status.json	
time_varying_var4d_burger_s2_cc48b755a6f4	time_varying/var4d/burger/seed=2/sensors=500/time_varying/noise=0.01	time_varying	sparse_solution	burger	var4d	2	50000	0	1000	5	500	time_varying	0.01	metadata	lazy	True	1	1	500	0	0	cuda	baselines/configs/paper.yaml	outputs/baselines_large/runs/task_group=time_varying/pde=burger/baseline=var4d/task=sparse_solution/seed=2/sensors=500/mode=time_varying/noise=0_01/scalar=metadata/run=time_varying_var4d_burger_s2_cc48b755a6f4	outputs/baselines_large/logs/task_group=time_varying/run=time_varying_var4d_burger_s2_cc48b755a6f4	outputs/baselines_large/runs/task_group=time_varying/pde=burger/baseline=var4d/task=sparse_solution/seed=2/sensors=500/mode=time_varying/noise=0_01/scalar=metadata/run=time_varying_var4d_burger_s2_cc48b755a6f4/run.status.json	
time_varying_var4d_burger_s2_352bbc196c90	time_varying/var4d/burger/seed=2/sensors=500/time_varying/noise=0.05	time_varying	sparse_solution	burger	var4d	2	50000	0	1000	5	500	time_varying	0.05	metadata	lazy	True	1	1	500	0	0	cuda	baselines/configs/paper.yaml	outputs/baselines_large/runs/task_group=time_varying/pde=burger/baseline=var4d/task=sparse_solution/seed=2/sensors=500/mode=time_varying/noise=0_05/scalar=metadata/run=time_varying_var4d_burger_s2_352bbc196c90	outputs/baselines_large/logs/task_group=time_varying/run=time_varying_var4d_burger_s2_352bbc196c90	outputs/baselines_large/runs/task_group=time_varying/pde=burger/baseline=var4d/task=sparse_solution/seed=2/sensors=500/mode=time_varying/noise=0_05/scalar=metadata/run=time_varying_var4d_burger_s2_352bbc196c90/run.status.json	
time_varying_var4d_burger_s3_b9f97fa9c48f	time_varying/var4d/burger/seed=3/sensors=50/time_varying/noise=0.0	time_varying	sparse_solution	burger	var4d	3	50000	0	1000	5	50	time_varying	0.0	metadata	lazy	True	1	1	500	0	0	cuda	baselines/configs/paper.yaml	outputs/baselines_large/runs/task_group=time_varying/pde=burger/baseline=var4d/task=sparse_solution/seed=3/sensors=50/mode=time_varying/noise=0/scalar=metadata/run=time_varying_var4d_burger_s3_b9f97fa9c48f	outputs/baselines_large/logs/task_group=time_varying/run=time_varying_var4d_burger_s3_b9f97fa9c48f	outputs/baselines_large/runs/task_group=time_varying/pde=burger/baseline=var4d/task=sparse_solution/seed=3/sensors=50/mode=time_varying/noise=0/scalar=metadata/run=time_varying_var4d_burger_s3_b9f97fa9c48f/run.status.json	
time_varying_var4d_burger_s3_c9e65708307b	time_varying/var4d/burger/seed=3/sensors=50/time_varying/noise=0.01	time_varying	sparse_solution	burger	var4d	3	50000	0	1000	5	50	time_varying	0.01	metadata	lazy	True	1	1	500	0	0	cuda	baselines/configs/paper.yaml	outputs/baselines_large/runs/task_group=time_varying/pde=burger/baseline=var4d/task=sparse_solution/seed=3/sensors=50/mode=time_varying/noise=0_01/scalar=metadata/run=time_varying_var4d_burger_s3_c9e65708307b	outputs/baselines_large/logs/task_group=time_varying/run=time_varying_var4d_burger_s3_c9e65708307b	outputs/baselines_large/runs/task_group=time_varying/pde=burger/baseline=var4d/task=sparse_solution/seed=3/sensors=50/mode=time_varying/noise=0_01/scalar=metadata/run=time_varying_var4d_burger_s3_c9e65708307b/run.status.json	
time_varying_var4d_burger_s3_c8fa64260360	time_varying/var4d/burger/seed=3/sensors=50/time_varying/noise=0.05	time_varying	sparse_solution	burger	var4d	3	50000	0	1000	5	50	time_varying	0.05	metadata	lazy	True	1	1	500	0	0	cuda	baselines/configs/paper.yaml	outputs/baselines_large/runs/task_group=time_varying/pde=burger/baseline=var4d/task=sparse_solution/seed=3/sensors=50/mode=time_varying/noise=0_05/scalar=metadata/run=time_varying_var4d_burger_s3_c8fa64260360	outputs/baselines_large/logs/task_group=time_varying/run=time_varying_var4d_burger_s3_c8fa64260360	outputs/baselines_large/runs/task_group=time_varying/pde=burger/baseline=var4d/task=sparse_solution/seed=3/sensors=50/mode=time_varying/noise=0_05/scalar=metadata/run=time_varying_var4d_burger_s3_c8fa64260360/run.status.json	
time_varying_var4d_burger_s3_681ff696f238	time_varying/var4d/burger/seed=3/sensors=100/time_varying/noise=0.0	time_varying	sparse_solution	burger	var4d	3	50000	0	1000	5	100	time_varying	0.0	metadata	lazy	True	1	1	500	0	0	cuda	baselines/configs/paper.yaml	outputs/baselines_large/runs/task_group=time_varying/pde=burger/baseline=var4d/task=sparse_solution/seed=3/sensors=100/mode=time_varying/noise=0/scalar=metadata/run=time_varying_var4d_burger_s3_681ff696f238	outputs/baselines_large/logs/task_group=time_varying/run=time_varying_var4d_burger_s3_681ff696f238	outputs/baselines_large/runs/task_group=time_varying/pde=burger/baseline=var4d/task=sparse_solution/seed=3/sensors=100/mode=time_varying/noise=0/scalar=metadata/run=time_varying_var4d_burger_s3_681ff696f238/run.status.json	
time_varying_var4d_burger_s3_02f5702019fe	time_varying/var4d/burger/seed=3/sensors=100/time_varying/noise=0.01	time_varying	sparse_solution	burger	var4d	3	50000	0	1000	5	100	time_varying	0.01	metadata	lazy	True	1	1	500	0	0	cuda	baselines/configs/paper.yaml	outputs/baselines_large/runs/task_group=time_varying/pde=burger/baseline=var4d/task=sparse_solution/seed=3/sensors=100/mode=time_varying/noise=0_01/scalar=metadata/run=time_varying_var4d_burger_s3_02f5702019fe	outputs/baselines_large/logs/task_group=time_varying/run=time_varying_var4d_burger_s3_02f5702019fe	outputs/baselines_large/runs/task_group=time_varying/pde=burger/baseline=var4d/task=sparse_solution/seed=3/sensors=100/mode=time_varying/noise=0_01/scalar=metadata/run=time_varying_var4d_burger_s3_02f5702019fe/run.status.json	
time_varying_var4d_burger_s3_2e431bf50555	time_varying/var4d/burger/seed=3/sensors=100/time_varying/noise=0.05	time_varying	sparse_solution	burger	var4d	3	50000	0	1000	5	100	time_varying	0.05	metadata	lazy	True	1	1	500	0	0	cuda	baselines/configs/paper.yaml	outputs/baselines_large/runs/task_group=time_varying/pde=burger/baseline=var4d/task=sparse_solution/seed=3/sensors=100/mode=time_varying/noise=0_05/scalar=metadata/run=time_varying_var4d_burger_s3_2e431bf50555	outputs/baselines_large/logs/task_group=time_varying/run=time_varying_var4d_burger_s3_2e431bf50555	outputs/baselines_large/runs/task_group=time_varying/pde=burger/baseline=var4d/task=sparse_solution/seed=3/sensors=100/mode=time_varying/noise=0_05/scalar=metadata/run=time_varying_var4d_burger_s3_2e431bf50555/run.status.json	
time_varying_var4d_burger_s3_935ba3726414	time_varying/var4d/burger/seed=3/sensors=250/time_varying/noise=0.0	time_varying	sparse_solution	burger	var4d	3	50000	0	1000	5	250	time_varying	0.0	metadata	lazy	True	1	1	500	0	0	cuda	baselines/configs/paper.yaml	outputs/baselines_large/runs/task_group=time_varying/pde=burger/baseline=var4d/task=sparse_solution/seed=3/sensors=250/mode=time_varying/noise=0/scalar=metadata/run=time_varying_var4d_burger_s3_935ba3726414	outputs/baselines_large/logs/task_group=time_varying/run=time_varying_var4d_burger_s3_935ba3726414	outputs/baselines_large/runs/task_group=time_varying/pde=burger/baseline=var4d/task=sparse_solution/seed=3/sensors=250/mode=time_varying/noise=0/scalar=metadata/run=time_varying_var4d_burger_s3_935ba3726414/run.status.json	
time_varying_var4d_burger_s3_a1590d732c85	time_varying/var4d/burger/seed=3/sensors=250/time_varying/noise=0.01	time_varying	sparse_solution	burger	var4d	3	50000	0	1000	5	250	time_varying	0.01	metadata	lazy	True	1	1	500	0	0	cuda	baselines/configs/paper.yaml	outputs/baselines_large/runs/task_group=time_varying/pde=burger/baseline=var4d/task=sparse_solution/seed=3/sensors=250/mode=time_varying/noise=0_01/scalar=metadata/run=time_varying_var4d_burger_s3_a1590d732c85	outputs/baselines_large/logs/task_group=time_varying/run=time_varying_var4d_burger_s3_a1590d732c85	outputs/baselines_large/runs/task_group=time_varying/pde=burger/baseline=var4d/task=sparse_solution/seed=3/sensors=250/mode=time_varying/noise=0_01/scalar=metadata/run=time_varying_var4d_burger_s3_a1590d732c85/run.status.json	
time_varying_var4d_burger_s3_73bd1bfe0e2d	time_varying/var4d/burger/seed=3/sensors=250/time_varying/noise=0.05	time_varying	sparse_solution	burger	var4d	3	50000	0	1000	5	250	time_varying	0.05	metadata	lazy	True	1	1	500	0	0	cuda	baselines/configs/paper.yaml	outputs/baselines_large/runs/task_group=time_varying/pde=burger/baseline=var4d/task=sparse_solution/seed=3/sensors=250/mode=time_varying/noise=0_05/scalar=metadata/run=time_varying_var4d_burger_s3_73bd1bfe0e2d	outputs/baselines_large/logs/task_group=time_varying/run=time_varying_var4d_burger_s3_73bd1bfe0e2d	outputs/baselines_large/runs/task_group=time_varying/pde=burger/baseline=var4d/task=sparse_solution/seed=3/sensors=250/mode=time_varying/noise=0_05/scalar=metadata/run=time_varying_var4d_burger_s3_73bd1bfe0e2d/run.status.json	
time_varying_var4d_burger_s3_9f5b1133a89b	time_varying/var4d/burger/seed=3/sensors=500/time_varying/noise=0.0	time_varying	sparse_solution	burger	var4d	3	50000	0	1000	5	500	time_varying	0.0	metadata	lazy	True	1	1	500	0	0	cuda	baselines/configs/paper.yaml	outputs/baselines_large/runs/task_group=time_varying/pde=burger/baseline=var4d/task=sparse_solution/seed=3/sensors=500/mode=time_varying/noise=0/scalar=metadata/run=time_varying_var4d_burger_s3_9f5b1133a89b	outputs/baselines_large/logs/task_group=time_varying/run=time_varying_var4d_burger_s3_9f5b1133a89b	outputs/baselines_large/runs/task_group=time_varying/pde=burger/baseline=var4d/task=sparse_solution/seed=3/sensors=500/mode=time_varying/noise=0/scalar=metadata/run=time_varying_var4d_burger_s3_9f5b1133a89b/run.status.json	
time_varying_var4d_burger_s3_6c0b0475555a	time_varying/var4d/burger/seed=3/sensors=500/time_varying/noise=0.01	time_varying	sparse_solution	burger	var4d	3	50000	0	1000	5	500	time_varying	0.01	metadata	lazy	True	1	1	500	0	0	cuda	baselines/configs/paper.yaml	outputs/baselines_large/runs/task_group=time_varying/pde=burger/baseline=var4d/task=sparse_solution/seed=3/sensors=500/mode=time_varying/noise=0_01/scalar=metadata/run=time_varying_var4d_burger_s3_6c0b0475555a	outputs/baselines_large/logs/task_group=time_varying/run=time_varying_var4d_burger_s3_6c0b0475555a	outputs/baselines_large/runs/task_group=time_varying/pde=burger/baseline=var4d/task=sparse_solution/seed=3/sensors=500/mode=time_varying/noise=0_01/scalar=metadata/run=time_varying_var4d_burger_s3_6c0b0475555a/run.status.json	
time_varying_var4d_burger_s3_b95c669c9f56	time_varying/var4d/burger/seed=3/sensors=500/time_varying/noise=0.05	time_varying	sparse_solution	burger	var4d	3	50000	0	1000	5	500	time_varying	0.05	metadata	lazy	True	1	1	500	0	0	cuda	baselines/configs/paper.yaml	outputs/baselines_large/runs/task_group=time_varying/pde=burger/baseline=var4d/task=sparse_solution/seed=3/sensors=500/mode=time_varying/noise=0_05/scalar=metadata/run=time_varying_var4d_burger_s3_b95c669c9f56	outputs/baselines_large/logs/task_group=time_varying/run=time_varying_var4d_burger_s3_b95c669c9f56	outputs/baselines_large/runs/task_group=time_varying/pde=burger/baseline=var4d/task=sparse_solution/seed=3/sensors=500/mode=time_varying/noise=0_05/scalar=metadata/run=time_varying_var4d_burger_s3_b95c669c9f56/run.status.json	
time_varying_vivid_burger_s1_918829051f72	time_varying/vivid/burger/seed=1/sensors=50/time_varying/noise=0.0	time_varying	sparse_solution	burger	vivid	1	50000	0	1000	5	50	time_varying	0.0	metadata	lazy	True	1	1	0	300	0	cuda	baselines/configs/paper.yaml	outputs/baselines_large/runs/task_group=time_varying/pde=burger/baseline=vivid/task=sparse_solution/seed=1/sensors=50/mode=time_varying/noise=0/scalar=metadata/run=time_varying_vivid_burger_s1_918829051f72	outputs/baselines_large/logs/task_group=time_varying/run=time_varying_vivid_burger_s1_918829051f72	outputs/baselines_large/runs/task_group=time_varying/pde=burger/baseline=vivid/task=sparse_solution/seed=1/sensors=50/mode=time_varying/noise=0/scalar=metadata/run=time_varying_vivid_burger_s1_918829051f72/run.status.json	
time_varying_vivid_burger_s1_a101a5451c98	time_varying/vivid/burger/seed=1/sensors=50/time_varying/noise=0.01	time_varying	sparse_solution	burger	vivid	1	50000	0	1000	5	50	time_varying	0.01	metadata	lazy	True	1	1	0	300	0	cuda	baselines/configs/paper.yaml	outputs/baselines_large/runs/task_group=time_varying/pde=burger/baseline=vivid/task=sparse_solution/seed=1/sensors=50/mode=time_varying/noise=0_01/scalar=metadata/run=time_varying_vivid_burger_s1_a101a5451c98	outputs/baselines_large/logs/task_group=time_varying/run=time_varying_vivid_burger_s1_a101a5451c98	outputs/baselines_large/runs/task_group=time_varying/pde=burger/baseline=vivid/task=sparse_solution/seed=1/sensors=50/mode=time_varying/noise=0_01/scalar=metadata/run=time_varying_vivid_burger_s1_a101a5451c98/run.status.json	
time_varying_vivid_burger_s1_066ed36c62e7	time_varying/vivid/burger/seed=1/sensors=50/time_varying/noise=0.05	time_varying	sparse_solution	burger	vivid	1	50000	0	1000	5	50	time_varying	0.05	metadata	lazy	True	1	1	0	300	0	cuda	baselines/configs/paper.yaml	outputs/baselines_large/runs/task_group=time_varying/pde=burger/baseline=vivid/task=sparse_solution/seed=1/sensors=50/mode=time_varying/noise=0_05/scalar=metadata/run=time_varying_vivid_burger_s1_066ed36c62e7	outputs/baselines_large/logs/task_group=time_varying/run=time_varying_vivid_burger_s1_066ed36c62e7	outputs/baselines_large/runs/task_group=time_varying/pde=burger/baseline=vivid/task=sparse_solution/seed=1/sensors=50/mode=time_varying/noise=0_05/scalar=metadata/run=time_varying_vivid_burger_s1_066ed36c62e7/run.status.json	
time_varying_vivid_burger_s1_432da61a1c91	time_varying/vivid/burger/seed=1/sensors=100/time_varying/noise=0.0	time_varying	sparse_solution	burger	vivid	1	50000	0	1000	5	100	time_varying	0.0	metadata	lazy	True	1	1	0	300	0	cuda	baselines/configs/paper.yaml	outputs/baselines_large/runs/task_group=time_varying/pde=burger/baseline=vivid/task=sparse_solution/seed=1/sensors=100/mode=time_varying/noise=0/scalar=metadata/run=time_varying_vivid_burger_s1_432da61a1c91	outputs/baselines_large/logs/task_group=time_varying/run=time_varying_vivid_burger_s1_432da61a1c91	outputs/baselines_large/runs/task_group=time_varying/pde=burger/baseline=vivid/task=sparse_solution/seed=1/sensors=100/mode=time_varying/noise=0/scalar=metadata/run=time_varying_vivid_burger_s1_432da61a1c91/run.status.json	
time_varying_vivid_burger_s1_2011054a733d	time_varying/vivid/burger/seed=1/sensors=100/time_varying/noise=0.01	time_varying	sparse_solution	burger	vivid	1	50000	0	1000	5	100	time_varying	0.01	metadata	lazy	True	1	1	0	300	0	cuda	baselines/configs/paper.yaml	outputs/baselines_large/runs/task_group=time_varying/pde=burger/baseline=vivid/task=sparse_solution/seed=1/sensors=100/mode=time_varying/noise=0_01/scalar=metadata/run=time_varying_vivid_burger_s1_2011054a733d	outputs/baselines_large/logs/task_group=time_varying/run=time_varying_vivid_burger_s1_2011054a733d	outputs/baselines_large/runs/task_group=time_varying/pde=burger/baseline=vivid/task=sparse_solution/seed=1/sensors=100/mode=time_varying/noise=0_01/scalar=metadata/run=time_varying_vivid_burger_s1_2011054a733d/run.status.json	
time_varying_vivid_burger_s1_95498274373f	time_varying/vivid/burger/seed=1/sensors=100/time_varying/noise=0.05	time_varying	sparse_solution	burger	vivid	1	50000	0	1000	5	100	time_varying	0.05	metadata	lazy	True	1	1	0	300	0	cuda	baselines/configs/paper.yaml	outputs/baselines_large/runs/task_group=time_varying/pde=burger/baseline=vivid/task=sparse_solution/seed=1/sensors=100/mode=time_varying/noise=0_05/scalar=metadata/run=time_varying_vivid_burger_s1_95498274373f	outputs/baselines_large/logs/task_group=time_varying/run=time_varying_vivid_burger_s1_95498274373f	outputs/baselines_large/runs/task_group=time_varying/pde=burger/baseline=vivid/task=sparse_solution/seed=1/sensors=100/mode=time_varying/noise=0_05/scalar=metadata/run=time_varying_vivid_burger_s1_95498274373f/run.status.json	
time_varying_vivid_burger_s1_10726ebda34f	time_varying/vivid/burger/seed=1/sensors=250/time_varying/noise=0.0	time_varying	sparse_solution	burger	vivid	1	50000	0	1000	5	250	time_varying	0.0	metadata	lazy	True	1	1	0	300	0	cuda	baselines/configs/paper.yaml	outputs/baselines_large/runs/task_group=time_varying/pde=burger/baseline=vivid/task=sparse_solution/seed=1/sensors=250/mode=time_varying/noise=0/scalar=metadata/run=time_varying_vivid_burger_s1_10726ebda34f	outputs/baselines_large/logs/task_group=time_varying/run=time_varying_vivid_burger_s1_10726ebda34f	outputs/baselines_large/runs/task_group=time_varying/pde=burger/baseline=vivid/task=sparse_solution/seed=1/sensors=250/mode=time_varying/noise=0/scalar=metadata/run=time_varying_vivid_burger_s1_10726ebda34f/run.status.json	
time_varying_vivid_burger_s1_66ba234f3a51	time_varying/vivid/burger/seed=1/sensors=250/time_varying/noise=0.01	time_varying	sparse_solution	burger	vivid	1	50000	0	1000	5	250	time_varying	0.01	metadata	lazy	True	1	1	0	300	0	cuda	baselines/configs/paper.yaml	outputs/baselines_large/runs/task_group=time_varying/pde=burger/baseline=vivid/task=sparse_solution/seed=1/sensors=250/mode=time_varying/noise=0_01/scalar=metadata/run=time_varying_vivid_burger_s1_66ba234f3a51	outputs/baselines_large/logs/task_group=time_varying/run=time_varying_vivid_burger_s1_66ba234f3a51	outputs/baselines_large/runs/task_group=time_varying/pde=burger/baseline=vivid/task=sparse_solution/seed=1/sensors=250/mode=time_varying/noise=0_01/scalar=metadata/run=time_varying_vivid_burger_s1_66ba234f3a51/run.status.json	
time_varying_vivid_burger_s1_9411b4d9a408	time_varying/vivid/burger/seed=1/sensors=250/time_varying/noise=0.05	time_varying	sparse_solution	burger	vivid	1	50000	0	1000	5	250	time_varying	0.05	metadata	lazy	True	1	1	0	300	0	cuda	baselines/configs/paper.yaml	outputs/baselines_large/runs/task_group=time_varying/pde=burger/baseline=vivid/task=sparse_solution/seed=1/sensors=250/mode=time_varying/noise=0_05/scalar=metadata/run=time_varying_vivid_burger_s1_9411b4d9a408	outputs/baselines_large/logs/task_group=time_varying/run=time_varying_vivid_burger_s1_9411b4d9a408	outputs/baselines_large/runs/task_group=time_varying/pde=burger/baseline=vivid/task=sparse_solution/seed=1/sensors=250/mode=time_varying/noise=0_05/scalar=metadata/run=time_varying_vivid_burger_s1_9411b4d9a408/run.status.json	
time_varying_vivid_burger_s1_bd659b29fc28	time_varying/vivid/burger/seed=1/sensors=500/time_varying/noise=0.0	time_varying	sparse_solution	burger	vivid	1	50000	0	1000	5	500	time_varying	0.0	metadata	lazy	True	1	1	0	300	0	cuda	baselines/configs/paper.yaml	outputs/baselines_large/runs/task_group=time_varying/pde=burger/baseline=vivid/task=sparse_solution/seed=1/sensors=500/mode=time_varying/noise=0/scalar=metadata/run=time_varying_vivid_burger_s1_bd659b29fc28	outputs/baselines_large/logs/task_group=time_varying/run=time_varying_vivid_burger_s1_bd659b29fc28	outputs/baselines_large/runs/task_group=time_varying/pde=burger/baseline=vivid/task=sparse_solution/seed=1/sensors=500/mode=time_varying/noise=0/scalar=metadata/run=time_varying_vivid_burger_s1_bd659b29fc28/run.status.json	
time_varying_vivid_burger_s1_71cab0bfcfa3	time_varying/vivid/burger/seed=1/sensors=500/time_varying/noise=0.01	time_varying	sparse_solution	burger	vivid	1	50000	0	1000	5	500	time_varying	0.01	metadata	lazy	True	1	1	0	300	0	cuda	baselines/configs/paper.yaml	outputs/baselines_large/runs/task_group=time_varying/pde=burger/baseline=vivid/task=sparse_solution/seed=1/sensors=500/mode=time_varying/noise=0_01/scalar=metadata/run=time_varying_vivid_burger_s1_71cab0bfcfa3	outputs/baselines_large/logs/task_group=time_varying/run=time_varying_vivid_burger_s1_71cab0bfcfa3	outputs/baselines_large/runs/task_group=time_varying/pde=burger/baseline=vivid/task=sparse_solution/seed=1/sensors=500/mode=time_varying/noise=0_01/scalar=metadata/run=time_varying_vivid_burger_s1_71cab0bfcfa3/run.status.json	
time_varying_vivid_burger_s1_b3a64de1ada4	time_varying/vivid/burger/seed=1/sensors=500/time_varying/noise=0.05	time_varying	sparse_solution	burger	vivid	1	50000	0	1000	5	500	time_varying	0.05	metadata	lazy	True	1	1	0	300	0	cuda	baselines/configs/paper.yaml	outputs/baselines_large/runs/task_group=time_varying/pde=burger/baseline=vivid/task=sparse_solution/seed=1/sensors=500/mode=time_varying/noise=0_05/scalar=metadata/run=time_varying_vivid_burger_s1_b3a64de1ada4	outputs/baselines_large/logs/task_group=time_varying/run=time_varying_vivid_burger_s1_b3a64de1ada4	outputs/baselines_large/runs/task_group=time_varying/pde=burger/baseline=vivid/task=sparse_solution/seed=1/sensors=500/mode=time_varying/noise=0_05/scalar=metadata/run=time_varying_vivid_burger_s1_b3a64de1ada4/run.status.json	
time_varying_vivid_burger_s2_8ba7ead9fd64	time_varying/vivid/burger/seed=2/sensors=50/time_varying/noise=0.0	time_varying	sparse_solution	burger	vivid	2	50000	0	1000	5	50	time_varying	0.0	metadata	lazy	True	1	1	0	300	0	cuda	baselines/configs/paper.yaml	outputs/baselines_large/runs/task_group=time_varying/pde=burger/baseline=vivid/task=sparse_solution/seed=2/sensors=50/mode=time_varying/noise=0/scalar=metadata/run=time_varying_vivid_burger_s2_8ba7ead9fd64	outputs/baselines_large/logs/task_group=time_varying/run=time_varying_vivid_burger_s2_8ba7ead9fd64	outputs/baselines_large/runs/task_group=time_varying/pde=burger/baseline=vivid/task=sparse_solution/seed=2/sensors=50/mode=time_varying/noise=0/scalar=metadata/run=time_varying_vivid_burger_s2_8ba7ead9fd64/run.status.json	
time_varying_vivid_burger_s2_8220ffa76f9b	time_varying/vivid/burger/seed=2/sensors=50/time_varying/noise=0.01	time_varying	sparse_solution	burger	vivid	2	50000	0	1000	5	50	time_varying	0.01	metadata	lazy	True	1	1	0	300	0	cuda	baselines/configs/paper.yaml	outputs/baselines_large/runs/task_group=time_varying/pde=burger/baseline=vivid/task=sparse_solution/seed=2/sensors=50/mode=time_varying/noise=0_01/scalar=metadata/run=time_varying_vivid_burger_s2_8220ffa76f9b	outputs/baselines_large/logs/task_group=time_varying/run=time_varying_vivid_burger_s2_8220ffa76f9b	outputs/baselines_large/runs/task_group=time_varying/pde=burger/baseline=vivid/task=sparse_solution/seed=2/sensors=50/mode=time_varying/noise=0_01/scalar=metadata/run=time_varying_vivid_burger_s2_8220ffa76f9b/run.status.json	
time_varying_vivid_burger_s2_d2ebf068c1f9	time_varying/vivid/burger/seed=2/sensors=50/time_varying/noise=0.05	time_varying	sparse_solution	burger	vivid	2	50000	0	1000	5	50	time_varying	0.05	metadata	lazy	True	1	1	0	300	0	cuda	baselines/configs/paper.yaml	outputs/baselines_large/runs/task_group=time_varying/pde=burger/baseline=vivid/task=sparse_solution/seed=2/sensors=50/mode=time_varying/noise=0_05/scalar=metadata/run=time_varying_vivid_burger_s2_d2ebf068c1f9	outputs/baselines_large/logs/task_group=time_varying/run=time_varying_vivid_burger_s2_d2ebf068c1f9	outputs/baselines_large/runs/task_group=time_varying/pde=burger/baseline=vivid/task=sparse_solution/seed=2/sensors=50/mode=time_varying/noise=0_05/scalar=metadata/run=time_varying_vivid_burger_s2_d2ebf068c1f9/run.status.json	
time_varying_vivid_burger_s2_ffee2f28c8f8	time_varying/vivid/burger/seed=2/sensors=100/time_varying/noise=0.0	time_varying	sparse_solution	burger	vivid	2	50000	0	1000	5	100	time_varying	0.0	metadata	lazy	True	1	1	0	300	0	cuda	baselines/configs/paper.yaml	outputs/baselines_large/runs/task_group=time_varying/pde=burger/baseline=vivid/task=sparse_solution/seed=2/sensors=100/mode=time_varying/noise=0/scalar=metadata/run=time_varying_vivid_burger_s2_ffee2f28c8f8	outputs/baselines_large/logs/task_group=time_varying/run=time_varying_vivid_burger_s2_ffee2f28c8f8	outputs/baselines_large/runs/task_group=time_varying/pde=burger/baseline=vivid/task=sparse_solution/seed=2/sensors=100/mode=time_varying/noise=0/scalar=metadata/run=time_varying_vivid_burger_s2_ffee2f28c8f8/run.status.json	
time_varying_vivid_burger_s2_735e2685ecef	time_varying/vivid/burger/seed=2/sensors=100/time_varying/noise=0.01	time_varying	sparse_solution	burger	vivid	2	50000	0	1000	5	100	time_varying	0.01	metadata	lazy	True	1	1	0	300	0	cuda	baselines/configs/paper.yaml	outputs/baselines_large/runs/task_group=time_varying/pde=burger/baseline=vivid/task=sparse_solution/seed=2/sensors=100/mode=time_varying/noise=0_01/scalar=metadata/run=time_varying_vivid_burger_s2_735e2685ecef	outputs/baselines_large/logs/task_group=time_varying/run=time_varying_vivid_burger_s2_735e2685ecef	outputs/baselines_large/runs/task_group=time_varying/pde=burger/baseline=vivid/task=sparse_solution/seed=2/sensors=100/mode=time_varying/noise=0_01/scalar=metadata/run=time_varying_vivid_burger_s2_735e2685ecef/run.status.json	
time_varying_vivid_burger_s2_d752309c161c	time_varying/vivid/burger/seed=2/sensors=100/time_varying/noise=0.05	time_varying	sparse_solution	burger	vivid	2	50000	0	1000	5	100	time_varying	0.05	metadata	lazy	True	1	1	0	300	0	cuda	baselines/configs/paper.yaml	outputs/baselines_large/runs/task_group=time_varying/pde=burger/baseline=vivid/task=sparse_solution/seed=2/sensors=100/mode=time_varying/noise=0_05/scalar=metadata/run=time_varying_vivid_burger_s2_d752309c161c	outputs/baselines_large/logs/task_group=time_varying/run=time_varying_vivid_burger_s2_d752309c161c	outputs/baselines_large/runs/task_group=time_varying/pde=burger/baseline=vivid/task=sparse_solution/seed=2/sensors=100/mode=time_varying/noise=0_05/scalar=metadata/run=time_varying_vivid_burger_s2_d752309c161c/run.status.json	
time_varying_vivid_burger_s2_06589f2eecbb	time_varying/vivid/burger/seed=2/sensors=250/time_varying/noise=0.0	time_varying	sparse_solution	burger	vivid	2	50000	0	1000	5	250	time_varying	0.0	metadata	lazy	True	1	1	0	300	0	cuda	baselines/configs/paper.yaml	outputs/baselines_large/runs/task_group=time_varying/pde=burger/baseline=vivid/task=sparse_solution/seed=2/sensors=250/mode=time_varying/noise=0/scalar=metadata/run=time_varying_vivid_burger_s2_06589f2eecbb	outputs/baselines_large/logs/task_group=time_varying/run=time_varying_vivid_burger_s2_06589f2eecbb	outputs/baselines_large/runs/task_group=time_varying/pde=burger/baseline=vivid/task=sparse_solution/seed=2/sensors=250/mode=time_varying/noise=0/scalar=metadata/run=time_varying_vivid_burger_s2_06589f2eecbb/run.status.json	
time_varying_vivid_burger_s2_54c096e2be3b	time_varying/vivid/burger/seed=2/sensors=250/time_varying/noise=0.01	time_varying	sparse_solution	burger	vivid	2	50000	0	1000	5	250	time_varying	0.01	metadata	lazy	True	1	1	0	300	0	cuda	baselines/configs/paper.yaml	outputs/baselines_large/runs/task_group=time_varying/pde=burger/baseline=vivid/task=sparse_solution/seed=2/sensors=250/mode=time_varying/noise=0_01/scalar=metadata/run=time_varying_vivid_burger_s2_54c096e2be3b	outputs/baselines_large/logs/task_group=time_varying/run=time_varying_vivid_burger_s2_54c096e2be3b	outputs/baselines_large/runs/task_group=time_varying/pde=burger/baseline=vivid/task=sparse_solution/seed=2/sensors=250/mode=time_varying/noise=0_01/scalar=metadata/run=time_varying_vivid_burger_s2_54c096e2be3b/run.status.json	
time_varying_vivid_burger_s2_227fc2f3b2a6	time_varying/vivid/burger/seed=2/sensors=250/time_varying/noise=0.05	time_varying	sparse_solution	burger	vivid	2	50000	0	1000	5	250	time_varying	0.05	metadata	lazy	True	1	1	0	300	0	cuda	baselines/configs/paper.yaml	outputs/baselines_large/runs/task_group=time_varying/pde=burger/baseline=vivid/task=sparse_solution/seed=2/sensors=250/mode=time_varying/noise=0_05/scalar=metadata/run=time_varying_vivid_burger_s2_227fc2f3b2a6	outputs/baselines_large/logs/task_group=time_varying/run=time_varying_vivid_burger_s2_227fc2f3b2a6	outputs/baselines_large/runs/task_group=time_varying/pde=burger/baseline=vivid/task=sparse_solution/seed=2/sensors=250/mode=time_varying/noise=0_05/scalar=metadata/run=time_varying_vivid_burger_s2_227fc2f3b2a6/run.status.json	
time_varying_vivid_burger_s2_e99b30ee3eb3	time_varying/vivid/burger/seed=2/sensors=500/time_varying/noise=0.0	time_varying	sparse_solution	burger	vivid	2	50000	0	1000	5	500	time_varying	0.0	metadata	lazy	True	1	1	0	300	0	cuda	baselines/configs/paper.yaml	outputs/baselines_large/runs/task_group=time_varying/pde=burger/baseline=vivid/task=sparse_solution/seed=2/sensors=500/mode=time_varying/noise=0/scalar=metadata/run=time_varying_vivid_burger_s2_e99b30ee3eb3	outputs/baselines_large/logs/task_group=time_varying/run=time_varying_vivid_burger_s2_e99b30ee3eb3	outputs/baselines_large/runs/task_group=time_varying/pde=burger/baseline=vivid/task=sparse_solution/seed=2/sensors=500/mode=time_varying/noise=0/scalar=metadata/run=time_varying_vivid_burger_s2_e99b30ee3eb3/run.status.json	
time_varying_vivid_burger_s2_a846eaaee1cc	time_varying/vivid/burger/seed=2/sensors=500/time_varying/noise=0.01	time_varying	sparse_solution	burger	vivid	2	50000	0	1000	5	500	time_varying	0.01	metadata	lazy	True	1	1	0	300	0	cuda	baselines/configs/paper.yaml	outputs/baselines_large/runs/task_group=time_varying/pde=burger/baseline=vivid/task=sparse_solution/seed=2/sensors=500/mode=time_varying/noise=0_01/scalar=metadata/run=time_varying_vivid_burger_s2_a846eaaee1cc	outputs/baselines_large/logs/task_group=time_varying/run=time_varying_vivid_burger_s2_a846eaaee1cc	outputs/baselines_large/runs/task_group=time_varying/pde=burger/baseline=vivid/task=sparse_solution/seed=2/sensors=500/mode=time_varying/noise=0_01/scalar=metadata/run=time_varying_vivid_burger_s2_a846eaaee1cc/run.status.json	
time_varying_vivid_burger_s2_2ab6c223353a	time_varying/vivid/burger/seed=2/sensors=500/time_varying/noise=0.05	time_varying	sparse_solution	burger	vivid	2	50000	0	1000	5	500	time_varying	0.05	metadata	lazy	True	1	1	0	300	0	cuda	baselines/configs/paper.yaml	outputs/baselines_large/runs/task_group=time_varying/pde=burger/baseline=vivid/task=sparse_solution/seed=2/sensors=500/mode=time_varying/noise=0_05/scalar=metadata/run=time_varying_vivid_burger_s2_2ab6c223353a	outputs/baselines_large/logs/task_group=time_varying/run=time_varying_vivid_burger_s2_2ab6c223353a	outputs/baselines_large/runs/task_group=time_varying/pde=burger/baseline=vivid/task=sparse_solution/seed=2/sensors=500/mode=time_varying/noise=0_05/scalar=metadata/run=time_varying_vivid_burger_s2_2ab6c223353a/run.status.json	
time_varying_vivid_burger_s3_d7517683e6f8	time_varying/vivid/burger/seed=3/sensors=50/time_varying/noise=0.0	time_varying	sparse_solution	burger	vivid	3	50000	0	1000	5	50	time_varying	0.0	metadata	lazy	True	1	1	0	300	0	cuda	baselines/configs/paper.yaml	outputs/baselines_large/runs/task_group=time_varying/pde=burger/baseline=vivid/task=sparse_solution/seed=3/sensors=50/mode=time_varying/noise=0/scalar=metadata/run=time_varying_vivid_burger_s3_d7517683e6f8	outputs/baselines_large/logs/task_group=time_varying/run=time_varying_vivid_burger_s3_d7517683e6f8	outputs/baselines_large/runs/task_group=time_varying/pde=burger/baseline=vivid/task=sparse_solution/seed=3/sensors=50/mode=time_varying/noise=0/scalar=metadata/run=time_varying_vivid_burger_s3_d7517683e6f8/run.status.json	
time_varying_vivid_burger_s3_0b620902da37	time_varying/vivid/burger/seed=3/sensors=50/time_varying/noise=0.01	time_varying	sparse_solution	burger	vivid	3	50000	0	1000	5	50	time_varying	0.01	metadata	lazy	True	1	1	0	300	0	cuda	baselines/configs/paper.yaml	outputs/baselines_large/runs/task_group=time_varying/pde=burger/baseline=vivid/task=sparse_solution/seed=3/sensors=50/mode=time_varying/noise=0_01/scalar=metadata/run=time_varying_vivid_burger_s3_0b620902da37	outputs/baselines_large/logs/task_group=time_varying/run=time_varying_vivid_burger_s3_0b620902da37	outputs/baselines_large/runs/task_group=time_varying/pde=burger/baseline=vivid/task=sparse_solution/seed=3/sensors=50/mode=time_varying/noise=0_01/scalar=metadata/run=time_varying_vivid_burger_s3_0b620902da37/run.status.json	
time_varying_vivid_burger_s3_31379b7a8299	time_varying/vivid/burger/seed=3/sensors=50/time_varying/noise=0.05	time_varying	sparse_solution	burger	vivid	3	50000	0	1000	5	50	time_varying	0.05	metadata	lazy	True	1	1	0	300	0	cuda	baselines/configs/paper.yaml	outputs/baselines_large/runs/task_group=time_varying/pde=burger/baseline=vivid/task=sparse_solution/seed=3/sensors=50/mode=time_varying/noise=0_05/scalar=metadata/run=time_varying_vivid_burger_s3_31379b7a8299	outputs/baselines_large/logs/task_group=time_varying/run=time_varying_vivid_burger_s3_31379b7a8299	outputs/baselines_large/runs/task_group=time_varying/pde=burger/baseline=vivid/task=sparse_solution/seed=3/sensors=50/mode=time_varying/noise=0_05/scalar=metadata/run=time_varying_vivid_burger_s3_31379b7a8299/run.status.json	
time_varying_vivid_burger_s3_8e479f4f3c9e	time_varying/vivid/burger/seed=3/sensors=100/time_varying/noise=0.0	time_varying	sparse_solution	burger	vivid	3	50000	0	1000	5	100	time_varying	0.0	metadata	lazy	True	1	1	0	300	0	cuda	baselines/configs/paper.yaml	outputs/baselines_large/runs/task_group=time_varying/pde=burger/baseline=vivid/task=sparse_solution/seed=3/sensors=100/mode=time_varying/noise=0/scalar=metadata/run=time_varying_vivid_burger_s3_8e479f4f3c9e	outputs/baselines_large/logs/task_group=time_varying/run=time_varying_vivid_burger_s3_8e479f4f3c9e	outputs/baselines_large/runs/task_group=time_varying/pde=burger/baseline=vivid/task=sparse_solution/seed=3/sensors=100/mode=time_varying/noise=0/scalar=metadata/run=time_varying_vivid_burger_s3_8e479f4f3c9e/run.status.json	
time_varying_vivid_burger_s3_ad9acbdf2d94	time_varying/vivid/burger/seed=3/sensors=100/time_varying/noise=0.01	time_varying	sparse_solution	burger	vivid	3	50000	0	1000	5	100	time_varying	0.01	metadata	lazy	True	1	1	0	300	0	cuda	baselines/configs/paper.yaml	outputs/baselines_large/runs/task_group=time_varying/pde=burger/baseline=vivid/task=sparse_solution/seed=3/sensors=100/mode=time_varying/noise=0_01/scalar=metadata/run=time_varying_vivid_burger_s3_ad9acbdf2d94	outputs/baselines_large/logs/task_group=time_varying/run=time_varying_vivid_burger_s3_ad9acbdf2d94	outputs/baselines_large/runs/task_group=time_varying/pde=burger/baseline=vivid/task=sparse_solution/seed=3/sensors=100/mode=time_varying/noise=0_01/scalar=metadata/run=time_varying_vivid_burger_s3_ad9acbdf2d94/run.status.json	
time_varying_vivid_burger_s3_bc0c73dbfa1a	time_varying/vivid/burger/seed=3/sensors=100/time_varying/noise=0.05	time_varying	sparse_solution	burger	vivid	3	50000	0	1000	5	100	time_varying	0.05	metadata	lazy	True	1	1	0	300	0	cuda	baselines/configs/paper.yaml	outputs/baselines_large/runs/task_group=time_varying/pde=burger/baseline=vivid/task=sparse_solution/seed=3/sensors=100/mode=time_varying/noise=0_05/scalar=metadata/run=time_varying_vivid_burger_s3_bc0c73dbfa1a	outputs/baselines_large/logs/task_group=time_varying/run=time_varying_vivid_burger_s3_bc0c73dbfa1a	outputs/baselines_large/runs/task_group=time_varying/pde=burger/baseline=vivid/task=sparse_solution/seed=3/sensors=100/mode=time_varying/noise=0_05/scalar=metadata/run=time_varying_vivid_burger_s3_bc0c73dbfa1a/run.status.json	
time_varying_vivid_burger_s3_b92ea02d8e2c	time_varying/vivid/burger/seed=3/sensors=250/time_varying/noise=0.0	time_varying	sparse_solution	burger	vivid	3	50000	0	1000	5	250	time_varying	0.0	metadata	lazy	True	1	1	0	300	0	cuda	baselines/configs/paper.yaml	outputs/baselines_large/runs/task_group=time_varying/pde=burger/baseline=vivid/task=sparse_solution/seed=3/sensors=250/mode=time_varying/noise=0/scalar=metadata/run=time_varying_vivid_burger_s3_b92ea02d8e2c	outputs/baselines_large/logs/task_group=time_varying/run=time_varying_vivid_burger_s3_b92ea02d8e2c	outputs/baselines_large/runs/task_group=time_varying/pde=burger/baseline=vivid/task=sparse_solution/seed=3/sensors=250/mode=time_varying/noise=0/scalar=metadata/run=time_varying_vivid_burger_s3_b92ea02d8e2c/run.status.json	
time_varying_vivid_burger_s3_1d3162e7f440	time_varying/vivid/burger/seed=3/sensors=250/time_varying/noise=0.01	time_varying	sparse_solution	burger	vivid	3	50000	0	1000	5	250	time_varying	0.01	metadata	lazy	True	1	1	0	300	0	cuda	baselines/configs/paper.yaml	outputs/baselines_large/runs/task_group=time_varying/pde=burger/baseline=vivid/task=sparse_solution/seed=3/sensors=250/mode=time_varying/noise=0_01/scalar=metadata/run=time_varying_vivid_burger_s3_1d3162e7f440	outputs/baselines_large/logs/task_group=time_varying/run=time_varying_vivid_burger_s3_1d3162e7f440	outputs/baselines_large/runs/task_group=time_varying/pde=burger/baseline=vivid/task=sparse_solution/seed=3/sensors=250/mode=time_varying/noise=0_01/scalar=metadata/run=time_varying_vivid_burger_s3_1d3162e7f440/run.status.json	
time_varying_vivid_burger_s3_ea71b780ab47	time_varying/vivid/burger/seed=3/sensors=250/time_varying/noise=0.05	time_varying	sparse_solution	burger	vivid	3	50000	0	1000	5	250	time_varying	0.05	metadata	lazy	True	1	1	0	300	0	cuda	baselines/configs/paper.yaml	outputs/baselines_large/runs/task_group=time_varying/pde=burger/baseline=vivid/task=sparse_solution/seed=3/sensors=250/mode=time_varying/noise=0_05/scalar=metadata/run=time_varying_vivid_burger_s3_ea71b780ab47	outputs/baselines_large/logs/task_group=time_varying/run=time_varying_vivid_burger_s3_ea71b780ab47	outputs/baselines_large/runs/task_group=time_varying/pde=burger/baseline=vivid/task=sparse_solution/seed=3/sensors=250/mode=time_varying/noise=0_05/scalar=metadata/run=time_varying_vivid_burger_s3_ea71b780ab47/run.status.json	
time_varying_vivid_burger_s3_4e1d6d028ed7	time_varying/vivid/burger/seed=3/sensors=500/time_varying/noise=0.0	time_varying	sparse_solution	burger	vivid	3	50000	0	1000	5	500	time_varying	0.0	metadata	lazy	True	1	1	0	300	0	cuda	baselines/configs/paper.yaml	outputs/baselines_large/runs/task_group=time_varying/pde=burger/baseline=vivid/task=sparse_solution/seed=3/sensors=500/mode=time_varying/noise=0/scalar=metadata/run=time_varying_vivid_burger_s3_4e1d6d028ed7	outputs/baselines_large/logs/task_group=time_varying/run=time_varying_vivid_burger_s3_4e1d6d028ed7	outputs/baselines_large/runs/task_group=time_varying/pde=burger/baseline=vivid/task=sparse_solution/seed=3/sensors=500/mode=time_varying/noise=0/scalar=metadata/run=time_varying_vivid_burger_s3_4e1d6d028ed7/run.status.json	
time_varying_vivid_burger_s3_710825eed78c	time_varying/vivid/burger/seed=3/sensors=500/time_varying/noise=0.01	time_varying	sparse_solution	burger	vivid	3	50000	0	1000	5	500	time_varying	0.01	metadata	lazy	True	1	1	0	300	0	cuda	baselines/configs/paper.yaml	outputs/baselines_large/runs/task_group=time_varying/pde=burger/baseline=vivid/task=sparse_solution/seed=3/sensors=500/mode=time_varying/noise=0_01/scalar=metadata/run=time_varying_vivid_burger_s3_710825eed78c	outputs/baselines_large/logs/task_group=time_varying/run=time_varying_vivid_burger_s3_710825eed78c	outputs/baselines_large/runs/task_group=time_varying/pde=burger/baseline=vivid/task=sparse_solution/seed=3/sensors=500/mode=time_varying/noise=0_01/scalar=metadata/run=time_varying_vivid_burger_s3_710825eed78c/run.status.json	
time_varying_vivid_burger_s3_c58f5f0f28ec	time_varying/vivid/burger/seed=3/sensors=500/time_varying/noise=0.05	time_varying	sparse_solution	burger	vivid	3	50000	0	1000	5	500	time_varying	0.05	metadata	lazy	True	1	1	0	300	0	cuda	baselines/configs/paper.yaml	outputs/baselines_large/runs/task_group=time_varying/pde=burger/baseline=vivid/task=sparse_solution/seed=3/sensors=500/mode=time_varying/noise=0_05/scalar=metadata/run=time_varying_vivid_burger_s3_c58f5f0f28ec	outputs/baselines_large/logs/task_group=time_varying/run=time_varying_vivid_burger_s3_c58f5f0f28ec	outputs/baselines_large/runs/task_group=time_varying/pde=burger/baseline=vivid/task=sparse_solution/seed=3/sensors=500/mode=time_varying/noise=0_05/scalar=metadata/run=time_varying_vivid_burger_s3_c58f5f0f28ec/run.status.json	
time_varying_senseiver_burger_s1_04e5996b012e	time_varying/senseiver/burger/seed=1/sensors=50/time_varying/noise=0.0	time_varying	sparse_solution	burger	senseiver	1	50000	0	1000	5	50	time_varying	0.0	metadata	lazy	True	16	200	0	0	0	cuda	baselines/configs/paper.yaml	outputs/baselines_large/runs/task_group=time_varying/pde=burger/baseline=senseiver/task=sparse_solution/seed=1/sensors=50/mode=time_varying/noise=0/scalar=metadata/run=time_varying_senseiver_burger_s1_04e5996b012e	outputs/baselines_large/logs/task_group=time_varying/run=time_varying_senseiver_burger_s1_04e5996b012e	outputs/baselines_large/runs/task_group=time_varying/pde=burger/baseline=senseiver/task=sparse_solution/seed=1/sensors=50/mode=time_varying/noise=0/scalar=metadata/run=time_varying_senseiver_burger_s1_04e5996b012e/run.status.json	
time_varying_senseiver_burger_s1_c02eb1373c97	time_varying/senseiver/burger/seed=1/sensors=50/time_varying/noise=0.01	time_varying	sparse_solution	burger	senseiver	1	50000	0	1000	5	50	time_varying	0.01	metadata	lazy	True	16	200	0	0	0	cuda	baselines/configs/paper.yaml	outputs/baselines_large/runs/task_group=time_varying/pde=burger/baseline=senseiver/task=sparse_solution/seed=1/sensors=50/mode=time_varying/noise=0_01/scalar=metadata/run=time_varying_senseiver_burger_s1_c02eb1373c97	outputs/baselines_large/logs/task_group=time_varying/run=time_varying_senseiver_burger_s1_c02eb1373c97	outputs/baselines_large/runs/task_group=time_varying/pde=burger/baseline=senseiver/task=sparse_solution/seed=1/sensors=50/mode=time_varying/noise=0_01/scalar=metadata/run=time_varying_senseiver_burger_s1_c02eb1373c97/run.status.json	
time_varying_senseiver_burger_s1_153dfd3709be	time_varying/senseiver/burger/seed=1/sensors=50/time_varying/noise=0.05	time_varying	sparse_solution	burger	senseiver	1	50000	0	1000	5	50	time_varying	0.05	metadata	lazy	True	16	200	0	0	0	cuda	baselines/configs/paper.yaml	outputs/baselines_large/runs/task_group=time_varying/pde=burger/baseline=senseiver/task=sparse_solution/seed=1/sensors=50/mode=time_varying/noise=0_05/scalar=metadata/run=time_varying_senseiver_burger_s1_153dfd3709be	outputs/baselines_large/logs/task_group=time_varying/run=time_varying_senseiver_burger_s1_153dfd3709be	outputs/baselines_large/runs/task_group=time_varying/pde=burger/baseline=senseiver/task=sparse_solution/seed=1/sensors=50/mode=time_varying/noise=0_05/scalar=metadata/run=time_varying_senseiver_burger_s1_153dfd3709be/run.status.json	
time_varying_senseiver_burger_s1_35cb5aa61230	time_varying/senseiver/burger/seed=1/sensors=100/time_varying/noise=0.0	time_varying	sparse_solution	burger	senseiver	1	50000	0	1000	5	100	time_varying	0.0	metadata	lazy	True	16	200	0	0	0	cuda	baselines/configs/paper.yaml	outputs/baselines_large/runs/task_group=time_varying/pde=burger/baseline=senseiver/task=sparse_solution/seed=1/sensors=100/mode=time_varying/noise=0/scalar=metadata/run=time_varying_senseiver_burger_s1_35cb5aa61230	outputs/baselines_large/logs/task_group=time_varying/run=time_varying_senseiver_burger_s1_35cb5aa61230	outputs/baselines_large/runs/task_group=time_varying/pde=burger/baseline=senseiver/task=sparse_solution/seed=1/sensors=100/mode=time_varying/noise=0/scalar=metadata/run=time_varying_senseiver_burger_s1_35cb5aa61230/run.status.json	
time_varying_senseiver_burger_s1_bd059629079e	time_varying/senseiver/burger/seed=1/sensors=100/time_varying/noise=0.01	time_varying	sparse_solution	burger	senseiver	1	50000	0	1000	5	100	time_varying	0.01	metadata	lazy	True	16	200	0	0	0	cuda	baselines/configs/paper.yaml	outputs/baselines_large/runs/task_group=time_varying/pde=burger/baseline=senseiver/task=sparse_solution/seed=1/sensors=100/mode=time_varying/noise=0_01/scalar=metadata/run=time_varying_senseiver_burger_s1_bd059629079e	outputs/baselines_large/logs/task_group=time_varying/run=time_varying_senseiver_burger_s1_bd059629079e	outputs/baselines_large/runs/task_group=time_varying/pde=burger/baseline=senseiver/task=sparse_solution/seed=1/sensors=100/mode=time_varying/noise=0_01/scalar=metadata/run=time_varying_senseiver_burger_s1_bd059629079e/run.status.json	
time_varying_senseiver_burger_s1_73351a7000d5	time_varying/senseiver/burger/seed=1/sensors=100/time_varying/noise=0.05	time_varying	sparse_solution	burger	senseiver	1	50000	0	1000	5	100	time_varying	0.05	metadata	lazy	True	16	200	0	0	0	cuda	baselines/configs/paper.yaml	outputs/baselines_large/runs/task_group=time_varying/pde=burger/baseline=senseiver/task=sparse_solution/seed=1/sensors=100/mode=time_varying/noise=0_05/scalar=metadata/run=time_varying_senseiver_burger_s1_73351a7000d5	outputs/baselines_large/logs/task_group=time_varying/run=time_varying_senseiver_burger_s1_73351a7000d5	outputs/baselines_large/runs/task_group=time_varying/pde=burger/baseline=senseiver/task=sparse_solution/seed=1/sensors=100/mode=time_varying/noise=0_05/scalar=metadata/run=time_varying_senseiver_burger_s1_73351a7000d5/run.status.json	
time_varying_senseiver_burger_s1_cf83abf4ebc7	time_varying/senseiver/burger/seed=1/sensors=250/time_varying/noise=0.0	time_varying	sparse_solution	burger	senseiver	1	50000	0	1000	5	250	time_varying	0.0	metadata	lazy	True	16	200	0	0	0	cuda	baselines/configs/paper.yaml	outputs/baselines_large/runs/task_group=time_varying/pde=burger/baseline=senseiver/task=sparse_solution/seed=1/sensors=250/mode=time_varying/noise=0/scalar=metadata/run=time_varying_senseiver_burger_s1_cf83abf4ebc7	outputs/baselines_large/logs/task_group=time_varying/run=time_varying_senseiver_burger_s1_cf83abf4ebc7	outputs/baselines_large/runs/task_group=time_varying/pde=burger/baseline=senseiver/task=sparse_solution/seed=1/sensors=250/mode=time_varying/noise=0/scalar=metadata/run=time_varying_senseiver_burger_s1_cf83abf4ebc7/run.status.json	
time_varying_senseiver_burger_s1_790c622c4fe6	time_varying/senseiver/burger/seed=1/sensors=250/time_varying/noise=0.01	time_varying	sparse_solution	burger	senseiver	1	50000	0	1000	5	250	time_varying	0.01	metadata	lazy	True	16	200	0	0	0	cuda	baselines/configs/paper.yaml	outputs/baselines_large/runs/task_group=time_varying/pde=burger/baseline=senseiver/task=sparse_solution/seed=1/sensors=250/mode=time_varying/noise=0_01/scalar=metadata/run=time_varying_senseiver_burger_s1_790c622c4fe6	outputs/baselines_large/logs/task_group=time_varying/run=time_varying_senseiver_burger_s1_790c622c4fe6	outputs/baselines_large/runs/task_group=time_varying/pde=burger/baseline=senseiver/task=sparse_solution/seed=1/sensors=250/mode=time_varying/noise=0_01/scalar=metadata/run=time_varying_senseiver_burger_s1_790c622c4fe6/run.status.json	
time_varying_senseiver_burger_s1_a980446ff1d3	time_varying/senseiver/burger/seed=1/sensors=250/time_varying/noise=0.05	time_varying	sparse_solution	burger	senseiver	1	50000	0	1000	5	250	time_varying	0.05	metadata	lazy	True	16	200	0	0	0	cuda	baselines/configs/paper.yaml	outputs/baselines_large/runs/task_group=time_varying/pde=burger/baseline=senseiver/task=sparse_solution/seed=1/sensors=250/mode=time_varying/noise=0_05/scalar=metadata/run=time_varying_senseiver_burger_s1_a980446ff1d3	outputs/baselines_large/logs/task_group=time_varying/run=time_varying_senseiver_burger_s1_a980446ff1d3	outputs/baselines_large/runs/task_group=time_varying/pde=burger/baseline=senseiver/task=sparse_solution/seed=1/sensors=250/mode=time_varying/noise=0_05/scalar=metadata/run=time_varying_senseiver_burger_s1_a980446ff1d3/run.status.json	
time_varying_senseiver_burger_s1_172653252c5a	time_varying/senseiver/burger/seed=1/sensors=500/time_varying/noise=0.0	time_varying	sparse_solution	burger	senseiver	1	50000	0	1000	5	500	time_varying	0.0	metadata	lazy	True	16	200	0	0	0	cuda	baselines/configs/paper.yaml	outputs/baselines_large/runs/task_group=time_varying/pde=burger/baseline=senseiver/task=sparse_solution/seed=1/sensors=500/mode=time_varying/noise=0/scalar=metadata/run=time_varying_senseiver_burger_s1_172653252c5a	outputs/baselines_large/logs/task_group=time_varying/run=time_varying_senseiver_burger_s1_172653252c5a	outputs/baselines_large/runs/task_group=time_varying/pde=burger/baseline=senseiver/task=sparse_solution/seed=1/sensors=500/mode=time_varying/noise=0/scalar=metadata/run=time_varying_senseiver_burger_s1_172653252c5a/run.status.json	
time_varying_senseiver_burger_s1_5aaa5910b04c	time_varying/senseiver/burger/seed=1/sensors=500/time_varying/noise=0.01	time_varying	sparse_solution	burger	senseiver	1	50000	0	1000	5	500	time_varying	0.01	metadata	lazy	True	16	200	0	0	0	cuda	baselines/configs/paper.yaml	outputs/baselines_large/runs/task_group=time_varying/pde=burger/baseline=senseiver/task=sparse_solution/seed=1/sensors=500/mode=time_varying/noise=0_01/scalar=metadata/run=time_varying_senseiver_burger_s1_5aaa5910b04c	outputs/baselines_large/logs/task_group=time_varying/run=time_varying_senseiver_burger_s1_5aaa5910b04c	outputs/baselines_large/runs/task_group=time_varying/pde=burger/baseline=senseiver/task=sparse_solution/seed=1/sensors=500/mode=time_varying/noise=0_01/scalar=metadata/run=time_varying_senseiver_burger_s1_5aaa5910b04c/run.status.json	
time_varying_senseiver_burger_s1_e55bc47907e1	time_varying/senseiver/burger/seed=1/sensors=500/time_varying/noise=0.05	time_varying	sparse_solution	burger	senseiver	1	50000	0	1000	5	500	time_varying	0.05	metadata	lazy	True	16	200	0	0	0	cuda	baselines/configs/paper.yaml	outputs/baselines_large/runs/task_group=time_varying/pde=burger/baseline=senseiver/task=sparse_solution/seed=1/sensors=500/mode=time_varying/noise=0_05/scalar=metadata/run=time_varying_senseiver_burger_s1_e55bc47907e1	outputs/baselines_large/logs/task_group=time_varying/run=time_varying_senseiver_burger_s1_e55bc47907e1	outputs/baselines_large/runs/task_group=time_varying/pde=burger/baseline=senseiver/task=sparse_solution/seed=1/sensors=500/mode=time_varying/noise=0_05/scalar=metadata/run=time_varying_senseiver_burger_s1_e55bc47907e1/run.status.json	
time_varying_senseiver_burger_s2_62f41382a78a	time_varying/senseiver/burger/seed=2/sensors=50/time_varying/noise=0.0	time_varying	sparse_solution	burger	senseiver	2	50000	0	1000	5	50	time_varying	0.0	metadata	lazy	True	16	200	0	0	0	cuda	baselines/configs/paper.yaml	outputs/baselines_large/runs/task_group=time_varying/pde=burger/baseline=senseiver/task=sparse_solution/seed=2/sensors=50/mode=time_varying/noise=0/scalar=metadata/run=time_varying_senseiver_burger_s2_62f41382a78a	outputs/baselines_large/logs/task_group=time_varying/run=time_varying_senseiver_burger_s2_62f41382a78a	outputs/baselines_large/runs/task_group=time_varying/pde=burger/baseline=senseiver/task=sparse_solution/seed=2/sensors=50/mode=time_varying/noise=0/scalar=metadata/run=time_varying_senseiver_burger_s2_62f41382a78a/run.status.json	
time_varying_senseiver_burger_s2_2dd0dd8195ff	time_varying/senseiver/burger/seed=2/sensors=50/time_varying/noise=0.01	time_varying	sparse_solution	burger	senseiver	2	50000	0	1000	5	50	time_varying	0.01	metadata	lazy	True	16	200	0	0	0	cuda	baselines/configs/paper.yaml	outputs/baselines_large/runs/task_group=time_varying/pde=burger/baseline=senseiver/task=sparse_solution/seed=2/sensors=50/mode=time_varying/noise=0_01/scalar=metadata/run=time_varying_senseiver_burger_s2_2dd0dd8195ff	outputs/baselines_large/logs/task_group=time_varying/run=time_varying_senseiver_burger_s2_2dd0dd8195ff	outputs/baselines_large/runs/task_group=time_varying/pde=burger/baseline=senseiver/task=sparse_solution/seed=2/sensors=50/mode=time_varying/noise=0_01/scalar=metadata/run=time_varying_senseiver_burger_s2_2dd0dd8195ff/run.status.json	
time_varying_senseiver_burger_s2_3f83ba9aed91	time_varying/senseiver/burger/seed=2/sensors=50/time_varying/noise=0.05	time_varying	sparse_solution	burger	senseiver	2	50000	0	1000	5	50	time_varying	0.05	metadata	lazy	True	16	200	0	0	0	cuda	baselines/configs/paper.yaml	outputs/baselines_large/runs/task_group=time_varying/pde=burger/baseline=senseiver/task=sparse_solution/seed=2/sensors=50/mode=time_varying/noise=0_05/scalar=metadata/run=time_varying_senseiver_burger_s2_3f83ba9aed91	outputs/baselines_large/logs/task_group=time_varying/run=time_varying_senseiver_burger_s2_3f83ba9aed91	outputs/baselines_large/runs/task_group=time_varying/pde=burger/baseline=senseiver/task=sparse_solution/seed=2/sensors=50/mode=time_varying/noise=0_05/scalar=metadata/run=time_varying_senseiver_burger_s2_3f83ba9aed91/run.status.json	
time_varying_senseiver_burger_s2_842fefad8e30	time_varying/senseiver/burger/seed=2/sensors=100/time_varying/noise=0.0	time_varying	sparse_solution	burger	senseiver	2	50000	0	1000	5	100	time_varying	0.0	metadata	lazy	True	16	200	0	0	0	cuda	baselines/configs/paper.yaml	outputs/baselines_large/runs/task_group=time_varying/pde=burger/baseline=senseiver/task=sparse_solution/seed=2/sensors=100/mode=time_varying/noise=0/scalar=metadata/run=time_varying_senseiver_burger_s2_842fefad8e30	outputs/baselines_large/logs/task_group=time_varying/run=time_varying_senseiver_burger_s2_842fefad8e30	outputs/baselines_large/runs/task_group=time_varying/pde=burger/baseline=senseiver/task=sparse_solution/seed=2/sensors=100/mode=time_varying/noise=0/scalar=metadata/run=time_varying_senseiver_burger_s2_842fefad8e30/run.status.json	
time_varying_senseiver_burger_s2_0f6039b75911	time_varying/senseiver/burger/seed=2/sensors=100/time_varying/noise=0.01	time_varying	sparse_solution	burger	senseiver	2	50000	0	1000	5	100	time_varying	0.01	metadata	lazy	True	16	200	0	0	0	cuda	baselines/configs/paper.yaml	outputs/baselines_large/runs/task_group=time_varying/pde=burger/baseline=senseiver/task=sparse_solution/seed=2/sensors=100/mode=time_varying/noise=0_01/scalar=metadata/run=time_varying_senseiver_burger_s2_0f6039b75911	outputs/baselines_large/logs/task_group=time_varying/run=time_varying_senseiver_burger_s2_0f6039b75911	outputs/baselines_large/runs/task_group=time_varying/pde=burger/baseline=senseiver/task=sparse_solution/seed=2/sensors=100/mode=time_varying/noise=0_01/scalar=metadata/run=time_varying_senseiver_burger_s2_0f6039b75911/run.status.json	
time_varying_senseiver_burger_s2_ed48c5be9e03	time_varying/senseiver/burger/seed=2/sensors=100/time_varying/noise=0.05	time_varying	sparse_solution	burger	senseiver	2	50000	0	1000	5	100	time_varying	0.05	metadata	lazy	True	16	200	0	0	0	cuda	baselines/configs/paper.yaml	outputs/baselines_large/runs/task_group=time_varying/pde=burger/baseline=senseiver/task=sparse_solution/seed=2/sensors=100/mode=time_varying/noise=0_05/scalar=metadata/run=time_varying_senseiver_burger_s2_ed48c5be9e03	outputs/baselines_large/logs/task_group=time_varying/run=time_varying_senseiver_burger_s2_ed48c5be9e03	outputs/baselines_large/runs/task_group=time_varying/pde=burger/baseline=senseiver/task=sparse_solution/seed=2/sensors=100/mode=time_varying/noise=0_05/scalar=metadata/run=time_varying_senseiver_burger_s2_ed48c5be9e03/run.status.json	
time_varying_senseiver_burger_s2_99df28432036	time_varying/senseiver/burger/seed=2/sensors=250/time_varying/noise=0.0	time_varying	sparse_solution	burger	senseiver	2	50000	0	1000	5	250	time_varying	0.0	metadata	lazy	True	16	200	0	0	0	cuda	baselines/configs/paper.yaml	outputs/baselines_large/runs/task_group=time_varying/pde=burger/baseline=senseiver/task=sparse_solution/seed=2/sensors=250/mode=time_varying/noise=0/scalar=metadata/run=time_varying_senseiver_burger_s2_99df28432036	outputs/baselines_large/logs/task_group=time_varying/run=time_varying_senseiver_burger_s2_99df28432036	outputs/baselines_large/runs/task_group=time_varying/pde=burger/baseline=senseiver/task=sparse_solution/seed=2/sensors=250/mode=time_varying/noise=0/scalar=metadata/run=time_varying_senseiver_burger_s2_99df28432036/run.status.json	
time_varying_senseiver_burger_s2_0bf47bf9978e	time_varying/senseiver/burger/seed=2/sensors=250/time_varying/noise=0.01	time_varying	sparse_solution	burger	senseiver	2	50000	0	1000	5	250	time_varying	0.01	metadata	lazy	True	16	200	0	0	0	cuda	baselines/configs/paper.yaml	outputs/baselines_large/runs/task_group=time_varying/pde=burger/baseline=senseiver/task=sparse_solution/seed=2/sensors=250/mode=time_varying/noise=0_01/scalar=metadata/run=time_varying_senseiver_burger_s2_0bf47bf9978e	outputs/baselines_large/logs/task_group=time_varying/run=time_varying_senseiver_burger_s2_0bf47bf9978e	outputs/baselines_large/runs/task_group=time_varying/pde=burger/baseline=senseiver/task=sparse_solution/seed=2/sensors=250/mode=time_varying/noise=0_01/scalar=metadata/run=time_varying_senseiver_burger_s2_0bf47bf9978e/run.status.json	
time_varying_senseiver_burger_s2_6c66ff23d885	time_varying/senseiver/burger/seed=2/sensors=250/time_varying/noise=0.05	time_varying	sparse_solution	burger	senseiver	2	50000	0	1000	5	250	time_varying	0.05	metadata	lazy	True	16	200	0	0	0	cuda	baselines/configs/paper.yaml	outputs/baselines_large/runs/task_group=time_varying/pde=burger/baseline=senseiver/task=sparse_solution/seed=2/sensors=250/mode=time_varying/noise=0_05/scalar=metadata/run=time_varying_senseiver_burger_s2_6c66ff23d885	outputs/baselines_large/logs/task_group=time_varying/run=time_varying_senseiver_burger_s2_6c66ff23d885	outputs/baselines_large/runs/task_group=time_varying/pde=burger/baseline=senseiver/task=sparse_solution/seed=2/sensors=250/mode=time_varying/noise=0_05/scalar=metadata/run=time_varying_senseiver_burger_s2_6c66ff23d885/run.status.json	
time_varying_senseiver_burger_s2_f9b00743f3dd	time_varying/senseiver/burger/seed=2/sensors=500/time_varying/noise=0.0	time_varying	sparse_solution	burger	senseiver	2	50000	0	1000	5	500	time_varying	0.0	metadata	lazy	True	16	200	0	0	0	cuda	baselines/configs/paper.yaml	outputs/baselines_large/runs/task_group=time_varying/pde=burger/baseline=senseiver/task=sparse_solution/seed=2/sensors=500/mode=time_varying/noise=0/scalar=metadata/run=time_varying_senseiver_burger_s2_f9b00743f3dd	outputs/baselines_large/logs/task_group=time_varying/run=time_varying_senseiver_burger_s2_f9b00743f3dd	outputs/baselines_large/runs/task_group=time_varying/pde=burger/baseline=senseiver/task=sparse_solution/seed=2/sensors=500/mode=time_varying/noise=0/scalar=metadata/run=time_varying_senseiver_burger_s2_f9b00743f3dd/run.status.json	
time_varying_senseiver_burger_s2_9bb942b1fc85	time_varying/senseiver/burger/seed=2/sensors=500/time_varying/noise=0.01	time_varying	sparse_solution	burger	senseiver	2	50000	0	1000	5	500	time_varying	0.01	metadata	lazy	True	16	200	0	0	0	cuda	baselines/configs/paper.yaml	outputs/baselines_large/runs/task_group=time_varying/pde=burger/baseline=senseiver/task=sparse_solution/seed=2/sensors=500/mode=time_varying/noise=0_01/scalar=metadata/run=time_varying_senseiver_burger_s2_9bb942b1fc85	outputs/baselines_large/logs/task_group=time_varying/run=time_varying_senseiver_burger_s2_9bb942b1fc85	outputs/baselines_large/runs/task_group=time_varying/pde=burger/baseline=senseiver/task=sparse_solution/seed=2/sensors=500/mode=time_varying/noise=0_01/scalar=metadata/run=time_varying_senseiver_burger_s2_9bb942b1fc85/run.status.json	
time_varying_senseiver_burger_s2_776100795bb7	time_varying/senseiver/burger/seed=2/sensors=500/time_varying/noise=0.05	time_varying	sparse_solution	burger	senseiver	2	50000	0	1000	5	500	time_varying	0.05	metadata	lazy	True	16	200	0	0	0	cuda	baselines/configs/paper.yaml	outputs/baselines_large/runs/task_group=time_varying/pde=burger/baseline=senseiver/task=sparse_solution/seed=2/sensors=500/mode=time_varying/noise=0_05/scalar=metadata/run=time_varying_senseiver_burger_s2_776100795bb7	outputs/baselines_large/logs/task_group=time_varying/run=time_varying_senseiver_burger_s2_776100795bb7	outputs/baselines_large/runs/task_group=time_varying/pde=burger/baseline=senseiver/task=sparse_solution/seed=2/sensors=500/mode=time_varying/noise=0_05/scalar=metadata/run=time_varying_senseiver_burger_s2_776100795bb7/run.status.json	
time_varying_senseiver_burger_s3_3359448f5a31	time_varying/senseiver/burger/seed=3/sensors=50/time_varying/noise=0.0	time_varying	sparse_solution	burger	senseiver	3	50000	0	1000	5	50	time_varying	0.0	metadata	lazy	True	16	200	0	0	0	cuda	baselines/configs/paper.yaml	outputs/baselines_large/runs/task_group=time_varying/pde=burger/baseline=senseiver/task=sparse_solution/seed=3/sensors=50/mode=time_varying/noise=0/scalar=metadata/run=time_varying_senseiver_burger_s3_3359448f5a31	outputs/baselines_large/logs/task_group=time_varying/run=time_varying_senseiver_burger_s3_3359448f5a31	outputs/baselines_large/runs/task_group=time_varying/pde=burger/baseline=senseiver/task=sparse_solution/seed=3/sensors=50/mode=time_varying/noise=0/scalar=metadata/run=time_varying_senseiver_burger_s3_3359448f5a31/run.status.json	
time_varying_senseiver_burger_s3_a1316b10fc38	time_varying/senseiver/burger/seed=3/sensors=50/time_varying/noise=0.01	time_varying	sparse_solution	burger	senseiver	3	50000	0	1000	5	50	time_varying	0.01	metadata	lazy	True	16	200	0	0	0	cuda	baselines/configs/paper.yaml	outputs/baselines_large/runs/task_group=time_varying/pde=burger/baseline=senseiver/task=sparse_solution/seed=3/sensors=50/mode=time_varying/noise=0_01/scalar=metadata/run=time_varying_senseiver_burger_s3_a1316b10fc38	outputs/baselines_large/logs/task_group=time_varying/run=time_varying_senseiver_burger_s3_a1316b10fc38	outputs/baselines_large/runs/task_group=time_varying/pde=burger/baseline=senseiver/task=sparse_solution/seed=3/sensors=50/mode=time_varying/noise=0_01/scalar=metadata/run=time_varying_senseiver_burger_s3_a1316b10fc38/run.status.json	
time_varying_senseiver_burger_s3_101e31098ba2	time_varying/senseiver/burger/seed=3/sensors=50/time_varying/noise=0.05	time_varying	sparse_solution	burger	senseiver	3	50000	0	1000	5	50	time_varying	0.05	metadata	lazy	True	16	200	0	0	0	cuda	baselines/configs/paper.yaml	outputs/baselines_large/runs/task_group=time_varying/pde=burger/baseline=senseiver/task=sparse_solution/seed=3/sensors=50/mode=time_varying/noise=0_05/scalar=metadata/run=time_varying_senseiver_burger_s3_101e31098ba2	outputs/baselines_large/logs/task_group=time_varying/run=time_varying_senseiver_burger_s3_101e31098ba2	outputs/baselines_large/runs/task_group=time_varying/pde=burger/baseline=senseiver/task=sparse_solution/seed=3/sensors=50/mode=time_varying/noise=0_05/scalar=metadata/run=time_varying_senseiver_burger_s3_101e31098ba2/run.status.json	
time_varying_senseiver_burger_s3_d5d7e61f82dd	time_varying/senseiver/burger/seed=3/sensors=100/time_varying/noise=0.0	time_varying	sparse_solution	burger	senseiver	3	50000	0	1000	5	100	time_varying	0.0	metadata	lazy	True	16	200	0	0	0	cuda	baselines/configs/paper.yaml	outputs/baselines_large/runs/task_group=time_varying/pde=burger/baseline=senseiver/task=sparse_solution/seed=3/sensors=100/mode=time_varying/noise=0/scalar=metadata/run=time_varying_senseiver_burger_s3_d5d7e61f82dd	outputs/baselines_large/logs/task_group=time_varying/run=time_varying_senseiver_burger_s3_d5d7e61f82dd	outputs/baselines_large/runs/task_group=time_varying/pde=burger/baseline=senseiver/task=sparse_solution/seed=3/sensors=100/mode=time_varying/noise=0/scalar=metadata/run=time_varying_senseiver_burger_s3_d5d7e61f82dd/run.status.json	
time_varying_senseiver_burger_s3_ad5eff4640ef	time_varying/senseiver/burger/seed=3/sensors=100/time_varying/noise=0.01	time_varying	sparse_solution	burger	senseiver	3	50000	0	1000	5	100	time_varying	0.01	metadata	lazy	True	16	200	0	0	0	cuda	baselines/configs/paper.yaml	outputs/baselines_large/runs/task_group=time_varying/pde=burger/baseline=senseiver/task=sparse_solution/seed=3/sensors=100/mode=time_varying/noise=0_01/scalar=metadata/run=time_varying_senseiver_burger_s3_ad5eff4640ef	outputs/baselines_large/logs/task_group=time_varying/run=time_varying_senseiver_burger_s3_ad5eff4640ef	outputs/baselines_large/runs/task_group=time_varying/pde=burger/baseline=senseiver/task=sparse_solution/seed=3/sensors=100/mode=time_varying/noise=0_01/scalar=metadata/run=time_varying_senseiver_burger_s3_ad5eff4640ef/run.status.json	
time_varying_senseiver_burger_s3_eeb2dc57ded9	time_varying/senseiver/burger/seed=3/sensors=100/time_varying/noise=0.05	time_varying	sparse_solution	burger	senseiver	3	50000	0	1000	5	100	time_varying	0.05	metadata	lazy	True	16	200	0	0	0	cuda	baselines/configs/paper.yaml	outputs/baselines_large/runs/task_group=time_varying/pde=burger/baseline=senseiver/task=sparse_solution/seed=3/sensors=100/mode=time_varying/noise=0_05/scalar=metadata/run=time_varying_senseiver_burger_s3_eeb2dc57ded9	outputs/baselines_large/logs/task_group=time_varying/run=time_varying_senseiver_burger_s3_eeb2dc57ded9	outputs/baselines_large/runs/task_group=time_varying/pde=burger/baseline=senseiver/task=sparse_solution/seed=3/sensors=100/mode=time_varying/noise=0_05/scalar=metadata/run=time_varying_senseiver_burger_s3_eeb2dc57ded9/run.status.json	
time_varying_senseiver_burger_s3_a0e09cb6a22a	time_varying/senseiver/burger/seed=3/sensors=250/time_varying/noise=0.0	time_varying	sparse_solution	burger	senseiver	3	50000	0	1000	5	250	time_varying	0.0	metadata	lazy	True	16	200	0	0	0	cuda	baselines/configs/paper.yaml	outputs/baselines_large/runs/task_group=time_varying/pde=burger/baseline=senseiver/task=sparse_solution/seed=3/sensors=250/mode=time_varying/noise=0/scalar=metadata/run=time_varying_senseiver_burger_s3_a0e09cb6a22a	outputs/baselines_large/logs/task_group=time_varying/run=time_varying_senseiver_burger_s3_a0e09cb6a22a	outputs/baselines_large/runs/task_group=time_varying/pde=burger/baseline=senseiver/task=sparse_solution/seed=3/sensors=250/mode=time_varying/noise=0/scalar=metadata/run=time_varying_senseiver_burger_s3_a0e09cb6a22a/run.status.json	
time_varying_senseiver_burger_s3_256e0ae0196f	time_varying/senseiver/burger/seed=3/sensors=250/time_varying/noise=0.01	time_varying	sparse_solution	burger	senseiver	3	50000	0	1000	5	250	time_varying	0.01	metadata	lazy	True	16	200	0	0	0	cuda	baselines/configs/paper.yaml	outputs/baselines_large/runs/task_group=time_varying/pde=burger/baseline=senseiver/task=sparse_solution/seed=3/sensors=250/mode=time_varying/noise=0_01/scalar=metadata/run=time_varying_senseiver_burger_s3_256e0ae0196f	outputs/baselines_large/logs/task_group=time_varying/run=time_varying_senseiver_burger_s3_256e0ae0196f	outputs/baselines_large/runs/task_group=time_varying/pde=burger/baseline=senseiver/task=sparse_solution/seed=3/sensors=250/mode=time_varying/noise=0_01/scalar=metadata/run=time_varying_senseiver_burger_s3_256e0ae0196f/run.status.json	
time_varying_senseiver_burger_s3_b3b52d65f299	time_varying/senseiver/burger/seed=3/sensors=250/time_varying/noise=0.05	time_varying	sparse_solution	burger	senseiver	3	50000	0	1000	5	250	time_varying	0.05	metadata	lazy	True	16	200	0	0	0	cuda	baselines/configs/paper.yaml	outputs/baselines_large/runs/task_group=time_varying/pde=burger/baseline=senseiver/task=sparse_solution/seed=3/sensors=250/mode=time_varying/noise=0_05/scalar=metadata/run=time_varying_senseiver_burger_s3_b3b52d65f299	outputs/baselines_large/logs/task_group=time_varying/run=time_varying_senseiver_burger_s3_b3b52d65f299	outputs/baselines_large/runs/task_group=time_varying/pde=burger/baseline=senseiver/task=sparse_solution/seed=3/sensors=250/mode=time_varying/noise=0_05/scalar=metadata/run=time_varying_senseiver_burger_s3_b3b52d65f299/run.status.json	
time_varying_senseiver_burger_s3_d81816fcf0b1	time_varying/senseiver/burger/seed=3/sensors=500/time_varying/noise=0.0	time_varying	sparse_solution	burger	senseiver	3	50000	0	1000	5	500	time_varying	0.0	metadata	lazy	True	16	200	0	0	0	cuda	baselines/configs/paper.yaml	outputs/baselines_large/runs/task_group=time_varying/pde=burger/baseline=senseiver/task=sparse_solution/seed=3/sensors=500/mode=time_varying/noise=0/scalar=metadata/run=time_varying_senseiver_burger_s3_d81816fcf0b1	outputs/baselines_large/logs/task_group=time_varying/run=time_varying_senseiver_burger_s3_d81816fcf0b1	outputs/baselines_large/runs/task_group=time_varying/pde=burger/baseline=senseiver/task=sparse_solution/seed=3/sensors=500/mode=time_varying/noise=0/scalar=metadata/run=time_varying_senseiver_burger_s3_d81816fcf0b1/run.status.json	
time_varying_senseiver_burger_s3_918cc4838e9d	time_varying/senseiver/burger/seed=3/sensors=500/time_varying/noise=0.01	time_varying	sparse_solution	burger	senseiver	3	50000	0	1000	5	500	time_varying	0.01	metadata	lazy	True	16	200	0	0	0	cuda	baselines/configs/paper.yaml	outputs/baselines_large/runs/task_group=time_varying/pde=burger/baseline=senseiver/task=sparse_solution/seed=3/sensors=500/mode=time_varying/noise=0_01/scalar=metadata/run=time_varying_senseiver_burger_s3_918cc4838e9d	outputs/baselines_large/logs/task_group=time_varying/run=time_varying_senseiver_burger_s3_918cc4838e9d	outputs/baselines_large/runs/task_group=time_varying/pde=burger/baseline=senseiver/task=sparse_solution/seed=3/sensors=500/mode=time_varying/noise=0_01/scalar=metadata/run=time_varying_senseiver_burger_s3_918cc4838e9d/run.status.json	
time_varying_senseiver_burger_s3_958ea3565511	time_varying/senseiver/burger/seed=3/sensors=500/time_varying/noise=0.05	time_varying	sparse_solution	burger	senseiver	3	50000	0	1000	5	500	time_varying	0.05	metadata	lazy	True	16	200	0	0	0	cuda	baselines/configs/paper.yaml	outputs/baselines_large/runs/task_group=time_varying/pde=burger/baseline=senseiver/task=sparse_solution/seed=3/sensors=500/mode=time_varying/noise=0_05/scalar=metadata/run=time_varying_senseiver_burger_s3_958ea3565511	outputs/baselines_large/logs/task_group=time_varying/run=time_varying_senseiver_burger_s3_958ea3565511	outputs/baselines_large/runs/task_group=time_varying/pde=burger/baseline=senseiver/task=sparse_solution/seed=3/sensors=500/mode=time_varying/noise=0_05/scalar=metadata/run=time_varying_senseiver_burger_s3_958ea3565511/run.status.json	
time_varying_var4d_reaction_diffusion_s1_6b351e0a6278	time_varying/var4d/reaction_diffusion/seed=1/sensors=50/time_varying/noise=0.0	time_varying	sparse_solution	reaction_diffusion	var4d	1	50000	0	1000	5	50	time_varying	0.0	metadata	lazy	True	1	1	500	0	0	cuda	baselines/configs/paper.yaml	outputs/baselines_large/runs/task_group=time_varying/pde=reaction_diffusion/baseline=var4d/task=sparse_solution/seed=1/sensors=50/mode=time_varying/noise=0/scalar=metadata/run=time_varying_var4d_reaction_diffusion_s1_6b351e0a6278	outputs/baselines_large/logs/task_group=time_varying/run=time_varying_var4d_reaction_diffusion_s1_6b351e0a6278	outputs/baselines_large/runs/task_group=time_varying/pde=reaction_diffusion/baseline=var4d/task=sparse_solution/seed=1/sensors=50/mode=time_varying/noise=0/scalar=metadata/run=time_varying_var4d_reaction_diffusion_s1_6b351e0a6278/run.status.json	
time_varying_var4d_reaction_diffusion_s1_74aa4e04b40a	time_varying/var4d/reaction_diffusion/seed=1/sensors=50/time_varying/noise=0.01	time_varying	sparse_solution	reaction_diffusion	var4d	1	50000	0	1000	5	50	time_varying	0.01	metadata	lazy	True	1	1	500	0	0	cuda	baselines/configs/paper.yaml	outputs/baselines_large/runs/task_group=time_varying/pde=reaction_diffusion/baseline=var4d/task=sparse_solution/seed=1/sensors=50/mode=time_varying/noise=0_01/scalar=metadata/run=time_varying_var4d_reaction_diffusion_s1_74aa4e04b40a	outputs/baselines_large/logs/task_group=time_varying/run=time_varying_var4d_reaction_diffusion_s1_74aa4e04b40a	outputs/baselines_large/runs/task_group=time_varying/pde=reaction_diffusion/baseline=var4d/task=sparse_solution/seed=1/sensors=50/mode=time_varying/noise=0_01/scalar=metadata/run=time_varying_var4d_reaction_diffusion_s1_74aa4e04b40a/run.status.json	
time_varying_var4d_reaction_diffusion_s1_82ad126a68bc	time_varying/var4d/reaction_diffusion/seed=1/sensors=50/time_varying/noise=0.05	time_varying	sparse_solution	reaction_diffusion	var4d	1	50000	0	1000	5	50	time_varying	0.05	metadata	lazy	True	1	1	500	0	0	cuda	baselines/configs/paper.yaml	outputs/baselines_large/runs/task_group=time_varying/pde=reaction_diffusion/baseline=var4d/task=sparse_solution/seed=1/sensors=50/mode=time_varying/noise=0_05/scalar=metadata/run=time_varying_var4d_reaction_diffusion_s1_82ad126a68bc	outputs/baselines_large/logs/task_group=time_varying/run=time_varying_var4d_reaction_diffusion_s1_82ad126a68bc	outputs/baselines_large/runs/task_group=time_varying/pde=reaction_diffusion/baseline=var4d/task=sparse_solution/seed=1/sensors=50/mode=time_varying/noise=0_05/scalar=metadata/run=time_varying_var4d_reaction_diffusion_s1_82ad126a68bc/run.status.json	
time_varying_var4d_reaction_diffusion_s1_3d46d771bf09	time_varying/var4d/reaction_diffusion/seed=1/sensors=100/time_varying/noise=0.0	time_varying	sparse_solution	reaction_diffusion	var4d	1	50000	0	1000	5	100	time_varying	0.0	metadata	lazy	True	1	1	500	0	0	cuda	baselines/configs/paper.yaml	outputs/baselines_large/runs/task_group=time_varying/pde=reaction_diffusion/baseline=var4d/task=sparse_solution/seed=1/sensors=100/mode=time_varying/noise=0/scalar=metadata/run=time_varying_var4d_reaction_diffusion_s1_3d46d771bf09	outputs/baselines_large/logs/task_group=time_varying/run=time_varying_var4d_reaction_diffusion_s1_3d46d771bf09	outputs/baselines_large/runs/task_group=time_varying/pde=reaction_diffusion/baseline=var4d/task=sparse_solution/seed=1/sensors=100/mode=time_varying/noise=0/scalar=metadata/run=time_varying_var4d_reaction_diffusion_s1_3d46d771bf09/run.status.json	
time_varying_var4d_reaction_diffusion_s1_7f3a108a9618	time_varying/var4d/reaction_diffusion/seed=1/sensors=100/time_varying/noise=0.01	time_varying	sparse_solution	reaction_diffusion	var4d	1	50000	0	1000	5	100	time_varying	0.01	metadata	lazy	True	1	1	500	0	0	cuda	baselines/configs/paper.yaml	outputs/baselines_large/runs/task_group=time_varying/pde=reaction_diffusion/baseline=var4d/task=sparse_solution/seed=1/sensors=100/mode=time_varying/noise=0_01/scalar=metadata/run=time_varying_var4d_reaction_diffusion_s1_7f3a108a9618	outputs/baselines_large/logs/task_group=time_varying/run=time_varying_var4d_reaction_diffusion_s1_7f3a108a9618	outputs/baselines_large/runs/task_group=time_varying/pde=reaction_diffusion/baseline=var4d/task=sparse_solution/seed=1/sensors=100/mode=time_varying/noise=0_01/scalar=metadata/run=time_varying_var4d_reaction_diffusion_s1_7f3a108a9618/run.status.json	
time_varying_var4d_reaction_diffusion_s1_8d7f477a0069	time_varying/var4d/reaction_diffusion/seed=1/sensors=100/time_varying/noise=0.05	time_varying	sparse_solution	reaction_diffusion	var4d	1	50000	0	1000	5	100	time_varying	0.05	metadata	lazy	True	1	1	500	0	0	cuda	baselines/configs/paper.yaml	outputs/baselines_large/runs/task_group=time_varying/pde=reaction_diffusion/baseline=var4d/task=sparse_solution/seed=1/sensors=100/mode=time_varying/noise=0_05/scalar=metadata/run=time_varying_var4d_reaction_diffusion_s1_8d7f477a0069	outputs/baselines_large/logs/task_group=time_varying/run=time_varying_var4d_reaction_diffusion_s1_8d7f477a0069	outputs/baselines_large/runs/task_group=time_varying/pde=reaction_diffusion/baseline=var4d/task=sparse_solution/seed=1/sensors=100/mode=time_varying/noise=0_05/scalar=metadata/run=time_varying_var4d_reaction_diffusion_s1_8d7f477a0069/run.status.json	
time_varying_var4d_reaction_diffusion_s1_92101e0907e1	time_varying/var4d/reaction_diffusion/seed=1/sensors=250/time_varying/noise=0.0	time_varying	sparse_solution	reaction_diffusion	var4d	1	50000	0	1000	5	250	time_varying	0.0	metadata	lazy	True	1	1	500	0	0	cuda	baselines/configs/paper.yaml	outputs/baselines_large/runs/task_group=time_varying/pde=reaction_diffusion/baseline=var4d/task=sparse_solution/seed=1/sensors=250/mode=time_varying/noise=0/scalar=metadata/run=time_varying_var4d_reaction_diffusion_s1_92101e0907e1	outputs/baselines_large/logs/task_group=time_varying/run=time_varying_var4d_reaction_diffusion_s1_92101e0907e1	outputs/baselines_large/runs/task_group=time_varying/pde=reaction_diffusion/baseline=var4d/task=sparse_solution/seed=1/sensors=250/mode=time_varying/noise=0/scalar=metadata/run=time_varying_var4d_reaction_diffusion_s1_92101e0907e1/run.status.json	
time_varying_var4d_reaction_diffusion_s1_b5e0c43267b8	time_varying/var4d/reaction_diffusion/seed=1/sensors=250/time_varying/noise=0.01	time_varying	sparse_solution	reaction_diffusion	var4d	1	50000	0	1000	5	250	time_varying	0.01	metadata	lazy	True	1	1	500	0	0	cuda	baselines/configs/paper.yaml	outputs/baselines_large/runs/task_group=time_varying/pde=reaction_diffusion/baseline=var4d/task=sparse_solution/seed=1/sensors=250/mode=time_varying/noise=0_01/scalar=metadata/run=time_varying_var4d_reaction_diffusion_s1_b5e0c43267b8	outputs/baselines_large/logs/task_group=time_varying/run=time_varying_var4d_reaction_diffusion_s1_b5e0c43267b8	outputs/baselines_large/runs/task_group=time_varying/pde=reaction_diffusion/baseline=var4d/task=sparse_solution/seed=1/sensors=250/mode=time_varying/noise=0_01/scalar=metadata/run=time_varying_var4d_reaction_diffusion_s1_b5e0c43267b8/run.status.json	
time_varying_var4d_reaction_diffusion_s1_eed030003ce7	time_varying/var4d/reaction_diffusion/seed=1/sensors=250/time_varying/noise=0.05	time_varying	sparse_solution	reaction_diffusion	var4d	1	50000	0	1000	5	250	time_varying	0.05	metadata	lazy	True	1	1	500	0	0	cuda	baselines/configs/paper.yaml	outputs/baselines_large/runs/task_group=time_varying/pde=reaction_diffusion/baseline=var4d/task=sparse_solution/seed=1/sensors=250/mode=time_varying/noise=0_05/scalar=metadata/run=time_varying_var4d_reaction_diffusion_s1_eed030003ce7	outputs/baselines_large/logs/task_group=time_varying/run=time_varying_var4d_reaction_diffusion_s1_eed030003ce7	outputs/baselines_large/runs/task_group=time_varying/pde=reaction_diffusion/baseline=var4d/task=sparse_solution/seed=1/sensors=250/mode=time_varying/noise=0_05/scalar=metadata/run=time_varying_var4d_reaction_diffusion_s1_eed030003ce7/run.status.json	
time_varying_var4d_reaction_diffusion_s1_7b40f95edfe1	time_varying/var4d/reaction_diffusion/seed=1/sensors=500/time_varying/noise=0.0	time_varying	sparse_solution	reaction_diffusion	var4d	1	50000	0	1000	5	500	time_varying	0.0	metadata	lazy	True	1	1	500	0	0	cuda	baselines/configs/paper.yaml	outputs/baselines_large/runs/task_group=time_varying/pde=reaction_diffusion/baseline=var4d/task=sparse_solution/seed=1/sensors=500/mode=time_varying/noise=0/scalar=metadata/run=time_varying_var4d_reaction_diffusion_s1_7b40f95edfe1	outputs/baselines_large/logs/task_group=time_varying/run=time_varying_var4d_reaction_diffusion_s1_7b40f95edfe1	outputs/baselines_large/runs/task_group=time_varying/pde=reaction_diffusion/baseline=var4d/task=sparse_solution/seed=1/sensors=500/mode=time_varying/noise=0/scalar=metadata/run=time_varying_var4d_reaction_diffusion_s1_7b40f95edfe1/run.status.json	
time_varying_var4d_reaction_diffusion_s1_7d325bce96fe	time_varying/var4d/reaction_diffusion/seed=1/sensors=500/time_varying/noise=0.01	time_varying	sparse_solution	reaction_diffusion	var4d	1	50000	0	1000	5	500	time_varying	0.01	metadata	lazy	True	1	1	500	0	0	cuda	baselines/configs/paper.yaml	outputs/baselines_large/runs/task_group=time_varying/pde=reaction_diffusion/baseline=var4d/task=sparse_solution/seed=1/sensors=500/mode=time_varying/noise=0_01/scalar=metadata/run=time_varying_var4d_reaction_diffusion_s1_7d325bce96fe	outputs/baselines_large/logs/task_group=time_varying/run=time_varying_var4d_reaction_diffusion_s1_7d325bce96fe	outputs/baselines_large/runs/task_group=time_varying/pde=reaction_diffusion/baseline=var4d/task=sparse_solution/seed=1/sensors=500/mode=time_varying/noise=0_01/scalar=metadata/run=time_varying_var4d_reaction_diffusion_s1_7d325bce96fe/run.status.json	
time_varying_var4d_reaction_diffusion_s1_9805fda9356c	time_varying/var4d/reaction_diffusion/seed=1/sensors=500/time_varying/noise=0.05	time_varying	sparse_solution	reaction_diffusion	var4d	1	50000	0	1000	5	500	time_varying	0.05	metadata	lazy	True	1	1	500	0	0	cuda	baselines/configs/paper.yaml	outputs/baselines_large/runs/task_group=time_varying/pde=reaction_diffusion/baseline=var4d/task=sparse_solution/seed=1/sensors=500/mode=time_varying/noise=0_05/scalar=metadata/run=time_varying_var4d_reaction_diffusion_s1_9805fda9356c	outputs/baselines_large/logs/task_group=time_varying/run=time_varying_var4d_reaction_diffusion_s1_9805fda9356c	outputs/baselines_large/runs/task_group=time_varying/pde=reaction_diffusion/baseline=var4d/task=sparse_solution/seed=1/sensors=500/mode=time_varying/noise=0_05/scalar=metadata/run=time_varying_var4d_reaction_diffusion_s1_9805fda9356c/run.status.json	
time_varying_var4d_reaction_diffusion_s2_ac9728be6624	time_varying/var4d/reaction_diffusion/seed=2/sensors=50/time_varying/noise=0.0	time_varying	sparse_solution	reaction_diffusion	var4d	2	50000	0	1000	5	50	time_varying	0.0	metadata	lazy	True	1	1	500	0	0	cuda	baselines/configs/paper.yaml	outputs/baselines_large/runs/task_group=time_varying/pde=reaction_diffusion/baseline=var4d/task=sparse_solution/seed=2/sensors=50/mode=time_varying/noise=0/scalar=metadata/run=time_varying_var4d_reaction_diffusion_s2_ac9728be6624	outputs/baselines_large/logs/task_group=time_varying/run=time_varying_var4d_reaction_diffusion_s2_ac9728be6624	outputs/baselines_large/runs/task_group=time_varying/pde=reaction_diffusion/baseline=var4d/task=sparse_solution/seed=2/sensors=50/mode=time_varying/noise=0/scalar=metadata/run=time_varying_var4d_reaction_diffusion_s2_ac9728be6624/run.status.json	
time_varying_var4d_reaction_diffusion_s2_5da43189d929	time_varying/var4d/reaction_diffusion/seed=2/sensors=50/time_varying/noise=0.01	time_varying	sparse_solution	reaction_diffusion	var4d	2	50000	0	1000	5	50	time_varying	0.01	metadata	lazy	True	1	1	500	0	0	cuda	baselines/configs/paper.yaml	outputs/baselines_large/runs/task_group=time_varying/pde=reaction_diffusion/baseline=var4d/task=sparse_solution/seed=2/sensors=50/mode=time_varying/noise=0_01/scalar=metadata/run=time_varying_var4d_reaction_diffusion_s2_5da43189d929	outputs/baselines_large/logs/task_group=time_varying/run=time_varying_var4d_reaction_diffusion_s2_5da43189d929	outputs/baselines_large/runs/task_group=time_varying/pde=reaction_diffusion/baseline=var4d/task=sparse_solution/seed=2/sensors=50/mode=time_varying/noise=0_01/scalar=metadata/run=time_varying_var4d_reaction_diffusion_s2_5da43189d929/run.status.json	
time_varying_var4d_reaction_diffusion_s2_ed14c6f78b9c	time_varying/var4d/reaction_diffusion/seed=2/sensors=50/time_varying/noise=0.05	time_varying	sparse_solution	reaction_diffusion	var4d	2	50000	0	1000	5	50	time_varying	0.05	metadata	lazy	True	1	1	500	0	0	cuda	baselines/configs/paper.yaml	outputs/baselines_large/runs/task_group=time_varying/pde=reaction_diffusion/baseline=var4d/task=sparse_solution/seed=2/sensors=50/mode=time_varying/noise=0_05/scalar=metadata/run=time_varying_var4d_reaction_diffusion_s2_ed14c6f78b9c	outputs/baselines_large/logs/task_group=time_varying/run=time_varying_var4d_reaction_diffusion_s2_ed14c6f78b9c	outputs/baselines_large/runs/task_group=time_varying/pde=reaction_diffusion/baseline=var4d/task=sparse_solution/seed=2/sensors=50/mode=time_varying/noise=0_05/scalar=metadata/run=time_varying_var4d_reaction_diffusion_s2_ed14c6f78b9c/run.status.json	
time_varying_var4d_reaction_diffusion_s2_cd3ced6f49df	time_varying/var4d/reaction_diffusion/seed=2/sensors=100/time_varying/noise=0.0	time_varying	sparse_solution	reaction_diffusion	var4d	2	50000	0	1000	5	100	time_varying	0.0	metadata	lazy	True	1	1	500	0	0	cuda	baselines/configs/paper.yaml	outputs/baselines_large/runs/task_group=time_varying/pde=reaction_diffusion/baseline=var4d/task=sparse_solution/seed=2/sensors=100/mode=time_varying/noise=0/scalar=metadata/run=time_varying_var4d_reaction_diffusion_s2_cd3ced6f49df	outputs/baselines_large/logs/task_group=time_varying/run=time_varying_var4d_reaction_diffusion_s2_cd3ced6f49df	outputs/baselines_large/runs/task_group=time_varying/pde=reaction_diffusion/baseline=var4d/task=sparse_solution/seed=2/sensors=100/mode=time_varying/noise=0/scalar=metadata/run=time_varying_var4d_reaction_diffusion_s2_cd3ced6f49df/run.status.json	
time_varying_var4d_reaction_diffusion_s2_c42906fd859c	time_varying/var4d/reaction_diffusion/seed=2/sensors=100/time_varying/noise=0.01	time_varying	sparse_solution	reaction_diffusion	var4d	2	50000	0	1000	5	100	time_varying	0.01	metadata	lazy	True	1	1	500	0	0	cuda	baselines/configs/paper.yaml	outputs/baselines_large/runs/task_group=time_varying/pde=reaction_diffusion/baseline=var4d/task=sparse_solution/seed=2/sensors=100/mode=time_varying/noise=0_01/scalar=metadata/run=time_varying_var4d_reaction_diffusion_s2_c42906fd859c	outputs/baselines_large/logs/task_group=time_varying/run=time_varying_var4d_reaction_diffusion_s2_c42906fd859c	outputs/baselines_large/runs/task_group=time_varying/pde=reaction_diffusion/baseline=var4d/task=sparse_solution/seed=2/sensors=100/mode=time_varying/noise=0_01/scalar=metadata/run=time_varying_var4d_reaction_diffusion_s2_c42906fd859c/run.status.json	
time_varying_var4d_reaction_diffusion_s2_0c2c3f099523	time_varying/var4d/reaction_diffusion/seed=2/sensors=100/time_varying/noise=0.05	time_varying	sparse_solution	reaction_diffusion	var4d	2	50000	0	1000	5	100	time_varying	0.05	metadata	lazy	True	1	1	500	0	0	cuda	baselines/configs/paper.yaml	outputs/baselines_large/runs/task_group=time_varying/pde=reaction_diffusion/baseline=var4d/task=sparse_solution/seed=2/sensors=100/mode=time_varying/noise=0_05/scalar=metadata/run=time_varying_var4d_reaction_diffusion_s2_0c2c3f099523	outputs/baselines_large/logs/task_group=time_varying/run=time_varying_var4d_reaction_diffusion_s2_0c2c3f099523	outputs/baselines_large/runs/task_group=time_varying/pde=reaction_diffusion/baseline=var4d/task=sparse_solution/seed=2/sensors=100/mode=time_varying/noise=0_05/scalar=metadata/run=time_varying_var4d_reaction_diffusion_s2_0c2c3f099523/run.status.json	
time_varying_var4d_reaction_diffusion_s2_87861d820656	time_varying/var4d/reaction_diffusion/seed=2/sensors=250/time_varying/noise=0.0	time_varying	sparse_solution	reaction_diffusion	var4d	2	50000	0	1000	5	250	time_varying	0.0	metadata	lazy	True	1	1	500	0	0	cuda	baselines/configs/paper.yaml	outputs/baselines_large/runs/task_group=time_varying/pde=reaction_diffusion/baseline=var4d/task=sparse_solution/seed=2/sensors=250/mode=time_varying/noise=0/scalar=metadata/run=time_varying_var4d_reaction_diffusion_s2_87861d820656	outputs/baselines_large/logs/task_group=time_varying/run=time_varying_var4d_reaction_diffusion_s2_87861d820656	outputs/baselines_large/runs/task_group=time_varying/pde=reaction_diffusion/baseline=var4d/task=sparse_solution/seed=2/sensors=250/mode=time_varying/noise=0/scalar=metadata/run=time_varying_var4d_reaction_diffusion_s2_87861d820656/run.status.json	
time_varying_var4d_reaction_diffusion_s2_8fe40d4c0579	time_varying/var4d/reaction_diffusion/seed=2/sensors=250/time_varying/noise=0.01	time_varying	sparse_solution	reaction_diffusion	var4d	2	50000	0	1000	5	250	time_varying	0.01	metadata	lazy	True	1	1	500	0	0	cuda	baselines/configs/paper.yaml	outputs/baselines_large/runs/task_group=time_varying/pde=reaction_diffusion/baseline=var4d/task=sparse_solution/seed=2/sensors=250/mode=time_varying/noise=0_01/scalar=metadata/run=time_varying_var4d_reaction_diffusion_s2_8fe40d4c0579	outputs/baselines_large/logs/task_group=time_varying/run=time_varying_var4d_reaction_diffusion_s2_8fe40d4c0579	outputs/baselines_large/runs/task_group=time_varying/pde=reaction_diffusion/baseline=var4d/task=sparse_solution/seed=2/sensors=250/mode=time_varying/noise=0_01/scalar=metadata/run=time_varying_var4d_reaction_diffusion_s2_8fe40d4c0579/run.status.json	
time_varying_var4d_reaction_diffusion_s2_aca89ec5c4bd	time_varying/var4d/reaction_diffusion/seed=2/sensors=250/time_varying/noise=0.05	time_varying	sparse_solution	reaction_diffusion	var4d	2	50000	0	1000	5	250	time_varying	0.05	metadata	lazy	True	1	1	500	0	0	cuda	baselines/configs/paper.yaml	outputs/baselines_large/runs/task_group=time_varying/pde=reaction_diffusion/baseline=var4d/task=sparse_solution/seed=2/sensors=250/mode=time_varying/noise=0_05/scalar=metadata/run=time_varying_var4d_reaction_diffusion_s2_aca89ec5c4bd	outputs/baselines_large/logs/task_group=time_varying/run=time_varying_var4d_reaction_diffusion_s2_aca89ec5c4bd	outputs/baselines_large/runs/task_group=time_varying/pde=reaction_diffusion/baseline=var4d/task=sparse_solution/seed=2/sensors=250/mode=time_varying/noise=0_05/scalar=metadata/run=time_varying_var4d_reaction_diffusion_s2_aca89ec5c4bd/run.status.json	
time_varying_var4d_reaction_diffusion_s2_64eb99530f8b	time_varying/var4d/reaction_diffusion/seed=2/sensors=500/time_varying/noise=0.0	time_varying	sparse_solution	reaction_diffusion	var4d	2	50000	0	1000	5	500	time_varying	0.0	metadata	lazy	True	1	1	500	0	0	cuda	baselines/configs/paper.yaml	outputs/baselines_large/runs/task_group=time_varying/pde=reaction_diffusion/baseline=var4d/task=sparse_solution/seed=2/sensors=500/mode=time_varying/noise=0/scalar=metadata/run=time_varying_var4d_reaction_diffusion_s2_64eb99530f8b	outputs/baselines_large/logs/task_group=time_varying/run=time_varying_var4d_reaction_diffusion_s2_64eb99530f8b	outputs/baselines_large/runs/task_group=time_varying/pde=reaction_diffusion/baseline=var4d/task=sparse_solution/seed=2/sensors=500/mode=time_varying/noise=0/scalar=metadata/run=time_varying_var4d_reaction_diffusion_s2_64eb99530f8b/run.status.json	
time_varying_var4d_reaction_diffusion_s2_eb46e66c1fe6	time_varying/var4d/reaction_diffusion/seed=2/sensors=500/time_varying/noise=0.01	time_varying	sparse_solution	reaction_diffusion	var4d	2	50000	0	1000	5	500	time_varying	0.01	metadata	lazy	True	1	1	500	0	0	cuda	baselines/configs/paper.yaml	outputs/baselines_large/runs/task_group=time_varying/pde=reaction_diffusion/baseline=var4d/task=sparse_solution/seed=2/sensors=500/mode=time_varying/noise=0_01/scalar=metadata/run=time_varying_var4d_reaction_diffusion_s2_eb46e66c1fe6	outputs/baselines_large/logs/task_group=time_varying/run=time_varying_var4d_reaction_diffusion_s2_eb46e66c1fe6	outputs/baselines_large/runs/task_group=time_varying/pde=reaction_diffusion/baseline=var4d/task=sparse_solution/seed=2/sensors=500/mode=time_varying/noise=0_01/scalar=metadata/run=time_varying_var4d_reaction_diffusion_s2_eb46e66c1fe6/run.status.json	
time_varying_var4d_reaction_diffusion_s2_6249c85b9f93	time_varying/var4d/reaction_diffusion/seed=2/sensors=500/time_varying/noise=0.05	time_varying	sparse_solution	reaction_diffusion	var4d	2	50000	0	1000	5	500	time_varying	0.05	metadata	lazy	True	1	1	500	0	0	cuda	baselines/configs/paper.yaml	outputs/baselines_large/runs/task_group=time_varying/pde=reaction_diffusion/baseline=var4d/task=sparse_solution/seed=2/sensors=500/mode=time_varying/noise=0_05/scalar=metadata/run=time_varying_var4d_reaction_diffusion_s2_6249c85b9f93	outputs/baselines_large/logs/task_group=time_varying/run=time_varying_var4d_reaction_diffusion_s2_6249c85b9f93	outputs/baselines_large/runs/task_group=time_varying/pde=reaction_diffusion/baseline=var4d/task=sparse_solution/seed=2/sensors=500/mode=time_varying/noise=0_05/scalar=metadata/run=time_varying_var4d_reaction_diffusion_s2_6249c85b9f93/run.status.json	
time_varying_var4d_reaction_diffusion_s3_91a7f0c8634b	time_varying/var4d/reaction_diffusion/seed=3/sensors=50/time_varying/noise=0.0	time_varying	sparse_solution	reaction_diffusion	var4d	3	50000	0	1000	5	50	time_varying	0.0	metadata	lazy	True	1	1	500	0	0	cuda	baselines/configs/paper.yaml	outputs/baselines_large/runs/task_group=time_varying/pde=reaction_diffusion/baseline=var4d/task=sparse_solution/seed=3/sensors=50/mode=time_varying/noise=0/scalar=metadata/run=time_varying_var4d_reaction_diffusion_s3_91a7f0c8634b	outputs/baselines_large/logs/task_group=time_varying/run=time_varying_var4d_reaction_diffusion_s3_91a7f0c8634b	outputs/baselines_large/runs/task_group=time_varying/pde=reaction_diffusion/baseline=var4d/task=sparse_solution/seed=3/sensors=50/mode=time_varying/noise=0/scalar=metadata/run=time_varying_var4d_reaction_diffusion_s3_91a7f0c8634b/run.status.json	
time_varying_var4d_reaction_diffusion_s3_43009ae225ef	time_varying/var4d/reaction_diffusion/seed=3/sensors=50/time_varying/noise=0.01	time_varying	sparse_solution	reaction_diffusion	var4d	3	50000	0	1000	5	50	time_varying	0.01	metadata	lazy	True	1	1	500	0	0	cuda	baselines/configs/paper.yaml	outputs/baselines_large/runs/task_group=time_varying/pde=reaction_diffusion/baseline=var4d/task=sparse_solution/seed=3/sensors=50/mode=time_varying/noise=0_01/scalar=metadata/run=time_varying_var4d_reaction_diffusion_s3_43009ae225ef	outputs/baselines_large/logs/task_group=time_varying/run=time_varying_var4d_reaction_diffusion_s3_43009ae225ef	outputs/baselines_large/runs/task_group=time_varying/pde=reaction_diffusion/baseline=var4d/task=sparse_solution/seed=3/sensors=50/mode=time_varying/noise=0_01/scalar=metadata/run=time_varying_var4d_reaction_diffusion_s3_43009ae225ef/run.status.json	
time_varying_var4d_reaction_diffusion_s3_f65f952f2a51	time_varying/var4d/reaction_diffusion/seed=3/sensors=50/time_varying/noise=0.05	time_varying	sparse_solution	reaction_diffusion	var4d	3	50000	0	1000	5	50	time_varying	0.05	metadata	lazy	True	1	1	500	0	0	cuda	baselines/configs/paper.yaml	outputs/baselines_large/runs/task_group=time_varying/pde=reaction_diffusion/baseline=var4d/task=sparse_solution/seed=3/sensors=50/mode=time_varying/noise=0_05/scalar=metadata/run=time_varying_var4d_reaction_diffusion_s3_f65f952f2a51	outputs/baselines_large/logs/task_group=time_varying/run=time_varying_var4d_reaction_diffusion_s3_f65f952f2a51	outputs/baselines_large/runs/task_group=time_varying/pde=reaction_diffusion/baseline=var4d/task=sparse_solution/seed=3/sensors=50/mode=time_varying/noise=0_05/scalar=metadata/run=time_varying_var4d_reaction_diffusion_s3_f65f952f2a51/run.status.json	
time_varying_var4d_reaction_diffusion_s3_d2f07bbe2a49	time_varying/var4d/reaction_diffusion/seed=3/sensors=100/time_varying/noise=0.0	time_varying	sparse_solution	reaction_diffusion	var4d	3	50000	0	1000	5	100	time_varying	0.0	metadata	lazy	True	1	1	500	0	0	cuda	baselines/configs/paper.yaml	outputs/baselines_large/runs/task_group=time_varying/pde=reaction_diffusion/baseline=var4d/task=sparse_solution/seed=3/sensors=100/mode=time_varying/noise=0/scalar=metadata/run=time_varying_var4d_reaction_diffusion_s3_d2f07bbe2a49	outputs/baselines_large/logs/task_group=time_varying/run=time_varying_var4d_reaction_diffusion_s3_d2f07bbe2a49	outputs/baselines_large/runs/task_group=time_varying/pde=reaction_diffusion/baseline=var4d/task=sparse_solution/seed=3/sensors=100/mode=time_varying/noise=0/scalar=metadata/run=time_varying_var4d_reaction_diffusion_s3_d2f07bbe2a49/run.status.json	
time_varying_var4d_reaction_diffusion_s3_9fdb95287553	time_varying/var4d/reaction_diffusion/seed=3/sensors=100/time_varying/noise=0.01	time_varying	sparse_solution	reaction_diffusion	var4d	3	50000	0	1000	5	100	time_varying	0.01	metadata	lazy	True	1	1	500	0	0	cuda	baselines/configs/paper.yaml	outputs/baselines_large/runs/task_group=time_varying/pde=reaction_diffusion/baseline=var4d/task=sparse_solution/seed=3/sensors=100/mode=time_varying/noise=0_01/scalar=metadata/run=time_varying_var4d_reaction_diffusion_s3_9fdb95287553	outputs/baselines_large/logs/task_group=time_varying/run=time_varying_var4d_reaction_diffusion_s3_9fdb95287553	outputs/baselines_large/runs/task_group=time_varying/pde=reaction_diffusion/baseline=var4d/task=sparse_solution/seed=3/sensors=100/mode=time_varying/noise=0_01/scalar=metadata/run=time_varying_var4d_reaction_diffusion_s3_9fdb95287553/run.status.json	
time_varying_var4d_reaction_diffusion_s3_23863e9126df	time_varying/var4d/reaction_diffusion/seed=3/sensors=100/time_varying/noise=0.05	time_varying	sparse_solution	reaction_diffusion	var4d	3	50000	0	1000	5	100	time_varying	0.05	metadata	lazy	True	1	1	500	0	0	cuda	baselines/configs/paper.yaml	outputs/baselines_large/runs/task_group=time_varying/pde=reaction_diffusion/baseline=var4d/task=sparse_solution/seed=3/sensors=100/mode=time_varying/noise=0_05/scalar=metadata/run=time_varying_var4d_reaction_diffusion_s3_23863e9126df	outputs/baselines_large/logs/task_group=time_varying/run=time_varying_var4d_reaction_diffusion_s3_23863e9126df	outputs/baselines_large/runs/task_group=time_varying/pde=reaction_diffusion/baseline=var4d/task=sparse_solution/seed=3/sensors=100/mode=time_varying/noise=0_05/scalar=metadata/run=time_varying_var4d_reaction_diffusion_s3_23863e9126df/run.status.json	
time_varying_var4d_reaction_diffusion_s3_215e3e04f10d	time_varying/var4d/reaction_diffusion/seed=3/sensors=250/time_varying/noise=0.0	time_varying	sparse_solution	reaction_diffusion	var4d	3	50000	0	1000	5	250	time_varying	0.0	metadata	lazy	True	1	1	500	0	0	cuda	baselines/configs/paper.yaml	outputs/baselines_large/runs/task_group=time_varying/pde=reaction_diffusion/baseline=var4d/task=sparse_solution/seed=3/sensors=250/mode=time_varying/noise=0/scalar=metadata/run=time_varying_var4d_reaction_diffusion_s3_215e3e04f10d	outputs/baselines_large/logs/task_group=time_varying/run=time_varying_var4d_reaction_diffusion_s3_215e3e04f10d	outputs/baselines_large/runs/task_group=time_varying/pde=reaction_diffusion/baseline=var4d/task=sparse_solution/seed=3/sensors=250/mode=time_varying/noise=0/scalar=metadata/run=time_varying_var4d_reaction_diffusion_s3_215e3e04f10d/run.status.json	
time_varying_var4d_reaction_diffusion_s3_268d019c2c06	time_varying/var4d/reaction_diffusion/seed=3/sensors=250/time_varying/noise=0.01	time_varying	sparse_solution	reaction_diffusion	var4d	3	50000	0	1000	5	250	time_varying	0.01	metadata	lazy	True	1	1	500	0	0	cuda	baselines/configs/paper.yaml	outputs/baselines_large/runs/task_group=time_varying/pde=reaction_diffusion/baseline=var4d/task=sparse_solution/seed=3/sensors=250/mode=time_varying/noise=0_01/scalar=metadata/run=time_varying_var4d_reaction_diffusion_s3_268d019c2c06	outputs/baselines_large/logs/task_group=time_varying/run=time_varying_var4d_reaction_diffusion_s3_268d019c2c06	outputs/baselines_large/runs/task_group=time_varying/pde=reaction_diffusion/baseline=var4d/task=sparse_solution/seed=3/sensors=250/mode=time_varying/noise=0_01/scalar=metadata/run=time_varying_var4d_reaction_diffusion_s3_268d019c2c06/run.status.json	
time_varying_var4d_reaction_diffusion_s3_ca0c489a9cf0	time_varying/var4d/reaction_diffusion/seed=3/sensors=250/time_varying/noise=0.05	time_varying	sparse_solution	reaction_diffusion	var4d	3	50000	0	1000	5	250	time_varying	0.05	metadata	lazy	True	1	1	500	0	0	cuda	baselines/configs/paper.yaml	outputs/baselines_large/runs/task_group=time_varying/pde=reaction_diffusion/baseline=var4d/task=sparse_solution/seed=3/sensors=250/mode=time_varying/noise=0_05/scalar=metadata/run=time_varying_var4d_reaction_diffusion_s3_ca0c489a9cf0	outputs/baselines_large/logs/task_group=time_varying/run=time_varying_var4d_reaction_diffusion_s3_ca0c489a9cf0	outputs/baselines_large/runs/task_group=time_varying/pde=reaction_diffusion/baseline=var4d/task=sparse_solution/seed=3/sensors=250/mode=time_varying/noise=0_05/scalar=metadata/run=time_varying_var4d_reaction_diffusion_s3_ca0c489a9cf0/run.status.json	
time_varying_var4d_reaction_diffusion_s3_a6c9e93b2561	time_varying/var4d/reaction_diffusion/seed=3/sensors=500/time_varying/noise=0.0	time_varying	sparse_solution	reaction_diffusion	var4d	3	50000	0	1000	5	500	time_varying	0.0	metadata	lazy	True	1	1	500	0	0	cuda	baselines/configs/paper.yaml	outputs/baselines_large/runs/task_group=time_varying/pde=reaction_diffusion/baseline=var4d/task=sparse_solution/seed=3/sensors=500/mode=time_varying/noise=0/scalar=metadata/run=time_varying_var4d_reaction_diffusion_s3_a6c9e93b2561	outputs/baselines_large/logs/task_group=time_varying/run=time_varying_var4d_reaction_diffusion_s3_a6c9e93b2561	outputs/baselines_large/runs/task_group=time_varying/pde=reaction_diffusion/baseline=var4d/task=sparse_solution/seed=3/sensors=500/mode=time_varying/noise=0/scalar=metadata/run=time_varying_var4d_reaction_diffusion_s3_a6c9e93b2561/run.status.json	
time_varying_var4d_reaction_diffusion_s3_8728f3d93eae	time_varying/var4d/reaction_diffusion/seed=3/sensors=500/time_varying/noise=0.01	time_varying	sparse_solution	reaction_diffusion	var4d	3	50000	0	1000	5	500	time_varying	0.01	metadata	lazy	True	1	1	500	0	0	cuda	baselines/configs/paper.yaml	outputs/baselines_large/runs/task_group=time_varying/pde=reaction_diffusion/baseline=var4d/task=sparse_solution/seed=3/sensors=500/mode=time_varying/noise=0_01/scalar=metadata/run=time_varying_var4d_reaction_diffusion_s3_8728f3d93eae	outputs/baselines_large/logs/task_group=time_varying/run=time_varying_var4d_reaction_diffusion_s3_8728f3d93eae	outputs/baselines_large/runs/task_group=time_varying/pde=reaction_diffusion/baseline=var4d/task=sparse_solution/seed=3/sensors=500/mode=time_varying/noise=0_01/scalar=metadata/run=time_varying_var4d_reaction_diffusion_s3_8728f3d93eae/run.status.json	
time_varying_var4d_reaction_diffusion_s3_779c9aefc4c3	time_varying/var4d/reaction_diffusion/seed=3/sensors=500/time_varying/noise=0.05	time_varying	sparse_solution	reaction_diffusion	var4d	3	50000	0	1000	5	500	time_varying	0.05	metadata	lazy	True	1	1	500	0	0	cuda	baselines/configs/paper.yaml	outputs/baselines_large/runs/task_group=time_varying/pde=reaction_diffusion/baseline=var4d/task=sparse_solution/seed=3/sensors=500/mode=time_varying/noise=0_05/scalar=metadata/run=time_varying_var4d_reaction_diffusion_s3_779c9aefc4c3	outputs/baselines_large/logs/task_group=time_varying/run=time_varying_var4d_reaction_diffusion_s3_779c9aefc4c3	outputs/baselines_large/runs/task_group=time_varying/pde=reaction_diffusion/baseline=var4d/task=sparse_solution/seed=3/sensors=500/mode=time_varying/noise=0_05/scalar=metadata/run=time_varying_var4d_reaction_diffusion_s3_779c9aefc4c3/run.status.json	
time_varying_vivid_reaction_diffusion_s1_0ef0a614fbda	time_varying/vivid/reaction_diffusion/seed=1/sensors=50/time_varying/noise=0.0	time_varying	sparse_solution	reaction_diffusion	vivid	1	50000	0	1000	5	50	time_varying	0.0	metadata	lazy	True	1	1	0	300	0	cuda	baselines/configs/paper.yaml	outputs/baselines_large/runs/task_group=time_varying/pde=reaction_diffusion/baseline=vivid/task=sparse_solution/seed=1/sensors=50/mode=time_varying/noise=0/scalar=metadata/run=time_varying_vivid_reaction_diffusion_s1_0ef0a614fbda	outputs/baselines_large/logs/task_group=time_varying/run=time_varying_vivid_reaction_diffusion_s1_0ef0a614fbda	outputs/baselines_large/runs/task_group=time_varying/pde=reaction_diffusion/baseline=vivid/task=sparse_solution/seed=1/sensors=50/mode=time_varying/noise=0/scalar=metadata/run=time_varying_vivid_reaction_diffusion_s1_0ef0a614fbda/run.status.json	
time_varying_vivid_reaction_diffusion_s1_316ac1243c32	time_varying/vivid/reaction_diffusion/seed=1/sensors=50/time_varying/noise=0.01	time_varying	sparse_solution	reaction_diffusion	vivid	1	50000	0	1000	5	50	time_varying	0.01	metadata	lazy	True	1	1	0	300	0	cuda	baselines/configs/paper.yaml	outputs/baselines_large/runs/task_group=time_varying/pde=reaction_diffusion/baseline=vivid/task=sparse_solution/seed=1/sensors=50/mode=time_varying/noise=0_01/scalar=metadata/run=time_varying_vivid_reaction_diffusion_s1_316ac1243c32	outputs/baselines_large/logs/task_group=time_varying/run=time_varying_vivid_reaction_diffusion_s1_316ac1243c32	outputs/baselines_large/runs/task_group=time_varying/pde=reaction_diffusion/baseline=vivid/task=sparse_solution/seed=1/sensors=50/mode=time_varying/noise=0_01/scalar=metadata/run=time_varying_vivid_reaction_diffusion_s1_316ac1243c32/run.status.json	
time_varying_vivid_reaction_diffusion_s1_873bdc083205	time_varying/vivid/reaction_diffusion/seed=1/sensors=50/time_varying/noise=0.05	time_varying	sparse_solution	reaction_diffusion	vivid	1	50000	0	1000	5	50	time_varying	0.05	metadata	lazy	True	1	1	0	300	0	cuda	baselines/configs/paper.yaml	outputs/baselines_large/runs/task_group=time_varying/pde=reaction_diffusion/baseline=vivid/task=sparse_solution/seed=1/sensors=50/mode=time_varying/noise=0_05/scalar=metadata/run=time_varying_vivid_reaction_diffusion_s1_873bdc083205	outputs/baselines_large/logs/task_group=time_varying/run=time_varying_vivid_reaction_diffusion_s1_873bdc083205	outputs/baselines_large/runs/task_group=time_varying/pde=reaction_diffusion/baseline=vivid/task=sparse_solution/seed=1/sensors=50/mode=time_varying/noise=0_05/scalar=metadata/run=time_varying_vivid_reaction_diffusion_s1_873bdc083205/run.status.json	
time_varying_vivid_reaction_diffusion_s1_114d8c45c803	time_varying/vivid/reaction_diffusion/seed=1/sensors=100/time_varying/noise=0.0	time_varying	sparse_solution	reaction_diffusion	vivid	1	50000	0	1000	5	100	time_varying	0.0	metadata	lazy	True	1	1	0	300	0	cuda	baselines/configs/paper.yaml	outputs/baselines_large/runs/task_group=time_varying/pde=reaction_diffusion/baseline=vivid/task=sparse_solution/seed=1/sensors=100/mode=time_varying/noise=0/scalar=metadata/run=time_varying_vivid_reaction_diffusion_s1_114d8c45c803	outputs/baselines_large/logs/task_group=time_varying/run=time_varying_vivid_reaction_diffusion_s1_114d8c45c803	outputs/baselines_large/runs/task_group=time_varying/pde=reaction_diffusion/baseline=vivid/task=sparse_solution/seed=1/sensors=100/mode=time_varying/noise=0/scalar=metadata/run=time_varying_vivid_reaction_diffusion_s1_114d8c45c803/run.status.json	
time_varying_vivid_reaction_diffusion_s1_badaaafaa756	time_varying/vivid/reaction_diffusion/seed=1/sensors=100/time_varying/noise=0.01	time_varying	sparse_solution	reaction_diffusion	vivid	1	50000	0	1000	5	100	time_varying	0.01	metadata	lazy	True	1	1	0	300	0	cuda	baselines/configs/paper.yaml	outputs/baselines_large/runs/task_group=time_varying/pde=reaction_diffusion/baseline=vivid/task=sparse_solution/seed=1/sensors=100/mode=time_varying/noise=0_01/scalar=metadata/run=time_varying_vivid_reaction_diffusion_s1_badaaafaa756	outputs/baselines_large/logs/task_group=time_varying/run=time_varying_vivid_reaction_diffusion_s1_badaaafaa756	outputs/baselines_large/runs/task_group=time_varying/pde=reaction_diffusion/baseline=vivid/task=sparse_solution/seed=1/sensors=100/mode=time_varying/noise=0_01/scalar=metadata/run=time_varying_vivid_reaction_diffusion_s1_badaaafaa756/run.status.json	
time_varying_vivid_reaction_diffusion_s1_337d6d537a19	time_varying/vivid/reaction_diffusion/seed=1/sensors=100/time_varying/noise=0.05	time_varying	sparse_solution	reaction_diffusion	vivid	1	50000	0	1000	5	100	time_varying	0.05	metadata	lazy	True	1	1	0	300	0	cuda	baselines/configs/paper.yaml	outputs/baselines_large/runs/task_group=time_varying/pde=reaction_diffusion/baseline=vivid/task=sparse_solution/seed=1/sensors=100/mode=time_varying/noise=0_05/scalar=metadata/run=time_varying_vivid_reaction_diffusion_s1_337d6d537a19	outputs/baselines_large/logs/task_group=time_varying/run=time_varying_vivid_reaction_diffusion_s1_337d6d537a19	outputs/baselines_large/runs/task_group=time_varying/pde=reaction_diffusion/baseline=vivid/task=sparse_solution/seed=1/sensors=100/mode=time_varying/noise=0_05/scalar=metadata/run=time_varying_vivid_reaction_diffusion_s1_337d6d537a19/run.status.json	
time_varying_vivid_reaction_diffusion_s1_220d22f4461c	time_varying/vivid/reaction_diffusion/seed=1/sensors=250/time_varying/noise=0.0	time_varying	sparse_solution	reaction_diffusion	vivid	1	50000	0	1000	5	250	time_varying	0.0	metadata	lazy	True	1	1	0	300	0	cuda	baselines/configs/paper.yaml	outputs/baselines_large/runs/task_group=time_varying/pde=reaction_diffusion/baseline=vivid/task=sparse_solution/seed=1/sensors=250/mode=time_varying/noise=0/scalar=metadata/run=time_varying_vivid_reaction_diffusion_s1_220d22f4461c	outputs/baselines_large/logs/task_group=time_varying/run=time_varying_vivid_reaction_diffusion_s1_220d22f4461c	outputs/baselines_large/runs/task_group=time_varying/pde=reaction_diffusion/baseline=vivid/task=sparse_solution/seed=1/sensors=250/mode=time_varying/noise=0/scalar=metadata/run=time_varying_vivid_reaction_diffusion_s1_220d22f4461c/run.status.json	
time_varying_vivid_reaction_diffusion_s1_f8b9d166a9bf	time_varying/vivid/reaction_diffusion/seed=1/sensors=250/time_varying/noise=0.01	time_varying	sparse_solution	reaction_diffusion	vivid	1	50000	0	1000	5	250	time_varying	0.01	metadata	lazy	True	1	1	0	300	0	cuda	baselines/configs/paper.yaml	outputs/baselines_large/runs/task_group=time_varying/pde=reaction_diffusion/baseline=vivid/task=sparse_solution/seed=1/sensors=250/mode=time_varying/noise=0_01/scalar=metadata/run=time_varying_vivid_reaction_diffusion_s1_f8b9d166a9bf	outputs/baselines_large/logs/task_group=time_varying/run=time_varying_vivid_reaction_diffusion_s1_f8b9d166a9bf	outputs/baselines_large/runs/task_group=time_varying/pde=reaction_diffusion/baseline=vivid/task=sparse_solution/seed=1/sensors=250/mode=time_varying/noise=0_01/scalar=metadata/run=time_varying_vivid_reaction_diffusion_s1_f8b9d166a9bf/run.status.json	
time_varying_vivid_reaction_diffusion_s1_24a621f697c1	time_varying/vivid/reaction_diffusion/seed=1/sensors=250/time_varying/noise=0.05	time_varying	sparse_solution	reaction_diffusion	vivid	1	50000	0	1000	5	250	time_varying	0.05	metadata	lazy	True	1	1	0	300	0	cuda	baselines/configs/paper.yaml	outputs/baselines_large/runs/task_group=time_varying/pde=reaction_diffusion/baseline=vivid/task=sparse_solution/seed=1/sensors=250/mode=time_varying/noise=0_05/scalar=metadata/run=time_varying_vivid_reaction_diffusion_s1_24a621f697c1	outputs/baselines_large/logs/task_group=time_varying/run=time_varying_vivid_reaction_diffusion_s1_24a621f697c1	outputs/baselines_large/runs/task_group=time_varying/pde=reaction_diffusion/baseline=vivid/task=sparse_solution/seed=1/sensors=250/mode=time_varying/noise=0_05/scalar=metadata/run=time_varying_vivid_reaction_diffusion_s1_24a621f697c1/run.status.json	
time_varying_vivid_reaction_diffusion_s1_9d6d7f97d879	time_varying/vivid/reaction_diffusion/seed=1/sensors=500/time_varying/noise=0.0	time_varying	sparse_solution	reaction_diffusion	vivid	1	50000	0	1000	5	500	time_varying	0.0	metadata	lazy	True	1	1	0	300	0	cuda	baselines/configs/paper.yaml	outputs/baselines_large/runs/task_group=time_varying/pde=reaction_diffusion/baseline=vivid/task=sparse_solution/seed=1/sensors=500/mode=time_varying/noise=0/scalar=metadata/run=time_varying_vivid_reaction_diffusion_s1_9d6d7f97d879	outputs/baselines_large/logs/task_group=time_varying/run=time_varying_vivid_reaction_diffusion_s1_9d6d7f97d879	outputs/baselines_large/runs/task_group=time_varying/pde=reaction_diffusion/baseline=vivid/task=sparse_solution/seed=1/sensors=500/mode=time_varying/noise=0/scalar=metadata/run=time_varying_vivid_reaction_diffusion_s1_9d6d7f97d879/run.status.json	
time_varying_vivid_reaction_diffusion_s1_a4533fb7893b	time_varying/vivid/reaction_diffusion/seed=1/sensors=500/time_varying/noise=0.01	time_varying	sparse_solution	reaction_diffusion	vivid	1	50000	0	1000	5	500	time_varying	0.01	metadata	lazy	True	1	1	0	300	0	cuda	baselines/configs/paper.yaml	outputs/baselines_large/runs/task_group=time_varying/pde=reaction_diffusion/baseline=vivid/task=sparse_solution/seed=1/sensors=500/mode=time_varying/noise=0_01/scalar=metadata/run=time_varying_vivid_reaction_diffusion_s1_a4533fb7893b	outputs/baselines_large/logs/task_group=time_varying/run=time_varying_vivid_reaction_diffusion_s1_a4533fb7893b	outputs/baselines_large/runs/task_group=time_varying/pde=reaction_diffusion/baseline=vivid/task=sparse_solution/seed=1/sensors=500/mode=time_varying/noise=0_01/scalar=metadata/run=time_varying_vivid_reaction_diffusion_s1_a4533fb7893b/run.status.json	
time_varying_vivid_reaction_diffusion_s1_c73882d3b020	time_varying/vivid/reaction_diffusion/seed=1/sensors=500/time_varying/noise=0.05	time_varying	sparse_solution	reaction_diffusion	vivid	1	50000	0	1000	5	500	time_varying	0.05	metadata	lazy	True	1	1	0	300	0	cuda	baselines/configs/paper.yaml	outputs/baselines_large/runs/task_group=time_varying/pde=reaction_diffusion/baseline=vivid/task=sparse_solution/seed=1/sensors=500/mode=time_varying/noise=0_05/scalar=metadata/run=time_varying_vivid_reaction_diffusion_s1_c73882d3b020	outputs/baselines_large/logs/task_group=time_varying/run=time_varying_vivid_reaction_diffusion_s1_c73882d3b020	outputs/baselines_large/runs/task_group=time_varying/pde=reaction_diffusion/baseline=vivid/task=sparse_solution/seed=1/sensors=500/mode=time_varying/noise=0_05/scalar=metadata/run=time_varying_vivid_reaction_diffusion_s1_c73882d3b020/run.status.json	
time_varying_vivid_reaction_diffusion_s2_eb728ce5786c	time_varying/vivid/reaction_diffusion/seed=2/sensors=50/time_varying/noise=0.0	time_varying	sparse_solution	reaction_diffusion	vivid	2	50000	0	1000	5	50	time_varying	0.0	metadata	lazy	True	1	1	0	300	0	cuda	baselines/configs/paper.yaml	outputs/baselines_large/runs/task_group=time_varying/pde=reaction_diffusion/baseline=vivid/task=sparse_solution/seed=2/sensors=50/mode=time_varying/noise=0/scalar=metadata/run=time_varying_vivid_reaction_diffusion_s2_eb728ce5786c	outputs/baselines_large/logs/task_group=time_varying/run=time_varying_vivid_reaction_diffusion_s2_eb728ce5786c	outputs/baselines_large/runs/task_group=time_varying/pde=reaction_diffusion/baseline=vivid/task=sparse_solution/seed=2/sensors=50/mode=time_varying/noise=0/scalar=metadata/run=time_varying_vivid_reaction_diffusion_s2_eb728ce5786c/run.status.json	
time_varying_vivid_reaction_diffusion_s2_927a548d4c18	time_varying/vivid/reaction_diffusion/seed=2/sensors=50/time_varying/noise=0.01	time_varying	sparse_solution	reaction_diffusion	vivid	2	50000	0	1000	5	50	time_varying	0.01	metadata	lazy	True	1	1	0	300	0	cuda	baselines/configs/paper.yaml	outputs/baselines_large/runs/task_group=time_varying/pde=reaction_diffusion/baseline=vivid/task=sparse_solution/seed=2/sensors=50/mode=time_varying/noise=0_01/scalar=metadata/run=time_varying_vivid_reaction_diffusion_s2_927a548d4c18	outputs/baselines_large/logs/task_group=time_varying/run=time_varying_vivid_reaction_diffusion_s2_927a548d4c18	outputs/baselines_large/runs/task_group=time_varying/pde=reaction_diffusion/baseline=vivid/task=sparse_solution/seed=2/sensors=50/mode=time_varying/noise=0_01/scalar=metadata/run=time_varying_vivid_reaction_diffusion_s2_927a548d4c18/run.status.json	
time_varying_vivid_reaction_diffusion_s2_acfb372058d3	time_varying/vivid/reaction_diffusion/seed=2/sensors=50/time_varying/noise=0.05	time_varying	sparse_solution	reaction_diffusion	vivid	2	50000	0	1000	5	50	time_varying	0.05	metadata	lazy	True	1	1	0	300	0	cuda	baselines/configs/paper.yaml	outputs/baselines_large/runs/task_group=time_varying/pde=reaction_diffusion/baseline=vivid/task=sparse_solution/seed=2/sensors=50/mode=time_varying/noise=0_05/scalar=metadata/run=time_varying_vivid_reaction_diffusion_s2_acfb372058d3	outputs/baselines_large/logs/task_group=time_varying/run=time_varying_vivid_reaction_diffusion_s2_acfb372058d3	outputs/baselines_large/runs/task_group=time_varying/pde=reaction_diffusion/baseline=vivid/task=sparse_solution/seed=2/sensors=50/mode=time_varying/noise=0_05/scalar=metadata/run=time_varying_vivid_reaction_diffusion_s2_acfb372058d3/run.status.json	
time_varying_vivid_reaction_diffusion_s2_63f18568440e	time_varying/vivid/reaction_diffusion/seed=2/sensors=100/time_varying/noise=0.0	time_varying	sparse_solution	reaction_diffusion	vivid	2	50000	0	1000	5	100	time_varying	0.0	metadata	lazy	True	1	1	0	300	0	cuda	baselines/configs/paper.yaml	outputs/baselines_large/runs/task_group=time_varying/pde=reaction_diffusion/baseline=vivid/task=sparse_solution/seed=2/sensors=100/mode=time_varying/noise=0/scalar=metadata/run=time_varying_vivid_reaction_diffusion_s2_63f18568440e	outputs/baselines_large/logs/task_group=time_varying/run=time_varying_vivid_reaction_diffusion_s2_63f18568440e	outputs/baselines_large/runs/task_group=time_varying/pde=reaction_diffusion/baseline=vivid/task=sparse_solution/seed=2/sensors=100/mode=time_varying/noise=0/scalar=metadata/run=time_varying_vivid_reaction_diffusion_s2_63f18568440e/run.status.json	
time_varying_vivid_reaction_diffusion_s2_110a794395ad	time_varying/vivid/reaction_diffusion/seed=2/sensors=100/time_varying/noise=0.01	time_varying	sparse_solution	reaction_diffusion	vivid	2	50000	0	1000	5	100	time_varying	0.01	metadata	lazy	True	1	1	0	300	0	cuda	baselines/configs/paper.yaml	outputs/baselines_large/runs/task_group=time_varying/pde=reaction_diffusion/baseline=vivid/task=sparse_solution/seed=2/sensors=100/mode=time_varying/noise=0_01/scalar=metadata/run=time_varying_vivid_reaction_diffusion_s2_110a794395ad	outputs/baselines_large/logs/task_group=time_varying/run=time_varying_vivid_reaction_diffusion_s2_110a794395ad	outputs/baselines_large/runs/task_group=time_varying/pde=reaction_diffusion/baseline=vivid/task=sparse_solution/seed=2/sensors=100/mode=time_varying/noise=0_01/scalar=metadata/run=time_varying_vivid_reaction_diffusion_s2_110a794395ad/run.status.json	
time_varying_vivid_reaction_diffusion_s2_efcd5f7526eb	time_varying/vivid/reaction_diffusion/seed=2/sensors=100/time_varying/noise=0.05	time_varying	sparse_solution	reaction_diffusion	vivid	2	50000	0	1000	5	100	time_varying	0.05	metadata	lazy	True	1	1	0	300	0	cuda	baselines/configs/paper.yaml	outputs/baselines_large/runs/task_group=time_varying/pde=reaction_diffusion/baseline=vivid/task=sparse_solution/seed=2/sensors=100/mode=time_varying/noise=0_05/scalar=metadata/run=time_varying_vivid_reaction_diffusion_s2_efcd5f7526eb	outputs/baselines_large/logs/task_group=time_varying/run=time_varying_vivid_reaction_diffusion_s2_efcd5f7526eb	outputs/baselines_large/runs/task_group=time_varying/pde=reaction_diffusion/baseline=vivid/task=sparse_solution/seed=2/sensors=100/mode=time_varying/noise=0_05/scalar=metadata/run=time_varying_vivid_reaction_diffusion_s2_efcd5f7526eb/run.status.json	
time_varying_vivid_reaction_diffusion_s2_a76ce69b25b7	time_varying/vivid/reaction_diffusion/seed=2/sensors=250/time_varying/noise=0.0	time_varying	sparse_solution	reaction_diffusion	vivid	2	50000	0	1000	5	250	time_varying	0.0	metadata	lazy	True	1	1	0	300	0	cuda	baselines/configs/paper.yaml	outputs/baselines_large/runs/task_group=time_varying/pde=reaction_diffusion/baseline=vivid/task=sparse_solution/seed=2/sensors=250/mode=time_varying/noise=0/scalar=metadata/run=time_varying_vivid_reaction_diffusion_s2_a76ce69b25b7	outputs/baselines_large/logs/task_group=time_varying/run=time_varying_vivid_reaction_diffusion_s2_a76ce69b25b7	outputs/baselines_large/runs/task_group=time_varying/pde=reaction_diffusion/baseline=vivid/task=sparse_solution/seed=2/sensors=250/mode=time_varying/noise=0/scalar=metadata/run=time_varying_vivid_reaction_diffusion_s2_a76ce69b25b7/run.status.json	
time_varying_vivid_reaction_diffusion_s2_53434f22826b	time_varying/vivid/reaction_diffusion/seed=2/sensors=250/time_varying/noise=0.01	time_varying	sparse_solution	reaction_diffusion	vivid	2	50000	0	1000	5	250	time_varying	0.01	metadata	lazy	True	1	1	0	300	0	cuda	baselines/configs/paper.yaml	outputs/baselines_large/runs/task_group=time_varying/pde=reaction_diffusion/baseline=vivid/task=sparse_solution/seed=2/sensors=250/mode=time_varying/noise=0_01/scalar=metadata/run=time_varying_vivid_reaction_diffusion_s2_53434f22826b	outputs/baselines_large/logs/task_group=time_varying/run=time_varying_vivid_reaction_diffusion_s2_53434f22826b	outputs/baselines_large/runs/task_group=time_varying/pde=reaction_diffusion/baseline=vivid/task=sparse_solution/seed=2/sensors=250/mode=time_varying/noise=0_01/scalar=metadata/run=time_varying_vivid_reaction_diffusion_s2_53434f22826b/run.status.json	
time_varying_vivid_reaction_diffusion_s2_1cfb77713e52	time_varying/vivid/reaction_diffusion/seed=2/sensors=250/time_varying/noise=0.05	time_varying	sparse_solution	reaction_diffusion	vivid	2	50000	0	1000	5	250	time_varying	0.05	metadata	lazy	True	1	1	0	300	0	cuda	baselines/configs/paper.yaml	outputs/baselines_large/runs/task_group=time_varying/pde=reaction_diffusion/baseline=vivid/task=sparse_solution/seed=2/sensors=250/mode=time_varying/noise=0_05/scalar=metadata/run=time_varying_vivid_reaction_diffusion_s2_1cfb77713e52	outputs/baselines_large/logs/task_group=time_varying/run=time_varying_vivid_reaction_diffusion_s2_1cfb77713e52	outputs/baselines_large/runs/task_group=time_varying/pde=reaction_diffusion/baseline=vivid/task=sparse_solution/seed=2/sensors=250/mode=time_varying/noise=0_05/scalar=metadata/run=time_varying_vivid_reaction_diffusion_s2_1cfb77713e52/run.status.json	
time_varying_vivid_reaction_diffusion_s2_2dd850d38515	time_varying/vivid/reaction_diffusion/seed=2/sensors=500/time_varying/noise=0.0	time_varying	sparse_solution	reaction_diffusion	vivid	2	50000	0	1000	5	500	time_varying	0.0	metadata	lazy	True	1	1	0	300	0	cuda	baselines/configs/paper.yaml	outputs/baselines_large/runs/task_group=time_varying/pde=reaction_diffusion/baseline=vivid/task=sparse_solution/seed=2/sensors=500/mode=time_varying/noise=0/scalar=metadata/run=time_varying_vivid_reaction_diffusion_s2_2dd850d38515	outputs/baselines_large/logs/task_group=time_varying/run=time_varying_vivid_reaction_diffusion_s2_2dd850d38515	outputs/baselines_large/runs/task_group=time_varying/pde=reaction_diffusion/baseline=vivid/task=sparse_solution/seed=2/sensors=500/mode=time_varying/noise=0/scalar=metadata/run=time_varying_vivid_reaction_diffusion_s2_2dd850d38515/run.status.json	
time_varying_vivid_reaction_diffusion_s2_1ac44608f48f	time_varying/vivid/reaction_diffusion/seed=2/sensors=500/time_varying/noise=0.01	time_varying	sparse_solution	reaction_diffusion	vivid	2	50000	0	1000	5	500	time_varying	0.01	metadata	lazy	True	1	1	0	300	0	cuda	baselines/configs/paper.yaml	outputs/baselines_large/runs/task_group=time_varying/pde=reaction_diffusion/baseline=vivid/task=sparse_solution/seed=2/sensors=500/mode=time_varying/noise=0_01/scalar=metadata/run=time_varying_vivid_reaction_diffusion_s2_1ac44608f48f	outputs/baselines_large/logs/task_group=time_varying/run=time_varying_vivid_reaction_diffusion_s2_1ac44608f48f	outputs/baselines_large/runs/task_group=time_varying/pde=reaction_diffusion/baseline=vivid/task=sparse_solution/seed=2/sensors=500/mode=time_varying/noise=0_01/scalar=metadata/run=time_varying_vivid_reaction_diffusion_s2_1ac44608f48f/run.status.json	
time_varying_vivid_reaction_diffusion_s2_babd2abaa540	time_varying/vivid/reaction_diffusion/seed=2/sensors=500/time_varying/noise=0.05	time_varying	sparse_solution	reaction_diffusion	vivid	2	50000	0	1000	5	500	time_varying	0.05	metadata	lazy	True	1	1	0	300	0	cuda	baselines/configs/paper.yaml	outputs/baselines_large/runs/task_group=time_varying/pde=reaction_diffusion/baseline=vivid/task=sparse_solution/seed=2/sensors=500/mode=time_varying/noise=0_05/scalar=metadata/run=time_varying_vivid_reaction_diffusion_s2_babd2abaa540	outputs/baselines_large/logs/task_group=time_varying/run=time_varying_vivid_reaction_diffusion_s2_babd2abaa540	outputs/baselines_large/runs/task_group=time_varying/pde=reaction_diffusion/baseline=vivid/task=sparse_solution/seed=2/sensors=500/mode=time_varying/noise=0_05/scalar=metadata/run=time_varying_vivid_reaction_diffusion_s2_babd2abaa540/run.status.json	
time_varying_vivid_reaction_diffusion_s3_de7305b79cf8	time_varying/vivid/reaction_diffusion/seed=3/sensors=50/time_varying/noise=0.0	time_varying	sparse_solution	reaction_diffusion	vivid	3	50000	0	1000	5	50	time_varying	0.0	metadata	lazy	True	1	1	0	300	0	cuda	baselines/configs/paper.yaml	outputs/baselines_large/runs/task_group=time_varying/pde=reaction_diffusion/baseline=vivid/task=sparse_solution/seed=3/sensors=50/mode=time_varying/noise=0/scalar=metadata/run=time_varying_vivid_reaction_diffusion_s3_de7305b79cf8	outputs/baselines_large/logs/task_group=time_varying/run=time_varying_vivid_reaction_diffusion_s3_de7305b79cf8	outputs/baselines_large/runs/task_group=time_varying/pde=reaction_diffusion/baseline=vivid/task=sparse_solution/seed=3/sensors=50/mode=time_varying/noise=0/scalar=metadata/run=time_varying_vivid_reaction_diffusion_s3_de7305b79cf8/run.status.json	
time_varying_vivid_reaction_diffusion_s3_fff809ccc05f	time_varying/vivid/reaction_diffusion/seed=3/sensors=50/time_varying/noise=0.01	time_varying	sparse_solution	reaction_diffusion	vivid	3	50000	0	1000	5	50	time_varying	0.01	metadata	lazy	True	1	1	0	300	0	cuda	baselines/configs/paper.yaml	outputs/baselines_large/runs/task_group=time_varying/pde=reaction_diffusion/baseline=vivid/task=sparse_solution/seed=3/sensors=50/mode=time_varying/noise=0_01/scalar=metadata/run=time_varying_vivid_reaction_diffusion_s3_fff809ccc05f	outputs/baselines_large/logs/task_group=time_varying/run=time_varying_vivid_reaction_diffusion_s3_fff809ccc05f	outputs/baselines_large/runs/task_group=time_varying/pde=reaction_diffusion/baseline=vivid/task=sparse_solution/seed=3/sensors=50/mode=time_varying/noise=0_01/scalar=metadata/run=time_varying_vivid_reaction_diffusion_s3_fff809ccc05f/run.status.json	
time_varying_vivid_reaction_diffusion_s3_4fcf6e7d9e44	time_varying/vivid/reaction_diffusion/seed=3/sensors=50/time_varying/noise=0.05	time_varying	sparse_solution	reaction_diffusion	vivid	3	50000	0	1000	5	50	time_varying	0.05	metadata	lazy	True	1	1	0	300	0	cuda	baselines/configs/paper.yaml	outputs/baselines_large/runs/task_group=time_varying/pde=reaction_diffusion/baseline=vivid/task=sparse_solution/seed=3/sensors=50/mode=time_varying/noise=0_05/scalar=metadata/run=time_varying_vivid_reaction_diffusion_s3_4fcf6e7d9e44	outputs/baselines_large/logs/task_group=time_varying/run=time_varying_vivid_reaction_diffusion_s3_4fcf6e7d9e44	outputs/baselines_large/runs/task_group=time_varying/pde=reaction_diffusion/baseline=vivid/task=sparse_solution/seed=3/sensors=50/mode=time_varying/noise=0_05/scalar=metadata/run=time_varying_vivid_reaction_diffusion_s3_4fcf6e7d9e44/run.status.json	
time_varying_vivid_reaction_diffusion_s3_92807e993db8	time_varying/vivid/reaction_diffusion/seed=3/sensors=100/time_varying/noise=0.0	time_varying	sparse_solution	reaction_diffusion	vivid	3	50000	0	1000	5	100	time_varying	0.0	metadata	lazy	True	1	1	0	300	0	cuda	baselines/configs/paper.yaml	outputs/baselines_large/runs/task_group=time_varying/pde=reaction_diffusion/baseline=vivid/task=sparse_solution/seed=3/sensors=100/mode=time_varying/noise=0/scalar=metadata/run=time_varying_vivid_reaction_diffusion_s3_92807e993db8	outputs/baselines_large/logs/task_group=time_varying/run=time_varying_vivid_reaction_diffusion_s3_92807e993db8	outputs/baselines_large/runs/task_group=time_varying/pde=reaction_diffusion/baseline=vivid/task=sparse_solution/seed=3/sensors=100/mode=time_varying/noise=0/scalar=metadata/run=time_varying_vivid_reaction_diffusion_s3_92807e993db8/run.status.json	
time_varying_vivid_reaction_diffusion_s3_a6e7692779e2	time_varying/vivid/reaction_diffusion/seed=3/sensors=100/time_varying/noise=0.01	time_varying	sparse_solution	reaction_diffusion	vivid	3	50000	0	1000	5	100	time_varying	0.01	metadata	lazy	True	1	1	0	300	0	cuda	baselines/configs/paper.yaml	outputs/baselines_large/runs/task_group=time_varying/pde=reaction_diffusion/baseline=vivid/task=sparse_solution/seed=3/sensors=100/mode=time_varying/noise=0_01/scalar=metadata/run=time_varying_vivid_reaction_diffusion_s3_a6e7692779e2	outputs/baselines_large/logs/task_group=time_varying/run=time_varying_vivid_reaction_diffusion_s3_a6e7692779e2	outputs/baselines_large/runs/task_group=time_varying/pde=reaction_diffusion/baseline=vivid/task=sparse_solution/seed=3/sensors=100/mode=time_varying/noise=0_01/scalar=metadata/run=time_varying_vivid_reaction_diffusion_s3_a6e7692779e2/run.status.json	
time_varying_vivid_reaction_diffusion_s3_45af33856d33	time_varying/vivid/reaction_diffusion/seed=3/sensors=100/time_varying/noise=0.05	time_varying	sparse_solution	reaction_diffusion	vivid	3	50000	0	1000	5	100	time_varying	0.05	metadata	lazy	True	1	1	0	300	0	cuda	baselines/configs/paper.yaml	outputs/baselines_large/runs/task_group=time_varying/pde=reaction_diffusion/baseline=vivid/task=sparse_solution/seed=3/sensors=100/mode=time_varying/noise=0_05/scalar=metadata/run=time_varying_vivid_reaction_diffusion_s3_45af33856d33	outputs/baselines_large/logs/task_group=time_varying/run=time_varying_vivid_reaction_diffusion_s3_45af33856d33	outputs/baselines_large/runs/task_group=time_varying/pde=reaction_diffusion/baseline=vivid/task=sparse_solution/seed=3/sensors=100/mode=time_varying/noise=0_05/scalar=metadata/run=time_varying_vivid_reaction_diffusion_s3_45af33856d33/run.status.json	
time_varying_vivid_reaction_diffusion_s3_9cadba5c237d	time_varying/vivid/reaction_diffusion/seed=3/sensors=250/time_varying/noise=0.0	time_varying	sparse_solution	reaction_diffusion	vivid	3	50000	0	1000	5	250	time_varying	0.0	metadata	lazy	True	1	1	0	300	0	cuda	baselines/configs/paper.yaml	outputs/baselines_large/runs/task_group=time_varying/pde=reaction_diffusion/baseline=vivid/task=sparse_solution/seed=3/sensors=250/mode=time_varying/noise=0/scalar=metadata/run=time_varying_vivid_reaction_diffusion_s3_9cadba5c237d	outputs/baselines_large/logs/task_group=time_varying/run=time_varying_vivid_reaction_diffusion_s3_9cadba5c237d	outputs/baselines_large/runs/task_group=time_varying/pde=reaction_diffusion/baseline=vivid/task=sparse_solution/seed=3/sensors=250/mode=time_varying/noise=0/scalar=metadata/run=time_varying_vivid_reaction_diffusion_s3_9cadba5c237d/run.status.json	
time_varying_vivid_reaction_diffusion_s3_fcb4091febb0	time_varying/vivid/reaction_diffusion/seed=3/sensors=250/time_varying/noise=0.01	time_varying	sparse_solution	reaction_diffusion	vivid	3	50000	0	1000	5	250	time_varying	0.01	metadata	lazy	True	1	1	0	300	0	cuda	baselines/configs/paper.yaml	outputs/baselines_large/runs/task_group=time_varying/pde=reaction_diffusion/baseline=vivid/task=sparse_solution/seed=3/sensors=250/mode=time_varying/noise=0_01/scalar=metadata/run=time_varying_vivid_reaction_diffusion_s3_fcb4091febb0	outputs/baselines_large/logs/task_group=time_varying/run=time_varying_vivid_reaction_diffusion_s3_fcb4091febb0	outputs/baselines_large/runs/task_group=time_varying/pde=reaction_diffusion/baseline=vivid/task=sparse_solution/seed=3/sensors=250/mode=time_varying/noise=0_01/scalar=metadata/run=time_varying_vivid_reaction_diffusion_s3_fcb4091febb0/run.status.json	
time_varying_vivid_reaction_diffusion_s3_6a4ad557c756	time_varying/vivid/reaction_diffusion/seed=3/sensors=250/time_varying/noise=0.05	time_varying	sparse_solution	reaction_diffusion	vivid	3	50000	0	1000	5	250	time_varying	0.05	metadata	lazy	True	1	1	0	300	0	cuda	baselines/configs/paper.yaml	outputs/baselines_large/runs/task_group=time_varying/pde=reaction_diffusion/baseline=vivid/task=sparse_solution/seed=3/sensors=250/mode=time_varying/noise=0_05/scalar=metadata/run=time_varying_vivid_reaction_diffusion_s3_6a4ad557c756	outputs/baselines_large/logs/task_group=time_varying/run=time_varying_vivid_reaction_diffusion_s3_6a4ad557c756	outputs/baselines_large/runs/task_group=time_varying/pde=reaction_diffusion/baseline=vivid/task=sparse_solution/seed=3/sensors=250/mode=time_varying/noise=0_05/scalar=metadata/run=time_varying_vivid_reaction_diffusion_s3_6a4ad557c756/run.status.json	
time_varying_vivid_reaction_diffusion_s3_93e73edb7f1a	time_varying/vivid/reaction_diffusion/seed=3/sensors=500/time_varying/noise=0.0	time_varying	sparse_solution	reaction_diffusion	vivid	3	50000	0	1000	5	500	time_varying	0.0	metadata	lazy	True	1	1	0	300	0	cuda	baselines/configs/paper.yaml	outputs/baselines_large/runs/task_group=time_varying/pde=reaction_diffusion/baseline=vivid/task=sparse_solution/seed=3/sensors=500/mode=time_varying/noise=0/scalar=metadata/run=time_varying_vivid_reaction_diffusion_s3_93e73edb7f1a	outputs/baselines_large/logs/task_group=time_varying/run=time_varying_vivid_reaction_diffusion_s3_93e73edb7f1a	outputs/baselines_large/runs/task_group=time_varying/pde=reaction_diffusion/baseline=vivid/task=sparse_solution/seed=3/sensors=500/mode=time_varying/noise=0/scalar=metadata/run=time_varying_vivid_reaction_diffusion_s3_93e73edb7f1a/run.status.json	
time_varying_vivid_reaction_diffusion_s3_1eb8025bac5a	time_varying/vivid/reaction_diffusion/seed=3/sensors=500/time_varying/noise=0.01	time_varying	sparse_solution	reaction_diffusion	vivid	3	50000	0	1000	5	500	time_varying	0.01	metadata	lazy	True	1	1	0	300	0	cuda	baselines/configs/paper.yaml	outputs/baselines_large/runs/task_group=time_varying/pde=reaction_diffusion/baseline=vivid/task=sparse_solution/seed=3/sensors=500/mode=time_varying/noise=0_01/scalar=metadata/run=time_varying_vivid_reaction_diffusion_s3_1eb8025bac5a	outputs/baselines_large/logs/task_group=time_varying/run=time_varying_vivid_reaction_diffusion_s3_1eb8025bac5a	outputs/baselines_large/runs/task_group=time_varying/pde=reaction_diffusion/baseline=vivid/task=sparse_solution/seed=3/sensors=500/mode=time_varying/noise=0_01/scalar=metadata/run=time_varying_vivid_reaction_diffusion_s3_1eb8025bac5a/run.status.json	
time_varying_vivid_reaction_diffusion_s3_0a0548190795	time_varying/vivid/reaction_diffusion/seed=3/sensors=500/time_varying/noise=0.05	time_varying	sparse_solution	reaction_diffusion	vivid	3	50000	0	1000	5	500	time_varying	0.05	metadata	lazy	True	1	1	0	300	0	cuda	baselines/configs/paper.yaml	outputs/baselines_large/runs/task_group=time_varying/pde=reaction_diffusion/baseline=vivid/task=sparse_solution/seed=3/sensors=500/mode=time_varying/noise=0_05/scalar=metadata/run=time_varying_vivid_reaction_diffusion_s3_0a0548190795	outputs/baselines_large/logs/task_group=time_varying/run=time_varying_vivid_reaction_diffusion_s3_0a0548190795	outputs/baselines_large/runs/task_group=time_varying/pde=reaction_diffusion/baseline=vivid/task=sparse_solution/seed=3/sensors=500/mode=time_varying/noise=0_05/scalar=metadata/run=time_varying_vivid_reaction_diffusion_s3_0a0548190795/run.status.json	
time_varying_senseiver_reaction_diffusion_s1_c5ebd1d6f1dc	time_varying/senseiver/reaction_diffusion/seed=1/sensors=50/time_varying/noise=0.0	time_varying	sparse_solution	reaction_diffusion	senseiver	1	50000	0	1000	5	50	time_varying	0.0	metadata	lazy	True	16	200	0	0	0	cuda	baselines/configs/paper.yaml	outputs/baselines_large/runs/task_group=time_varying/pde=reaction_diffusion/baseline=senseiver/task=sparse_solution/seed=1/sensors=50/mode=time_varying/noise=0/scalar=metadata/run=time_varying_senseiver_reaction_diffusion_s1_c5ebd1d6f1dc	outputs/baselines_large/logs/task_group=time_varying/run=time_varying_senseiver_reaction_diffusion_s1_c5ebd1d6f1dc	outputs/baselines_large/runs/task_group=time_varying/pde=reaction_diffusion/baseline=senseiver/task=sparse_solution/seed=1/sensors=50/mode=time_varying/noise=0/scalar=metadata/run=time_varying_senseiver_reaction_diffusion_s1_c5ebd1d6f1dc/run.status.json	
time_varying_senseiver_reaction_diffusion_s1_6aa9c7ae4ed4	time_varying/senseiver/reaction_diffusion/seed=1/sensors=50/time_varying/noise=0.01	time_varying	sparse_solution	reaction_diffusion	senseiver	1	50000	0	1000	5	50	time_varying	0.01	metadata	lazy	True	16	200	0	0	0	cuda	baselines/configs/paper.yaml	outputs/baselines_large/runs/task_group=time_varying/pde=reaction_diffusion/baseline=senseiver/task=sparse_solution/seed=1/sensors=50/mode=time_varying/noise=0_01/scalar=metadata/run=time_varying_senseiver_reaction_diffusion_s1_6aa9c7ae4ed4	outputs/baselines_large/logs/task_group=time_varying/run=time_varying_senseiver_reaction_diffusion_s1_6aa9c7ae4ed4	outputs/baselines_large/runs/task_group=time_varying/pde=reaction_diffusion/baseline=senseiver/task=sparse_solution/seed=1/sensors=50/mode=time_varying/noise=0_01/scalar=metadata/run=time_varying_senseiver_reaction_diffusion_s1_6aa9c7ae4ed4/run.status.json	
time_varying_senseiver_reaction_diffusion_s1_dd79e3543885	time_varying/senseiver/reaction_diffusion/seed=1/sensors=50/time_varying/noise=0.05	time_varying	sparse_solution	reaction_diffusion	senseiver	1	50000	0	1000	5	50	time_varying	0.05	metadata	lazy	True	16	200	0	0	0	cuda	baselines/configs/paper.yaml	outputs/baselines_large/runs/task_group=time_varying/pde=reaction_diffusion/baseline=senseiver/task=sparse_solution/seed=1/sensors=50/mode=time_varying/noise=0_05/scalar=metadata/run=time_varying_senseiver_reaction_diffusion_s1_dd79e3543885	outputs/baselines_large/logs/task_group=time_varying/run=time_varying_senseiver_reaction_diffusion_s1_dd79e3543885	outputs/baselines_large/runs/task_group=time_varying/pde=reaction_diffusion/baseline=senseiver/task=sparse_solution/seed=1/sensors=50/mode=time_varying/noise=0_05/scalar=metadata/run=time_varying_senseiver_reaction_diffusion_s1_dd79e3543885/run.status.json	
time_varying_senseiver_reaction_diffusion_s1_86fb9cbee5e9	time_varying/senseiver/reaction_diffusion/seed=1/sensors=100/time_varying/noise=0.0	time_varying	sparse_solution	reaction_diffusion	senseiver	1	50000	0	1000	5	100	time_varying	0.0	metadata	lazy	True	16	200	0	0	0	cuda	baselines/configs/paper.yaml	outputs/baselines_large/runs/task_group=time_varying/pde=reaction_diffusion/baseline=senseiver/task=sparse_solution/seed=1/sensors=100/mode=time_varying/noise=0/scalar=metadata/run=time_varying_senseiver_reaction_diffusion_s1_86fb9cbee5e9	outputs/baselines_large/logs/task_group=time_varying/run=time_varying_senseiver_reaction_diffusion_s1_86fb9cbee5e9	outputs/baselines_large/runs/task_group=time_varying/pde=reaction_diffusion/baseline=senseiver/task=sparse_solution/seed=1/sensors=100/mode=time_varying/noise=0/scalar=metadata/run=time_varying_senseiver_reaction_diffusion_s1_86fb9cbee5e9/run.status.json	
time_varying_senseiver_reaction_diffusion_s1_27face38984e	time_varying/senseiver/reaction_diffusion/seed=1/sensors=100/time_varying/noise=0.01	time_varying	sparse_solution	reaction_diffusion	senseiver	1	50000	0	1000	5	100	time_varying	0.01	metadata	lazy	True	16	200	0	0	0	cuda	baselines/configs/paper.yaml	outputs/baselines_large/runs/task_group=time_varying/pde=reaction_diffusion/baseline=senseiver/task=sparse_solution/seed=1/sensors=100/mode=time_varying/noise=0_01/scalar=metadata/run=time_varying_senseiver_reaction_diffusion_s1_27face38984e	outputs/baselines_large/logs/task_group=time_varying/run=time_varying_senseiver_reaction_diffusion_s1_27face38984e	outputs/baselines_large/runs/task_group=time_varying/pde=reaction_diffusion/baseline=senseiver/task=sparse_solution/seed=1/sensors=100/mode=time_varying/noise=0_01/scalar=metadata/run=time_varying_senseiver_reaction_diffusion_s1_27face38984e/run.status.json	
time_varying_senseiver_reaction_diffusion_s1_79a147c9f9a1	time_varying/senseiver/reaction_diffusion/seed=1/sensors=100/time_varying/noise=0.05	time_varying	sparse_solution	reaction_diffusion	senseiver	1	50000	0	1000	5	100	time_varying	0.05	metadata	lazy	True	16	200	0	0	0	cuda	baselines/configs/paper.yaml	outputs/baselines_large/runs/task_group=time_varying/pde=reaction_diffusion/baseline=senseiver/task=sparse_solution/seed=1/sensors=100/mode=time_varying/noise=0_05/scalar=metadata/run=time_varying_senseiver_reaction_diffusion_s1_79a147c9f9a1	outputs/baselines_large/logs/task_group=time_varying/run=time_varying_senseiver_reaction_diffusion_s1_79a147c9f9a1	outputs/baselines_large/runs/task_group=time_varying/pde=reaction_diffusion/baseline=senseiver/task=sparse_solution/seed=1/sensors=100/mode=time_varying/noise=0_05/scalar=metadata/run=time_varying_senseiver_reaction_diffusion_s1_79a147c9f9a1/run.status.json	
time_varying_senseiver_reaction_diffusion_s1_1555eafc858e	time_varying/senseiver/reaction_diffusion/seed=1/sensors=250/time_varying/noise=0.0	time_varying	sparse_solution	reaction_diffusion	senseiver	1	50000	0	1000	5	250	time_varying	0.0	metadata	lazy	True	16	200	0	0	0	cuda	baselines/configs/paper.yaml	outputs/baselines_large/runs/task_group=time_varying/pde=reaction_diffusion/baseline=senseiver/task=sparse_solution/seed=1/sensors=250/mode=time_varying/noise=0/scalar=metadata/run=time_varying_senseiver_reaction_diffusion_s1_1555eafc858e	outputs/baselines_large/logs/task_group=time_varying/run=time_varying_senseiver_reaction_diffusion_s1_1555eafc858e	outputs/baselines_large/runs/task_group=time_varying/pde=reaction_diffusion/baseline=senseiver/task=sparse_solution/seed=1/sensors=250/mode=time_varying/noise=0/scalar=metadata/run=time_varying_senseiver_reaction_diffusion_s1_1555eafc858e/run.status.json	
time_varying_senseiver_reaction_diffusion_s1_4dbf3a1d483b	time_varying/senseiver/reaction_diffusion/seed=1/sensors=250/time_varying/noise=0.01	time_varying	sparse_solution	reaction_diffusion	senseiver	1	50000	0	1000	5	250	time_varying	0.01	metadata	lazy	True	16	200	0	0	0	cuda	baselines/configs/paper.yaml	outputs/baselines_large/runs/task_group=time_varying/pde=reaction_diffusion/baseline=senseiver/task=sparse_solution/seed=1/sensors=250/mode=time_varying/noise=0_01/scalar=metadata/run=time_varying_senseiver_reaction_diffusion_s1_4dbf3a1d483b	outputs/baselines_large/logs/task_group=time_varying/run=time_varying_senseiver_reaction_diffusion_s1_4dbf3a1d483b	outputs/baselines_large/runs/task_group=time_varying/pde=reaction_diffusion/baseline=senseiver/task=sparse_solution/seed=1/sensors=250/mode=time_varying/noise=0_01/scalar=metadata/run=time_varying_senseiver_reaction_diffusion_s1_4dbf3a1d483b/run.status.json	
time_varying_senseiver_reaction_diffusion_s1_de356d914503	time_varying/senseiver/reaction_diffusion/seed=1/sensors=250/time_varying/noise=0.05	time_varying	sparse_solution	reaction_diffusion	senseiver	1	50000	0	1000	5	250	time_varying	0.05	metadata	lazy	True	16	200	0	0	0	cuda	baselines/configs/paper.yaml	outputs/baselines_large/runs/task_group=time_varying/pde=reaction_diffusion/baseline=senseiver/task=sparse_solution/seed=1/sensors=250/mode=time_varying/noise=0_05/scalar=metadata/run=time_varying_senseiver_reaction_diffusion_s1_de356d914503	outputs/baselines_large/logs/task_group=time_varying/run=time_varying_senseiver_reaction_diffusion_s1_de356d914503	outputs/baselines_large/runs/task_group=time_varying/pde=reaction_diffusion/baseline=senseiver/task=sparse_solution/seed=1/sensors=250/mode=time_varying/noise=0_05/scalar=metadata/run=time_varying_senseiver_reaction_diffusion_s1_de356d914503/run.status.json	
time_varying_senseiver_reaction_diffusion_s1_120e891ba587	time_varying/senseiver/reaction_diffusion/seed=1/sensors=500/time_varying/noise=0.0	time_varying	sparse_solution	reaction_diffusion	senseiver	1	50000	0	1000	5	500	time_varying	0.0	metadata	lazy	True	16	200	0	0	0	cuda	baselines/configs/paper.yaml	outputs/baselines_large/runs/task_group=time_varying/pde=reaction_diffusion/baseline=senseiver/task=sparse_solution/seed=1/sensors=500/mode=time_varying/noise=0/scalar=metadata/run=time_varying_senseiver_reaction_diffusion_s1_120e891ba587	outputs/baselines_large/logs/task_group=time_varying/run=time_varying_senseiver_reaction_diffusion_s1_120e891ba587	outputs/baselines_large/runs/task_group=time_varying/pde=reaction_diffusion/baseline=senseiver/task=sparse_solution/seed=1/sensors=500/mode=time_varying/noise=0/scalar=metadata/run=time_varying_senseiver_reaction_diffusion_s1_120e891ba587/run.status.json	
time_varying_senseiver_reaction_diffusion_s1_5ede1716ec42	time_varying/senseiver/reaction_diffusion/seed=1/sensors=500/time_varying/noise=0.01	time_varying	sparse_solution	reaction_diffusion	senseiver	1	50000	0	1000	5	500	time_varying	0.01	metadata	lazy	True	16	200	0	0	0	cuda	baselines/configs/paper.yaml	outputs/baselines_large/runs/task_group=time_varying/pde=reaction_diffusion/baseline=senseiver/task=sparse_solution/seed=1/sensors=500/mode=time_varying/noise=0_01/scalar=metadata/run=time_varying_senseiver_reaction_diffusion_s1_5ede1716ec42	outputs/baselines_large/logs/task_group=time_varying/run=time_varying_senseiver_reaction_diffusion_s1_5ede1716ec42	outputs/baselines_large/runs/task_group=time_varying/pde=reaction_diffusion/baseline=senseiver/task=sparse_solution/seed=1/sensors=500/mode=time_varying/noise=0_01/scalar=metadata/run=time_varying_senseiver_reaction_diffusion_s1_5ede1716ec42/run.status.json	
time_varying_senseiver_reaction_diffusion_s1_85b234220bfd	time_varying/senseiver/reaction_diffusion/seed=1/sensors=500/time_varying/noise=0.05	time_varying	sparse_solution	reaction_diffusion	senseiver	1	50000	0	1000	5	500	time_varying	0.05	metadata	lazy	True	16	200	0	0	0	cuda	baselines/configs/paper.yaml	outputs/baselines_large/runs/task_group=time_varying/pde=reaction_diffusion/baseline=senseiver/task=sparse_solution/seed=1/sensors=500/mode=time_varying/noise=0_05/scalar=metadata/run=time_varying_senseiver_reaction_diffusion_s1_85b234220bfd	outputs/baselines_large/logs/task_group=time_varying/run=time_varying_senseiver_reaction_diffusion_s1_85b234220bfd	outputs/baselines_large/runs/task_group=time_varying/pde=reaction_diffusion/baseline=senseiver/task=sparse_solution/seed=1/sensors=500/mode=time_varying/noise=0_05/scalar=metadata/run=time_varying_senseiver_reaction_diffusion_s1_85b234220bfd/run.status.json	
time_varying_senseiver_reaction_diffusion_s2_49ec796970b2	time_varying/senseiver/reaction_diffusion/seed=2/sensors=50/time_varying/noise=0.0	time_varying	sparse_solution	reaction_diffusion	senseiver	2	50000	0	1000	5	50	time_varying	0.0	metadata	lazy	True	16	200	0	0	0	cuda	baselines/configs/paper.yaml	outputs/baselines_large/runs/task_group=time_varying/pde=reaction_diffusion/baseline=senseiver/task=sparse_solution/seed=2/sensors=50/mode=time_varying/noise=0/scalar=metadata/run=time_varying_senseiver_reaction_diffusion_s2_49ec796970b2	outputs/baselines_large/logs/task_group=time_varying/run=time_varying_senseiver_reaction_diffusion_s2_49ec796970b2	outputs/baselines_large/runs/task_group=time_varying/pde=reaction_diffusion/baseline=senseiver/task=sparse_solution/seed=2/sensors=50/mode=time_varying/noise=0/scalar=metadata/run=time_varying_senseiver_reaction_diffusion_s2_49ec796970b2/run.status.json	
time_varying_senseiver_reaction_diffusion_s2_9213c7884d7d	time_varying/senseiver/reaction_diffusion/seed=2/sensors=50/time_varying/noise=0.01	time_varying	sparse_solution	reaction_diffusion	senseiver	2	50000	0	1000	5	50	time_varying	0.01	metadata	lazy	True	16	200	0	0	0	cuda	baselines/configs/paper.yaml	outputs/baselines_large/runs/task_group=time_varying/pde=reaction_diffusion/baseline=senseiver/task=sparse_solution/seed=2/sensors=50/mode=time_varying/noise=0_01/scalar=metadata/run=time_varying_senseiver_reaction_diffusion_s2_9213c7884d7d	outputs/baselines_large/logs/task_group=time_varying/run=time_varying_senseiver_reaction_diffusion_s2_9213c7884d7d	outputs/baselines_large/runs/task_group=time_varying/pde=reaction_diffusion/baseline=senseiver/task=sparse_solution/seed=2/sensors=50/mode=time_varying/noise=0_01/scalar=metadata/run=time_varying_senseiver_reaction_diffusion_s2_9213c7884d7d/run.status.json	
time_varying_senseiver_reaction_diffusion_s2_a3c2f271897c	time_varying/senseiver/reaction_diffusion/seed=2/sensors=50/time_varying/noise=0.05	time_varying	sparse_solution	reaction_diffusion	senseiver	2	50000	0	1000	5	50	time_varying	0.05	metadata	lazy	True	16	200	0	0	0	cuda	baselines/configs/paper.yaml	outputs/baselines_large/runs/task_group=time_varying/pde=reaction_diffusion/baseline=senseiver/task=sparse_solution/seed=2/sensors=50/mode=time_varying/noise=0_05/scalar=metadata/run=time_varying_senseiver_reaction_diffusion_s2_a3c2f271897c	outputs/baselines_large/logs/task_group=time_varying/run=time_varying_senseiver_reaction_diffusion_s2_a3c2f271897c	outputs/baselines_large/runs/task_group=time_varying/pde=reaction_diffusion/baseline=senseiver/task=sparse_solution/seed=2/sensors=50/mode=time_varying/noise=0_05/scalar=metadata/run=time_varying_senseiver_reaction_diffusion_s2_a3c2f271897c/run.status.json	
time_varying_senseiver_reaction_diffusion_s2_4b0d4d24347d	time_varying/senseiver/reaction_diffusion/seed=2/sensors=100/time_varying/noise=0.0	time_varying	sparse_solution	reaction_diffusion	senseiver	2	50000	0	1000	5	100	time_varying	0.0	metadata	lazy	True	16	200	0	0	0	cuda	baselines/configs/paper.yaml	outputs/baselines_large/runs/task_group=time_varying/pde=reaction_diffusion/baseline=senseiver/task=sparse_solution/seed=2/sensors=100/mode=time_varying/noise=0/scalar=metadata/run=time_varying_senseiver_reaction_diffusion_s2_4b0d4d24347d	outputs/baselines_large/logs/task_group=time_varying/run=time_varying_senseiver_reaction_diffusion_s2_4b0d4d24347d	outputs/baselines_large/runs/task_group=time_varying/pde=reaction_diffusion/baseline=senseiver/task=sparse_solution/seed=2/sensors=100/mode=time_varying/noise=0/scalar=metadata/run=time_varying_senseiver_reaction_diffusion_s2_4b0d4d24347d/run.status.json	
time_varying_senseiver_reaction_diffusion_s2_44ef91679bbf	time_varying/senseiver/reaction_diffusion/seed=2/sensors=100/time_varying/noise=0.01	time_varying	sparse_solution	reaction_diffusion	senseiver	2	50000	0	1000	5	100	time_varying	0.01	metadata	lazy	True	16	200	0	0	0	cuda	baselines/configs/paper.yaml	outputs/baselines_large/runs/task_group=time_varying/pde=reaction_diffusion/baseline=senseiver/task=sparse_solution/seed=2/sensors=100/mode=time_varying/noise=0_01/scalar=metadata/run=time_varying_senseiver_reaction_diffusion_s2_44ef91679bbf	outputs/baselines_large/logs/task_group=time_varying/run=time_varying_senseiver_reaction_diffusion_s2_44ef91679bbf	outputs/baselines_large/runs/task_group=time_varying/pde=reaction_diffusion/baseline=senseiver/task=sparse_solution/seed=2/sensors=100/mode=time_varying/noise=0_01/scalar=metadata/run=time_varying_senseiver_reaction_diffusion_s2_44ef91679bbf/run.status.json	
time_varying_senseiver_reaction_diffusion_s2_5b416ede595b	time_varying/senseiver/reaction_diffusion/seed=2/sensors=100/time_varying/noise=0.05	time_varying	sparse_solution	reaction_diffusion	senseiver	2	50000	0	1000	5	100	time_varying	0.05	metadata	lazy	True	16	200	0	0	0	cuda	baselines/configs/paper.yaml	outputs/baselines_large/runs/task_group=time_varying/pde=reaction_diffusion/baseline=senseiver/task=sparse_solution/seed=2/sensors=100/mode=time_varying/noise=0_05/scalar=metadata/run=time_varying_senseiver_reaction_diffusion_s2_5b416ede595b	outputs/baselines_large/logs/task_group=time_varying/run=time_varying_senseiver_reaction_diffusion_s2_5b416ede595b	outputs/baselines_large/runs/task_group=time_varying/pde=reaction_diffusion/baseline=senseiver/task=sparse_solution/seed=2/sensors=100/mode=time_varying/noise=0_05/scalar=metadata/run=time_varying_senseiver_reaction_diffusion_s2_5b416ede595b/run.status.json	
time_varying_senseiver_reaction_diffusion_s2_69970ce8383f	time_varying/senseiver/reaction_diffusion/seed=2/sensors=250/time_varying/noise=0.0	time_varying	sparse_solution	reaction_diffusion	senseiver	2	50000	0	1000	5	250	time_varying	0.0	metadata	lazy	True	16	200	0	0	0	cuda	baselines/configs/paper.yaml	outputs/baselines_large/runs/task_group=time_varying/pde=reaction_diffusion/baseline=senseiver/task=sparse_solution/seed=2/sensors=250/mode=time_varying/noise=0/scalar=metadata/run=time_varying_senseiver_reaction_diffusion_s2_69970ce8383f	outputs/baselines_large/logs/task_group=time_varying/run=time_varying_senseiver_reaction_diffusion_s2_69970ce8383f	outputs/baselines_large/runs/task_group=time_varying/pde=reaction_diffusion/baseline=senseiver/task=sparse_solution/seed=2/sensors=250/mode=time_varying/noise=0/scalar=metadata/run=time_varying_senseiver_reaction_diffusion_s2_69970ce8383f/run.status.json	
time_varying_senseiver_reaction_diffusion_s2_df518083cbe0	time_varying/senseiver/reaction_diffusion/seed=2/sensors=250/time_varying/noise=0.01	time_varying	sparse_solution	reaction_diffusion	senseiver	2	50000	0	1000	5	250	time_varying	0.01	metadata	lazy	True	16	200	0	0	0	cuda	baselines/configs/paper.yaml	outputs/baselines_large/runs/task_group=time_varying/pde=reaction_diffusion/baseline=senseiver/task=sparse_solution/seed=2/sensors=250/mode=time_varying/noise=0_01/scalar=metadata/run=time_varying_senseiver_reaction_diffusion_s2_df518083cbe0	outputs/baselines_large/logs/task_group=time_varying/run=time_varying_senseiver_reaction_diffusion_s2_df518083cbe0	outputs/baselines_large/runs/task_group=time_varying/pde=reaction_diffusion/baseline=senseiver/task=sparse_solution/seed=2/sensors=250/mode=time_varying/noise=0_01/scalar=metadata/run=time_varying_senseiver_reaction_diffusion_s2_df518083cbe0/run.status.json	
time_varying_senseiver_reaction_diffusion_s2_441b063fdcb9	time_varying/senseiver/reaction_diffusion/seed=2/sensors=250/time_varying/noise=0.05	time_varying	sparse_solution	reaction_diffusion	senseiver	2	50000	0	1000	5	250	time_varying	0.05	metadata	lazy	True	16	200	0	0	0	cuda	baselines/configs/paper.yaml	outputs/baselines_large/runs/task_group=time_varying/pde=reaction_diffusion/baseline=senseiver/task=sparse_solution/seed=2/sensors=250/mode=time_varying/noise=0_05/scalar=metadata/run=time_varying_senseiver_reaction_diffusion_s2_441b063fdcb9	outputs/baselines_large/logs/task_group=time_varying/run=time_varying_senseiver_reaction_diffusion_s2_441b063fdcb9	outputs/baselines_large/runs/task_group=time_varying/pde=reaction_diffusion/baseline=senseiver/task=sparse_solution/seed=2/sensors=250/mode=time_varying/noise=0_05/scalar=metadata/run=time_varying_senseiver_reaction_diffusion_s2_441b063fdcb9/run.status.json	
time_varying_senseiver_reaction_diffusion_s2_777beb4a31db	time_varying/senseiver/reaction_diffusion/seed=2/sensors=500/time_varying/noise=0.0	time_varying	sparse_solution	reaction_diffusion	senseiver	2	50000	0	1000	5	500	time_varying	0.0	metadata	lazy	True	16	200	0	0	0	cuda	baselines/configs/paper.yaml	outputs/baselines_large/runs/task_group=time_varying/pde=reaction_diffusion/baseline=senseiver/task=sparse_solution/seed=2/sensors=500/mode=time_varying/noise=0/scalar=metadata/run=time_varying_senseiver_reaction_diffusion_s2_777beb4a31db	outputs/baselines_large/logs/task_group=time_varying/run=time_varying_senseiver_reaction_diffusion_s2_777beb4a31db	outputs/baselines_large/runs/task_group=time_varying/pde=reaction_diffusion/baseline=senseiver/task=sparse_solution/seed=2/sensors=500/mode=time_varying/noise=0/scalar=metadata/run=time_varying_senseiver_reaction_diffusion_s2_777beb4a31db/run.status.json	
time_varying_senseiver_reaction_diffusion_s2_111afc00add6	time_varying/senseiver/reaction_diffusion/seed=2/sensors=500/time_varying/noise=0.01	time_varying	sparse_solution	reaction_diffusion	senseiver	2	50000	0	1000	5	500	time_varying	0.01	metadata	lazy	True	16	200	0	0	0	cuda	baselines/configs/paper.yaml	outputs/baselines_large/runs/task_group=time_varying/pde=reaction_diffusion/baseline=senseiver/task=sparse_solution/seed=2/sensors=500/mode=time_varying/noise=0_01/scalar=metadata/run=time_varying_senseiver_reaction_diffusion_s2_111afc00add6	outputs/baselines_large/logs/task_group=time_varying/run=time_varying_senseiver_reaction_diffusion_s2_111afc00add6	outputs/baselines_large/runs/task_group=time_varying/pde=reaction_diffusion/baseline=senseiver/task=sparse_solution/seed=2/sensors=500/mode=time_varying/noise=0_01/scalar=metadata/run=time_varying_senseiver_reaction_diffusion_s2_111afc00add6/run.status.json	
time_varying_senseiver_reaction_diffusion_s2_47114dd02ea6	time_varying/senseiver/reaction_diffusion/seed=2/sensors=500/time_varying/noise=0.05	time_varying	sparse_solution	reaction_diffusion	senseiver	2	50000	0	1000	5	500	time_varying	0.05	metadata	lazy	True	16	200	0	0	0	cuda	baselines/configs/paper.yaml	outputs/baselines_large/runs/task_group=time_varying/pde=reaction_diffusion/baseline=senseiver/task=sparse_solution/seed=2/sensors=500/mode=time_varying/noise=0_05/scalar=metadata/run=time_varying_senseiver_reaction_diffusion_s2_47114dd02ea6	outputs/baselines_large/logs/task_group=time_varying/run=time_varying_senseiver_reaction_diffusion_s2_47114dd02ea6	outputs/baselines_large/runs/task_group=time_varying/pde=reaction_diffusion/baseline=senseiver/task=sparse_solution/seed=2/sensors=500/mode=time_varying/noise=0_05/scalar=metadata/run=time_varying_senseiver_reaction_diffusion_s2_47114dd02ea6/run.status.json	
time_varying_senseiver_reaction_diffusion_s3_836fe0ba84c7	time_varying/senseiver/reaction_diffusion/seed=3/sensors=50/time_varying/noise=0.0	time_varying	sparse_solution	reaction_diffusion	senseiver	3	50000	0	1000	5	50	time_varying	0.0	metadata	lazy	True	16	200	0	0	0	cuda	baselines/configs/paper.yaml	outputs/baselines_large/runs/task_group=time_varying/pde=reaction_diffusion/baseline=senseiver/task=sparse_solution/seed=3/sensors=50/mode=time_varying/noise=0/scalar=metadata/run=time_varying_senseiver_reaction_diffusion_s3_836fe0ba84c7	outputs/baselines_large/logs/task_group=time_varying/run=time_varying_senseiver_reaction_diffusion_s3_836fe0ba84c7	outputs/baselines_large/runs/task_group=time_varying/pde=reaction_diffusion/baseline=senseiver/task=sparse_solution/seed=3/sensors=50/mode=time_varying/noise=0/scalar=metadata/run=time_varying_senseiver_reaction_diffusion_s3_836fe0ba84c7/run.status.json	
time_varying_senseiver_reaction_diffusion_s3_77618f7919a0	time_varying/senseiver/reaction_diffusion/seed=3/sensors=50/time_varying/noise=0.01	time_varying	sparse_solution	reaction_diffusion	senseiver	3	50000	0	1000	5	50	time_varying	0.01	metadata	lazy	True	16	200	0	0	0	cuda	baselines/configs/paper.yaml	outputs/baselines_large/runs/task_group=time_varying/pde=reaction_diffusion/baseline=senseiver/task=sparse_solution/seed=3/sensors=50/mode=time_varying/noise=0_01/scalar=metadata/run=time_varying_senseiver_reaction_diffusion_s3_77618f7919a0	outputs/baselines_large/logs/task_group=time_varying/run=time_varying_senseiver_reaction_diffusion_s3_77618f7919a0	outputs/baselines_large/runs/task_group=time_varying/pde=reaction_diffusion/baseline=senseiver/task=sparse_solution/seed=3/sensors=50/mode=time_varying/noise=0_01/scalar=metadata/run=time_varying_senseiver_reaction_diffusion_s3_77618f7919a0/run.status.json	
time_varying_senseiver_reaction_diffusion_s3_1c42f9bdaf75	time_varying/senseiver/reaction_diffusion/seed=3/sensors=50/time_varying/noise=0.05	time_varying	sparse_solution	reaction_diffusion	senseiver	3	50000	0	1000	5	50	time_varying	0.05	metadata	lazy	True	16	200	0	0	0	cuda	baselines/configs/paper.yaml	outputs/baselines_large/runs/task_group=time_varying/pde=reaction_diffusion/baseline=senseiver/task=sparse_solution/seed=3/sensors=50/mode=time_varying/noise=0_05/scalar=metadata/run=time_varying_senseiver_reaction_diffusion_s3_1c42f9bdaf75	outputs/baselines_large/logs/task_group=time_varying/run=time_varying_senseiver_reaction_diffusion_s3_1c42f9bdaf75	outputs/baselines_large/runs/task_group=time_varying/pde=reaction_diffusion/baseline=senseiver/task=sparse_solution/seed=3/sensors=50/mode=time_varying/noise=0_05/scalar=metadata/run=time_varying_senseiver_reaction_diffusion_s3_1c42f9bdaf75/run.status.json	
time_varying_senseiver_reaction_diffusion_s3_9a042b698110	time_varying/senseiver/reaction_diffusion/seed=3/sensors=100/time_varying/noise=0.0	time_varying	sparse_solution	reaction_diffusion	senseiver	3	50000	0	1000	5	100	time_varying	0.0	metadata	lazy	True	16	200	0	0	0	cuda	baselines/configs/paper.yaml	outputs/baselines_large/runs/task_group=time_varying/pde=reaction_diffusion/baseline=senseiver/task=sparse_solution/seed=3/sensors=100/mode=time_varying/noise=0/scalar=metadata/run=time_varying_senseiver_reaction_diffusion_s3_9a042b698110	outputs/baselines_large/logs/task_group=time_varying/run=time_varying_senseiver_reaction_diffusion_s3_9a042b698110	outputs/baselines_large/runs/task_group=time_varying/pde=reaction_diffusion/baseline=senseiver/task=sparse_solution/seed=3/sensors=100/mode=time_varying/noise=0/scalar=metadata/run=time_varying_senseiver_reaction_diffusion_s3_9a042b698110/run.status.json	
time_varying_senseiver_reaction_diffusion_s3_39152f5fce4b	time_varying/senseiver/reaction_diffusion/seed=3/sensors=100/time_varying/noise=0.01	time_varying	sparse_solution	reaction_diffusion	senseiver	3	50000	0	1000	5	100	time_varying	0.01	metadata	lazy	True	16	200	0	0	0	cuda	baselines/configs/paper.yaml	outputs/baselines_large/runs/task_group=time_varying/pde=reaction_diffusion/baseline=senseiver/task=sparse_solution/seed=3/sensors=100/mode=time_varying/noise=0_01/scalar=metadata/run=time_varying_senseiver_reaction_diffusion_s3_39152f5fce4b	outputs/baselines_large/logs/task_group=time_varying/run=time_varying_senseiver_reaction_diffusion_s3_39152f5fce4b	outputs/baselines_large/runs/task_group=time_varying/pde=reaction_diffusion/baseline=senseiver/task=sparse_solution/seed=3/sensors=100/mode=time_varying/noise=0_01/scalar=metadata/run=time_varying_senseiver_reaction_diffusion_s3_39152f5fce4b/run.status.json	
time_varying_senseiver_reaction_diffusion_s3_eb22d34fe53f	time_varying/senseiver/reaction_diffusion/seed=3/sensors=100/time_varying/noise=0.05	time_varying	sparse_solution	reaction_diffusion	senseiver	3	50000	0	1000	5	100	time_varying	0.05	metadata	lazy	True	16	200	0	0	0	cuda	baselines/configs/paper.yaml	outputs/baselines_large/runs/task_group=time_varying/pde=reaction_diffusion/baseline=senseiver/task=sparse_solution/seed=3/sensors=100/mode=time_varying/noise=0_05/scalar=metadata/run=time_varying_senseiver_reaction_diffusion_s3_eb22d34fe53f	outputs/baselines_large/logs/task_group=time_varying/run=time_varying_senseiver_reaction_diffusion_s3_eb22d34fe53f	outputs/baselines_large/runs/task_group=time_varying/pde=reaction_diffusion/baseline=senseiver/task=sparse_solution/seed=3/sensors=100/mode=time_varying/noise=0_05/scalar=metadata/run=time_varying_senseiver_reaction_diffusion_s3_eb22d34fe53f/run.status.json	
time_varying_senseiver_reaction_diffusion_s3_7ecb7ee83792	time_varying/senseiver/reaction_diffusion/seed=3/sensors=250/time_varying/noise=0.0	time_varying	sparse_solution	reaction_diffusion	senseiver	3	50000	0	1000	5	250	time_varying	0.0	metadata	lazy	True	16	200	0	0	0	cuda	baselines/configs/paper.yaml	outputs/baselines_large/runs/task_group=time_varying/pde=reaction_diffusion/baseline=senseiver/task=sparse_solution/seed=3/sensors=250/mode=time_varying/noise=0/scalar=metadata/run=time_varying_senseiver_reaction_diffusion_s3_7ecb7ee83792	outputs/baselines_large/logs/task_group=time_varying/run=time_varying_senseiver_reaction_diffusion_s3_7ecb7ee83792	outputs/baselines_large/runs/task_group=time_varying/pde=reaction_diffusion/baseline=senseiver/task=sparse_solution/seed=3/sensors=250/mode=time_varying/noise=0/scalar=metadata/run=time_varying_senseiver_reaction_diffusion_s3_7ecb7ee83792/run.status.json	
time_varying_senseiver_reaction_diffusion_s3_87b3dae9a825	time_varying/senseiver/reaction_diffusion/seed=3/sensors=250/time_varying/noise=0.01	time_varying	sparse_solution	reaction_diffusion	senseiver	3	50000	0	1000	5	250	time_varying	0.01	metadata	lazy	True	16	200	0	0	0	cuda	baselines/configs/paper.yaml	outputs/baselines_large/runs/task_group=time_varying/pde=reaction_diffusion/baseline=senseiver/task=sparse_solution/seed=3/sensors=250/mode=time_varying/noise=0_01/scalar=metadata/run=time_varying_senseiver_reaction_diffusion_s3_87b3dae9a825	outputs/baselines_large/logs/task_group=time_varying/run=time_varying_senseiver_reaction_diffusion_s3_87b3dae9a825	outputs/baselines_large/runs/task_group=time_varying/pde=reaction_diffusion/baseline=senseiver/task=sparse_solution/seed=3/sensors=250/mode=time_varying/noise=0_01/scalar=metadata/run=time_varying_senseiver_reaction_diffusion_s3_87b3dae9a825/run.status.json	
time_varying_senseiver_reaction_diffusion_s3_4320a073941a	time_varying/senseiver/reaction_diffusion/seed=3/sensors=250/time_varying/noise=0.05	time_varying	sparse_solution	reaction_diffusion	senseiver	3	50000	0	1000	5	250	time_varying	0.05	metadata	lazy	True	16	200	0	0	0	cuda	baselines/configs/paper.yaml	outputs/baselines_large/runs/task_group=time_varying/pde=reaction_diffusion/baseline=senseiver/task=sparse_solution/seed=3/sensors=250/mode=time_varying/noise=0_05/scalar=metadata/run=time_varying_senseiver_reaction_diffusion_s3_4320a073941a	outputs/baselines_large/logs/task_group=time_varying/run=time_varying_senseiver_reaction_diffusion_s3_4320a073941a	outputs/baselines_large/runs/task_group=time_varying/pde=reaction_diffusion/baseline=senseiver/task=sparse_solution/seed=3/sensors=250/mode=time_varying/noise=0_05/scalar=metadata/run=time_varying_senseiver_reaction_diffusion_s3_4320a073941a/run.status.json	
time_varying_senseiver_reaction_diffusion_s3_fdd69558052e	time_varying/senseiver/reaction_diffusion/seed=3/sensors=500/time_varying/noise=0.0	time_varying	sparse_solution	reaction_diffusion	senseiver	3	50000	0	1000	5	500	time_varying	0.0	metadata	lazy	True	16	200	0	0	0	cuda	baselines/configs/paper.yaml	outputs/baselines_large/runs/task_group=time_varying/pde=reaction_diffusion/baseline=senseiver/task=sparse_solution/seed=3/sensors=500/mode=time_varying/noise=0/scalar=metadata/run=time_varying_senseiver_reaction_diffusion_s3_fdd69558052e	outputs/baselines_large/logs/task_group=time_varying/run=time_varying_senseiver_reaction_diffusion_s3_fdd69558052e	outputs/baselines_large/runs/task_group=time_varying/pde=reaction_diffusion/baseline=senseiver/task=sparse_solution/seed=3/sensors=500/mode=time_varying/noise=0/scalar=metadata/run=time_varying_senseiver_reaction_diffusion_s3_fdd69558052e/run.status.json	
time_varying_senseiver_reaction_diffusion_s3_d3d0b8103d57	time_varying/senseiver/reaction_diffusion/seed=3/sensors=500/time_varying/noise=0.01	time_varying	sparse_solution	reaction_diffusion	senseiver	3	50000	0	1000	5	500	time_varying	0.01	metadata	lazy	True	16	200	0	0	0	cuda	baselines/configs/paper.yaml	outputs/baselines_large/runs/task_group=time_varying/pde=reaction_diffusion/baseline=senseiver/task=sparse_solution/seed=3/sensors=500/mode=time_varying/noise=0_01/scalar=metadata/run=time_varying_senseiver_reaction_diffusion_s3_d3d0b8103d57	outputs/baselines_large/logs/task_group=time_varying/run=time_varying_senseiver_reaction_diffusion_s3_d3d0b8103d57	outputs/baselines_large/runs/task_group=time_varying/pde=reaction_diffusion/baseline=senseiver/task=sparse_solution/seed=3/sensors=500/mode=time_varying/noise=0_01/scalar=metadata/run=time_varying_senseiver_reaction_diffusion_s3_d3d0b8103d57/run.status.json	
time_varying_senseiver_reaction_diffusion_s3_795ab64ec211	time_varying/senseiver/reaction_diffusion/seed=3/sensors=500/time_varying/noise=0.05	time_varying	sparse_solution	reaction_diffusion	senseiver	3	50000	0	1000	5	500	time_varying	0.05	metadata	lazy	True	16	200	0	0	0	cuda	baselines/configs/paper.yaml	outputs/baselines_large/runs/task_group=time_varying/pde=reaction_diffusion/baseline=senseiver/task=sparse_solution/seed=3/sensors=500/mode=time_varying/noise=0_05/scalar=metadata/run=time_varying_senseiver_reaction_diffusion_s3_795ab64ec211	outputs/baselines_large/logs/task_group=time_varying/run=time_varying_senseiver_reaction_diffusion_s3_795ab64ec211	outputs/baselines_large/runs/task_group=time_varying/pde=reaction_diffusion/baseline=senseiver/task=sparse_solution/seed=3/sensors=500/mode=time_varying/noise=0_05/scalar=metadata/run=time_varying_senseiver_reaction_diffusion_s3_795ab64ec211/run.status.json	
time_varying_var4d_shallow_water_s1_c06b5d5663f2	time_varying/var4d/shallow_water/seed=1/sensors=50/time_varying/noise=0.0	time_varying	sparse_solution	shallow_water	var4d	1	50000	0	1000	5	50	time_varying	0.0	metadata	lazy	True	1	1	500	0	0	cuda	baselines/configs/paper.yaml	outputs/baselines_large/runs/task_group=time_varying/pde=shallow_water/baseline=var4d/task=sparse_solution/seed=1/sensors=50/mode=time_varying/noise=0/scalar=metadata/run=time_varying_var4d_shallow_water_s1_c06b5d5663f2	outputs/baselines_large/logs/task_group=time_varying/run=time_varying_var4d_shallow_water_s1_c06b5d5663f2	outputs/baselines_large/runs/task_group=time_varying/pde=shallow_water/baseline=var4d/task=sparse_solution/seed=1/sensors=50/mode=time_varying/noise=0/scalar=metadata/run=time_varying_var4d_shallow_water_s1_c06b5d5663f2/run.status.json	
time_varying_var4d_shallow_water_s1_5e4d734d1411	time_varying/var4d/shallow_water/seed=1/sensors=50/time_varying/noise=0.01	time_varying	sparse_solution	shallow_water	var4d	1	50000	0	1000	5	50	time_varying	0.01	metadata	lazy	True	1	1	500	0	0	cuda	baselines/configs/paper.yaml	outputs/baselines_large/runs/task_group=time_varying/pde=shallow_water/baseline=var4d/task=sparse_solution/seed=1/sensors=50/mode=time_varying/noise=0_01/scalar=metadata/run=time_varying_var4d_shallow_water_s1_5e4d734d1411	outputs/baselines_large/logs/task_group=time_varying/run=time_varying_var4d_shallow_water_s1_5e4d734d1411	outputs/baselines_large/runs/task_group=time_varying/pde=shallow_water/baseline=var4d/task=sparse_solution/seed=1/sensors=50/mode=time_varying/noise=0_01/scalar=metadata/run=time_varying_var4d_shallow_water_s1_5e4d734d1411/run.status.json	
time_varying_var4d_shallow_water_s1_5f72d9a2e779	time_varying/var4d/shallow_water/seed=1/sensors=50/time_varying/noise=0.05	time_varying	sparse_solution	shallow_water	var4d	1	50000	0	1000	5	50	time_varying	0.05	metadata	lazy	True	1	1	500	0	0	cuda	baselines/configs/paper.yaml	outputs/baselines_large/runs/task_group=time_varying/pde=shallow_water/baseline=var4d/task=sparse_solution/seed=1/sensors=50/mode=time_varying/noise=0_05/scalar=metadata/run=time_varying_var4d_shallow_water_s1_5f72d9a2e779	outputs/baselines_large/logs/task_group=time_varying/run=time_varying_var4d_shallow_water_s1_5f72d9a2e779	outputs/baselines_large/runs/task_group=time_varying/pde=shallow_water/baseline=var4d/task=sparse_solution/seed=1/sensors=50/mode=time_varying/noise=0_05/scalar=metadata/run=time_varying_var4d_shallow_water_s1_5f72d9a2e779/run.status.json	
time_varying_var4d_shallow_water_s1_f65d670e0f41	time_varying/var4d/shallow_water/seed=1/sensors=100/time_varying/noise=0.0	time_varying	sparse_solution	shallow_water	var4d	1	50000	0	1000	5	100	time_varying	0.0	metadata	lazy	True	1	1	500	0	0	cuda	baselines/configs/paper.yaml	outputs/baselines_large/runs/task_group=time_varying/pde=shallow_water/baseline=var4d/task=sparse_solution/seed=1/sensors=100/mode=time_varying/noise=0/scalar=metadata/run=time_varying_var4d_shallow_water_s1_f65d670e0f41	outputs/baselines_large/logs/task_group=time_varying/run=time_varying_var4d_shallow_water_s1_f65d670e0f41	outputs/baselines_large/runs/task_group=time_varying/pde=shallow_water/baseline=var4d/task=sparse_solution/seed=1/sensors=100/mode=time_varying/noise=0/scalar=metadata/run=time_varying_var4d_shallow_water_s1_f65d670e0f41/run.status.json	
time_varying_var4d_shallow_water_s1_ebdcd37cceef	time_varying/var4d/shallow_water/seed=1/sensors=100/time_varying/noise=0.01	time_varying	sparse_solution	shallow_water	var4d	1	50000	0	1000	5	100	time_varying	0.01	metadata	lazy	True	1	1	500	0	0	cuda	baselines/configs/paper.yaml	outputs/baselines_large/runs/task_group=time_varying/pde=shallow_water/baseline=var4d/task=sparse_solution/seed=1/sensors=100/mode=time_varying/noise=0_01/scalar=metadata/run=time_varying_var4d_shallow_water_s1_ebdcd37cceef	outputs/baselines_large/logs/task_group=time_varying/run=time_varying_var4d_shallow_water_s1_ebdcd37cceef	outputs/baselines_large/runs/task_group=time_varying/pde=shallow_water/baseline=var4d/task=sparse_solution/seed=1/sensors=100/mode=time_varying/noise=0_01/scalar=metadata/run=time_varying_var4d_shallow_water_s1_ebdcd37cceef/run.status.json	
time_varying_var4d_shallow_water_s1_3b62138a8fd4	time_varying/var4d/shallow_water/seed=1/sensors=100/time_varying/noise=0.05	time_varying	sparse_solution	shallow_water	var4d	1	50000	0	1000	5	100	time_varying	0.05	metadata	lazy	True	1	1	500	0	0	cuda	baselines/configs/paper.yaml	outputs/baselines_large/runs/task_group=time_varying/pde=shallow_water/baseline=var4d/task=sparse_solution/seed=1/sensors=100/mode=time_varying/noise=0_05/scalar=metadata/run=time_varying_var4d_shallow_water_s1_3b62138a8fd4	outputs/baselines_large/logs/task_group=time_varying/run=time_varying_var4d_shallow_water_s1_3b62138a8fd4	outputs/baselines_large/runs/task_group=time_varying/pde=shallow_water/baseline=var4d/task=sparse_solution/seed=1/sensors=100/mode=time_varying/noise=0_05/scalar=metadata/run=time_varying_var4d_shallow_water_s1_3b62138a8fd4/run.status.json	
time_varying_var4d_shallow_water_s1_bc4a8c2896c8	time_varying/var4d/shallow_water/seed=1/sensors=250/time_varying/noise=0.0	time_varying	sparse_solution	shallow_water	var4d	1	50000	0	1000	5	250	time_varying	0.0	metadata	lazy	True	1	1	500	0	0	cuda	baselines/configs/paper.yaml	outputs/baselines_large/runs/task_group=time_varying/pde=shallow_water/baseline=var4d/task=sparse_solution/seed=1/sensors=250/mode=time_varying/noise=0/scalar=metadata/run=time_varying_var4d_shallow_water_s1_bc4a8c2896c8	outputs/baselines_large/logs/task_group=time_varying/run=time_varying_var4d_shallow_water_s1_bc4a8c2896c8	outputs/baselines_large/runs/task_group=time_varying/pde=shallow_water/baseline=var4d/task=sparse_solution/seed=1/sensors=250/mode=time_varying/noise=0/scalar=metadata/run=time_varying_var4d_shallow_water_s1_bc4a8c2896c8/run.status.json	
time_varying_var4d_shallow_water_s1_74d8f5cd84f2	time_varying/var4d/shallow_water/seed=1/sensors=250/time_varying/noise=0.01	time_varying	sparse_solution	shallow_water	var4d	1	50000	0	1000	5	250	time_varying	0.01	metadata	lazy	True	1	1	500	0	0	cuda	baselines/configs/paper.yaml	outputs/baselines_large/runs/task_group=time_varying/pde=shallow_water/baseline=var4d/task=sparse_solution/seed=1/sensors=250/mode=time_varying/noise=0_01/scalar=metadata/run=time_varying_var4d_shallow_water_s1_74d8f5cd84f2	outputs/baselines_large/logs/task_group=time_varying/run=time_varying_var4d_shallow_water_s1_74d8f5cd84f2	outputs/baselines_large/runs/task_group=time_varying/pde=shallow_water/baseline=var4d/task=sparse_solution/seed=1/sensors=250/mode=time_varying/noise=0_01/scalar=metadata/run=time_varying_var4d_shallow_water_s1_74d8f5cd84f2/run.status.json	
time_varying_var4d_shallow_water_s1_dc8e152a75af	time_varying/var4d/shallow_water/seed=1/sensors=250/time_varying/noise=0.05	time_varying	sparse_solution	shallow_water	var4d	1	50000	0	1000	5	250	time_varying	0.05	metadata	lazy	True	1	1	500	0	0	cuda	baselines/configs/paper.yaml	outputs/baselines_large/runs/task_group=time_varying/pde=shallow_water/baseline=var4d/task=sparse_solution/seed=1/sensors=250/mode=time_varying/noise=0_05/scalar=metadata/run=time_varying_var4d_shallow_water_s1_dc8e152a75af	outputs/baselines_large/logs/task_group=time_varying/run=time_varying_var4d_shallow_water_s1_dc8e152a75af	outputs/baselines_large/runs/task_group=time_varying/pde=shallow_water/baseline=var4d/task=sparse_solution/seed=1/sensors=250/mode=time_varying/noise=0_05/scalar=metadata/run=time_varying_var4d_shallow_water_s1_dc8e152a75af/run.status.json	
time_varying_var4d_shallow_water_s1_68c76958c372	time_varying/var4d/shallow_water/seed=1/sensors=500/time_varying/noise=0.0	time_varying	sparse_solution	shallow_water	var4d	1	50000	0	1000	5	500	time_varying	0.0	metadata	lazy	True	1	1	500	0	0	cuda	baselines/configs/paper.yaml	outputs/baselines_large/runs/task_group=time_varying/pde=shallow_water/baseline=var4d/task=sparse_solution/seed=1/sensors=500/mode=time_varying/noise=0/scalar=metadata/run=time_varying_var4d_shallow_water_s1_68c76958c372	outputs/baselines_large/logs/task_group=time_varying/run=time_varying_var4d_shallow_water_s1_68c76958c372	outputs/baselines_large/runs/task_group=time_varying/pde=shallow_water/baseline=var4d/task=sparse_solution/seed=1/sensors=500/mode=time_varying/noise=0/scalar=metadata/run=time_varying_var4d_shallow_water_s1_68c76958c372/run.status.json	
time_varying_var4d_shallow_water_s1_09106c4c3f6b	time_varying/var4d/shallow_water/seed=1/sensors=500/time_varying/noise=0.01	time_varying	sparse_solution	shallow_water	var4d	1	50000	0	1000	5	500	time_varying	0.01	metadata	lazy	True	1	1	500	0	0	cuda	baselines/configs/paper.yaml	outputs/baselines_large/runs/task_group=time_varying/pde=shallow_water/baseline=var4d/task=sparse_solution/seed=1/sensors=500/mode=time_varying/noise=0_01/scalar=metadata/run=time_varying_var4d_shallow_water_s1_09106c4c3f6b	outputs/baselines_large/logs/task_group=time_varying/run=time_varying_var4d_shallow_water_s1_09106c4c3f6b	outputs/baselines_large/runs/task_group=time_varying/pde=shallow_water/baseline=var4d/task=sparse_solution/seed=1/sensors=500/mode=time_varying/noise=0_01/scalar=metadata/run=time_varying_var4d_shallow_water_s1_09106c4c3f6b/run.status.json	
time_varying_var4d_shallow_water_s1_a5134e41d72a	time_varying/var4d/shallow_water/seed=1/sensors=500/time_varying/noise=0.05	time_varying	sparse_solution	shallow_water	var4d	1	50000	0	1000	5	500	time_varying	0.05	metadata	lazy	True	1	1	500	0	0	cuda	baselines/configs/paper.yaml	outputs/baselines_large/runs/task_group=time_varying/pde=shallow_water/baseline=var4d/task=sparse_solution/seed=1/sensors=500/mode=time_varying/noise=0_05/scalar=metadata/run=time_varying_var4d_shallow_water_s1_a5134e41d72a	outputs/baselines_large/logs/task_group=time_varying/run=time_varying_var4d_shallow_water_s1_a5134e41d72a	outputs/baselines_large/runs/task_group=time_varying/pde=shallow_water/baseline=var4d/task=sparse_solution/seed=1/sensors=500/mode=time_varying/noise=0_05/scalar=metadata/run=time_varying_var4d_shallow_water_s1_a5134e41d72a/run.status.json	
time_varying_var4d_shallow_water_s2_1d6294858ff8	time_varying/var4d/shallow_water/seed=2/sensors=50/time_varying/noise=0.0	time_varying	sparse_solution	shallow_water	var4d	2	50000	0	1000	5	50	time_varying	0.0	metadata	lazy	True	1	1	500	0	0	cuda	baselines/configs/paper.yaml	outputs/baselines_large/runs/task_group=time_varying/pde=shallow_water/baseline=var4d/task=sparse_solution/seed=2/sensors=50/mode=time_varying/noise=0/scalar=metadata/run=time_varying_var4d_shallow_water_s2_1d6294858ff8	outputs/baselines_large/logs/task_group=time_varying/run=time_varying_var4d_shallow_water_s2_1d6294858ff8	outputs/baselines_large/runs/task_group=time_varying/pde=shallow_water/baseline=var4d/task=sparse_solution/seed=2/sensors=50/mode=time_varying/noise=0/scalar=metadata/run=time_varying_var4d_shallow_water_s2_1d6294858ff8/run.status.json	
time_varying_var4d_shallow_water_s2_31eae9a5a983	time_varying/var4d/shallow_water/seed=2/sensors=50/time_varying/noise=0.01	time_varying	sparse_solution	shallow_water	var4d	2	50000	0	1000	5	50	time_varying	0.01	metadata	lazy	True	1	1	500	0	0	cuda	baselines/configs/paper.yaml	outputs/baselines_large/runs/task_group=time_varying/pde=shallow_water/baseline=var4d/task=sparse_solution/seed=2/sensors=50/mode=time_varying/noise=0_01/scalar=metadata/run=time_varying_var4d_shallow_water_s2_31eae9a5a983	outputs/baselines_large/logs/task_group=time_varying/run=time_varying_var4d_shallow_water_s2_31eae9a5a983	outputs/baselines_large/runs/task_group=time_varying/pde=shallow_water/baseline=var4d/task=sparse_solution/seed=2/sensors=50/mode=time_varying/noise=0_01/scalar=metadata/run=time_varying_var4d_shallow_water_s2_31eae9a5a983/run.status.json	
time_varying_var4d_shallow_water_s2_b14a6ef79231	time_varying/var4d/shallow_water/seed=2/sensors=50/time_varying/noise=0.05	time_varying	sparse_solution	shallow_water	var4d	2	50000	0	1000	5	50	time_varying	0.05	metadata	lazy	True	1	1	500	0	0	cuda	baselines/configs/paper.yaml	outputs/baselines_large/runs/task_group=time_varying/pde=shallow_water/baseline=var4d/task=sparse_solution/seed=2/sensors=50/mode=time_varying/noise=0_05/scalar=metadata/run=time_varying_var4d_shallow_water_s2_b14a6ef79231	outputs/baselines_large/logs/task_group=time_varying/run=time_varying_var4d_shallow_water_s2_b14a6ef79231	outputs/baselines_large/runs/task_group=time_varying/pde=shallow_water/baseline=var4d/task=sparse_solution/seed=2/sensors=50/mode=time_varying/noise=0_05/scalar=metadata/run=time_varying_var4d_shallow_water_s2_b14a6ef79231/run.status.json	
time_varying_var4d_shallow_water_s2_631b7da8f015	time_varying/var4d/shallow_water/seed=2/sensors=100/time_varying/noise=0.0	time_varying	sparse_solution	shallow_water	var4d	2	50000	0	1000	5	100	time_varying	0.0	metadata	lazy	True	1	1	500	0	0	cuda	baselines/configs/paper.yaml	outputs/baselines_large/runs/task_group=time_varying/pde=shallow_water/baseline=var4d/task=sparse_solution/seed=2/sensors=100/mode=time_varying/noise=0/scalar=metadata/run=time_varying_var4d_shallow_water_s2_631b7da8f015	outputs/baselines_large/logs/task_group=time_varying/run=time_varying_var4d_shallow_water_s2_631b7da8f015	outputs/baselines_large/runs/task_group=time_varying/pde=shallow_water/baseline=var4d/task=sparse_solution/seed=2/sensors=100/mode=time_varying/noise=0/scalar=metadata/run=time_varying_var4d_shallow_water_s2_631b7da8f015/run.status.json	
time_varying_var4d_shallow_water_s2_327586565f24	time_varying/var4d/shallow_water/seed=2/sensors=100/time_varying/noise=0.01	time_varying	sparse_solution	shallow_water	var4d	2	50000	0	1000	5	100	time_varying	0.01	metadata	lazy	True	1	1	500	0	0	cuda	baselines/configs/paper.yaml	outputs/baselines_large/runs/task_group=time_varying/pde=shallow_water/baseline=var4d/task=sparse_solution/seed=2/sensors=100/mode=time_varying/noise=0_01/scalar=metadata/run=time_varying_var4d_shallow_water_s2_327586565f24	outputs/baselines_large/logs/task_group=time_varying/run=time_varying_var4d_shallow_water_s2_327586565f24	outputs/baselines_large/runs/task_group=time_varying/pde=shallow_water/baseline=var4d/task=sparse_solution/seed=2/sensors=100/mode=time_varying/noise=0_01/scalar=metadata/run=time_varying_var4d_shallow_water_s2_327586565f24/run.status.json	
time_varying_var4d_shallow_water_s2_883375701346	time_varying/var4d/shallow_water/seed=2/sensors=100/time_varying/noise=0.05	time_varying	sparse_solution	shallow_water	var4d	2	50000	0	1000	5	100	time_varying	0.05	metadata	lazy	True	1	1	500	0	0	cuda	baselines/configs/paper.yaml	outputs/baselines_large/runs/task_group=time_varying/pde=shallow_water/baseline=var4d/task=sparse_solution/seed=2/sensors=100/mode=time_varying/noise=0_05/scalar=metadata/run=time_varying_var4d_shallow_water_s2_883375701346	outputs/baselines_large/logs/task_group=time_varying/run=time_varying_var4d_shallow_water_s2_883375701346	outputs/baselines_large/runs/task_group=time_varying/pde=shallow_water/baseline=var4d/task=sparse_solution/seed=2/sensors=100/mode=time_varying/noise=0_05/scalar=metadata/run=time_varying_var4d_shallow_water_s2_883375701346/run.status.json	
time_varying_var4d_shallow_water_s2_a9428b4ad5dc	time_varying/var4d/shallow_water/seed=2/sensors=250/time_varying/noise=0.0	time_varying	sparse_solution	shallow_water	var4d	2	50000	0	1000	5	250	time_varying	0.0	metadata	lazy	True	1	1	500	0	0	cuda	baselines/configs/paper.yaml	outputs/baselines_large/runs/task_group=time_varying/pde=shallow_water/baseline=var4d/task=sparse_solution/seed=2/sensors=250/mode=time_varying/noise=0/scalar=metadata/run=time_varying_var4d_shallow_water_s2_a9428b4ad5dc	outputs/baselines_large/logs/task_group=time_varying/run=time_varying_var4d_shallow_water_s2_a9428b4ad5dc	outputs/baselines_large/runs/task_group=time_varying/pde=shallow_water/baseline=var4d/task=sparse_solution/seed=2/sensors=250/mode=time_varying/noise=0/scalar=metadata/run=time_varying_var4d_shallow_water_s2_a9428b4ad5dc/run.status.json	
time_varying_var4d_shallow_water_s2_e4e8cd284a4c	time_varying/var4d/shallow_water/seed=2/sensors=250/time_varying/noise=0.01	time_varying	sparse_solution	shallow_water	var4d	2	50000	0	1000	5	250	time_varying	0.01	metadata	lazy	True	1	1	500	0	0	cuda	baselines/configs/paper.yaml	outputs/baselines_large/runs/task_group=time_varying/pde=shallow_water/baseline=var4d/task=sparse_solution/seed=2/sensors=250/mode=time_varying/noise=0_01/scalar=metadata/run=time_varying_var4d_shallow_water_s2_e4e8cd284a4c	outputs/baselines_large/logs/task_group=time_varying/run=time_varying_var4d_shallow_water_s2_e4e8cd284a4c	outputs/baselines_large/runs/task_group=time_varying/pde=shallow_water/baseline=var4d/task=sparse_solution/seed=2/sensors=250/mode=time_varying/noise=0_01/scalar=metadata/run=time_varying_var4d_shallow_water_s2_e4e8cd284a4c/run.status.json	
time_varying_var4d_shallow_water_s2_704a22effb9c	time_varying/var4d/shallow_water/seed=2/sensors=250/time_varying/noise=0.05	time_varying	sparse_solution	shallow_water	var4d	2	50000	0	1000	5	250	time_varying	0.05	metadata	lazy	True	1	1	500	0	0	cuda	baselines/configs/paper.yaml	outputs/baselines_large/runs/task_group=time_varying/pde=shallow_water/baseline=var4d/task=sparse_solution/seed=2/sensors=250/mode=time_varying/noise=0_05/scalar=metadata/run=time_varying_var4d_shallow_water_s2_704a22effb9c	outputs/baselines_large/logs/task_group=time_varying/run=time_varying_var4d_shallow_water_s2_704a22effb9c	outputs/baselines_large/runs/task_group=time_varying/pde=shallow_water/baseline=var4d/task=sparse_solution/seed=2/sensors=250/mode=time_varying/noise=0_05/scalar=metadata/run=time_varying_var4d_shallow_water_s2_704a22effb9c/run.status.json	
time_varying_var4d_shallow_water_s2_cb74d2445714	time_varying/var4d/shallow_water/seed=2/sensors=500/time_varying/noise=0.0	time_varying	sparse_solution	shallow_water	var4d	2	50000	0	1000	5	500	time_varying	0.0	metadata	lazy	True	1	1	500	0	0	cuda	baselines/configs/paper.yaml	outputs/baselines_large/runs/task_group=time_varying/pde=shallow_water/baseline=var4d/task=sparse_solution/seed=2/sensors=500/mode=time_varying/noise=0/scalar=metadata/run=time_varying_var4d_shallow_water_s2_cb74d2445714	outputs/baselines_large/logs/task_group=time_varying/run=time_varying_var4d_shallow_water_s2_cb74d2445714	outputs/baselines_large/runs/task_group=time_varying/pde=shallow_water/baseline=var4d/task=sparse_solution/seed=2/sensors=500/mode=time_varying/noise=0/scalar=metadata/run=time_varying_var4d_shallow_water_s2_cb74d2445714/run.status.json	
time_varying_var4d_shallow_water_s2_61e0315b672f	time_varying/var4d/shallow_water/seed=2/sensors=500/time_varying/noise=0.01	time_varying	sparse_solution	shallow_water	var4d	2	50000	0	1000	5	500	time_varying	0.01	metadata	lazy	True	1	1	500	0	0	cuda	baselines/configs/paper.yaml	outputs/baselines_large/runs/task_group=time_varying/pde=shallow_water/baseline=var4d/task=sparse_solution/seed=2/sensors=500/mode=time_varying/noise=0_01/scalar=metadata/run=time_varying_var4d_shallow_water_s2_61e0315b672f	outputs/baselines_large/logs/task_group=time_varying/run=time_varying_var4d_shallow_water_s2_61e0315b672f	outputs/baselines_large/runs/task_group=time_varying/pde=shallow_water/baseline=var4d/task=sparse_solution/seed=2/sensors=500/mode=time_varying/noise=0_01/scalar=metadata/run=time_varying_var4d_shallow_water_s2_61e0315b672f/run.status.json	
time_varying_var4d_shallow_water_s2_720e339dfc37	time_varying/var4d/shallow_water/seed=2/sensors=500/time_varying/noise=0.05	time_varying	sparse_solution	shallow_water	var4d	2	50000	0	1000	5	500	time_varying	0.05	metadata	lazy	True	1	1	500	0	0	cuda	baselines/configs/paper.yaml	outputs/baselines_large/runs/task_group=time_varying/pde=shallow_water/baseline=var4d/task=sparse_solution/seed=2/sensors=500/mode=time_varying/noise=0_05/scalar=metadata/run=time_varying_var4d_shallow_water_s2_720e339dfc37	outputs/baselines_large/logs/task_group=time_varying/run=time_varying_var4d_shallow_water_s2_720e339dfc37	outputs/baselines_large/runs/task_group=time_varying/pde=shallow_water/baseline=var4d/task=sparse_solution/seed=2/sensors=500/mode=time_varying/noise=0_05/scalar=metadata/run=time_varying_var4d_shallow_water_s2_720e339dfc37/run.status.json	
time_varying_var4d_shallow_water_s3_1a74f8a9e6e7	time_varying/var4d/shallow_water/seed=3/sensors=50/time_varying/noise=0.0	time_varying	sparse_solution	shallow_water	var4d	3	50000	0	1000	5	50	time_varying	0.0	metadata	lazy	True	1	1	500	0	0	cuda	baselines/configs/paper.yaml	outputs/baselines_large/runs/task_group=time_varying/pde=shallow_water/baseline=var4d/task=sparse_solution/seed=3/sensors=50/mode=time_varying/noise=0/scalar=metadata/run=time_varying_var4d_shallow_water_s3_1a74f8a9e6e7	outputs/baselines_large/logs/task_group=time_varying/run=time_varying_var4d_shallow_water_s3_1a74f8a9e6e7	outputs/baselines_large/runs/task_group=time_varying/pde=shallow_water/baseline=var4d/task=sparse_solution/seed=3/sensors=50/mode=time_varying/noise=0/scalar=metadata/run=time_varying_var4d_shallow_water_s3_1a74f8a9e6e7/run.status.json	
time_varying_var4d_shallow_water_s3_3d7ac54a67e2	time_varying/var4d/shallow_water/seed=3/sensors=50/time_varying/noise=0.01	time_varying	sparse_solution	shallow_water	var4d	3	50000	0	1000	5	50	time_varying	0.01	metadata	lazy	True	1	1	500	0	0	cuda	baselines/configs/paper.yaml	outputs/baselines_large/runs/task_group=time_varying/pde=shallow_water/baseline=var4d/task=sparse_solution/seed=3/sensors=50/mode=time_varying/noise=0_01/scalar=metadata/run=time_varying_var4d_shallow_water_s3_3d7ac54a67e2	outputs/baselines_large/logs/task_group=time_varying/run=time_varying_var4d_shallow_water_s3_3d7ac54a67e2	outputs/baselines_large/runs/task_group=time_varying/pde=shallow_water/baseline=var4d/task=sparse_solution/seed=3/sensors=50/mode=time_varying/noise=0_01/scalar=metadata/run=time_varying_var4d_shallow_water_s3_3d7ac54a67e2/run.status.json	
time_varying_var4d_shallow_water_s3_519cb2a834b4	time_varying/var4d/shallow_water/seed=3/sensors=50/time_varying/noise=0.05	time_varying	sparse_solution	shallow_water	var4d	3	50000	0	1000	5	50	time_varying	0.05	metadata	lazy	True	1	1	500	0	0	cuda	baselines/configs/paper.yaml	outputs/baselines_large/runs/task_group=time_varying/pde=shallow_water/baseline=var4d/task=sparse_solution/seed=3/sensors=50/mode=time_varying/noise=0_05/scalar=metadata/run=time_varying_var4d_shallow_water_s3_519cb2a834b4	outputs/baselines_large/logs/task_group=time_varying/run=time_varying_var4d_shallow_water_s3_519cb2a834b4	outputs/baselines_large/runs/task_group=time_varying/pde=shallow_water/baseline=var4d/task=sparse_solution/seed=3/sensors=50/mode=time_varying/noise=0_05/scalar=metadata/run=time_varying_var4d_shallow_water_s3_519cb2a834b4/run.status.json	
time_varying_var4d_shallow_water_s3_731e89d3ee1e	time_varying/var4d/shallow_water/seed=3/sensors=100/time_varying/noise=0.0	time_varying	sparse_solution	shallow_water	var4d	3	50000	0	1000	5	100	time_varying	0.0	metadata	lazy	True	1	1	500	0	0	cuda	baselines/configs/paper.yaml	outputs/baselines_large/runs/task_group=time_varying/pde=shallow_water/baseline=var4d/task=sparse_solution/seed=3/sensors=100/mode=time_varying/noise=0/scalar=metadata/run=time_varying_var4d_shallow_water_s3_731e89d3ee1e	outputs/baselines_large/logs/task_group=time_varying/run=time_varying_var4d_shallow_water_s3_731e89d3ee1e	outputs/baselines_large/runs/task_group=time_varying/pde=shallow_water/baseline=var4d/task=sparse_solution/seed=3/sensors=100/mode=time_varying/noise=0/scalar=metadata/run=time_varying_var4d_shallow_water_s3_731e89d3ee1e/run.status.json	
time_varying_var4d_shallow_water_s3_5325254a87c9	time_varying/var4d/shallow_water/seed=3/sensors=100/time_varying/noise=0.01	time_varying	sparse_solution	shallow_water	var4d	3	50000	0	1000	5	100	time_varying	0.01	metadata	lazy	True	1	1	500	0	0	cuda	baselines/configs/paper.yaml	outputs/baselines_large/runs/task_group=time_varying/pde=shallow_water/baseline=var4d/task=sparse_solution/seed=3/sensors=100/mode=time_varying/noise=0_01/scalar=metadata/run=time_varying_var4d_shallow_water_s3_5325254a87c9	outputs/baselines_large/logs/task_group=time_varying/run=time_varying_var4d_shallow_water_s3_5325254a87c9	outputs/baselines_large/runs/task_group=time_varying/pde=shallow_water/baseline=var4d/task=sparse_solution/seed=3/sensors=100/mode=time_varying/noise=0_01/scalar=metadata/run=time_varying_var4d_shallow_water_s3_5325254a87c9/run.status.json	
time_varying_var4d_shallow_water_s3_66d10c0e9c8b	time_varying/var4d/shallow_water/seed=3/sensors=100/time_varying/noise=0.05	time_varying	sparse_solution	shallow_water	var4d	3	50000	0	1000	5	100	time_varying	0.05	metadata	lazy	True	1	1	500	0	0	cuda	baselines/configs/paper.yaml	outputs/baselines_large/runs/task_group=time_varying/pde=shallow_water/baseline=var4d/task=sparse_solution/seed=3/sensors=100/mode=time_varying/noise=0_05/scalar=metadata/run=time_varying_var4d_shallow_water_s3_66d10c0e9c8b	outputs/baselines_large/logs/task_group=time_varying/run=time_varying_var4d_shallow_water_s3_66d10c0e9c8b	outputs/baselines_large/runs/task_group=time_varying/pde=shallow_water/baseline=var4d/task=sparse_solution/seed=3/sensors=100/mode=time_varying/noise=0_05/scalar=metadata/run=time_varying_var4d_shallow_water_s3_66d10c0e9c8b/run.status.json	
time_varying_var4d_shallow_water_s3_6805fe776e75	time_varying/var4d/shallow_water/seed=3/sensors=250/time_varying/noise=0.0	time_varying	sparse_solution	shallow_water	var4d	3	50000	0	1000	5	250	time_varying	0.0	metadata	lazy	True	1	1	500	0	0	cuda	baselines/configs/paper.yaml	outputs/baselines_large/runs/task_group=time_varying/pde=shallow_water/baseline=var4d/task=sparse_solution/seed=3/sensors=250/mode=time_varying/noise=0/scalar=metadata/run=time_varying_var4d_shallow_water_s3_6805fe776e75	outputs/baselines_large/logs/task_group=time_varying/run=time_varying_var4d_shallow_water_s3_6805fe776e75	outputs/baselines_large/runs/task_group=time_varying/pde=shallow_water/baseline=var4d/task=sparse_solution/seed=3/sensors=250/mode=time_varying/noise=0/scalar=metadata/run=time_varying_var4d_shallow_water_s3_6805fe776e75/run.status.json	
time_varying_var4d_shallow_water_s3_6737e32dd664	time_varying/var4d/shallow_water/seed=3/sensors=250/time_varying/noise=0.01	time_varying	sparse_solution	shallow_water	var4d	3	50000	0	1000	5	250	time_varying	0.01	metadata	lazy	True	1	1	500	0	0	cuda	baselines/configs/paper.yaml	outputs/baselines_large/runs/task_group=time_varying/pde=shallow_water/baseline=var4d/task=sparse_solution/seed=3/sensors=250/mode=time_varying/noise=0_01/scalar=metadata/run=time_varying_var4d_shallow_water_s3_6737e32dd664	outputs/baselines_large/logs/task_group=time_varying/run=time_varying_var4d_shallow_water_s3_6737e32dd664	outputs/baselines_large/runs/task_group=time_varying/pde=shallow_water/baseline=var4d/task=sparse_solution/seed=3/sensors=250/mode=time_varying/noise=0_01/scalar=metadata/run=time_varying_var4d_shallow_water_s3_6737e32dd664/run.status.json	
time_varying_var4d_shallow_water_s3_5fd71b133766	time_varying/var4d/shallow_water/seed=3/sensors=250/time_varying/noise=0.05	time_varying	sparse_solution	shallow_water	var4d	3	50000	0	1000	5	250	time_varying	0.05	metadata	lazy	True	1	1	500	0	0	cuda	baselines/configs/paper.yaml	outputs/baselines_large/runs/task_group=time_varying/pde=shallow_water/baseline=var4d/task=sparse_solution/seed=3/sensors=250/mode=time_varying/noise=0_05/scalar=metadata/run=time_varying_var4d_shallow_water_s3_5fd71b133766	outputs/baselines_large/logs/task_group=time_varying/run=time_varying_var4d_shallow_water_s3_5fd71b133766	outputs/baselines_large/runs/task_group=time_varying/pde=shallow_water/baseline=var4d/task=sparse_solution/seed=3/sensors=250/mode=time_varying/noise=0_05/scalar=metadata/run=time_varying_var4d_shallow_water_s3_5fd71b133766/run.status.json	
time_varying_var4d_shallow_water_s3_5be99c64d31f	time_varying/var4d/shallow_water/seed=3/sensors=500/time_varying/noise=0.0	time_varying	sparse_solution	shallow_water	var4d	3	50000	0	1000	5	500	time_varying	0.0	metadata	lazy	True	1	1	500	0	0	cuda	baselines/configs/paper.yaml	outputs/baselines_large/runs/task_group=time_varying/pde=shallow_water/baseline=var4d/task=sparse_solution/seed=3/sensors=500/mode=time_varying/noise=0/scalar=metadata/run=time_varying_var4d_shallow_water_s3_5be99c64d31f	outputs/baselines_large/logs/task_group=time_varying/run=time_varying_var4d_shallow_water_s3_5be99c64d31f	outputs/baselines_large/runs/task_group=time_varying/pde=shallow_water/baseline=var4d/task=sparse_solution/seed=3/sensors=500/mode=time_varying/noise=0/scalar=metadata/run=time_varying_var4d_shallow_water_s3_5be99c64d31f/run.status.json	
time_varying_var4d_shallow_water_s3_c3d1708e3ee5	time_varying/var4d/shallow_water/seed=3/sensors=500/time_varying/noise=0.01	time_varying	sparse_solution	shallow_water	var4d	3	50000	0	1000	5	500	time_varying	0.01	metadata	lazy	True	1	1	500	0	0	cuda	baselines/configs/paper.yaml	outputs/baselines_large/runs/task_group=time_varying/pde=shallow_water/baseline=var4d/task=sparse_solution/seed=3/sensors=500/mode=time_varying/noise=0_01/scalar=metadata/run=time_varying_var4d_shallow_water_s3_c3d1708e3ee5	outputs/baselines_large/logs/task_group=time_varying/run=time_varying_var4d_shallow_water_s3_c3d1708e3ee5	outputs/baselines_large/runs/task_group=time_varying/pde=shallow_water/baseline=var4d/task=sparse_solution/seed=3/sensors=500/mode=time_varying/noise=0_01/scalar=metadata/run=time_varying_var4d_shallow_water_s3_c3d1708e3ee5/run.status.json	
time_varying_var4d_shallow_water_s3_cd3319d51aff	time_varying/var4d/shallow_water/seed=3/sensors=500/time_varying/noise=0.05	time_varying	sparse_solution	shallow_water	var4d	3	50000	0	1000	5	500	time_varying	0.05	metadata	lazy	True	1	1	500	0	0	cuda	baselines/configs/paper.yaml	outputs/baselines_large/runs/task_group=time_varying/pde=shallow_water/baseline=var4d/task=sparse_solution/seed=3/sensors=500/mode=time_varying/noise=0_05/scalar=metadata/run=time_varying_var4d_shallow_water_s3_cd3319d51aff	outputs/baselines_large/logs/task_group=time_varying/run=time_varying_var4d_shallow_water_s3_cd3319d51aff	outputs/baselines_large/runs/task_group=time_varying/pde=shallow_water/baseline=var4d/task=sparse_solution/seed=3/sensors=500/mode=time_varying/noise=0_05/scalar=metadata/run=time_varying_var4d_shallow_water_s3_cd3319d51aff/run.status.json	
time_varying_vivid_shallow_water_s1_8c42f7e24b15	time_varying/vivid/shallow_water/seed=1/sensors=50/time_varying/noise=0.0	time_varying	sparse_solution	shallow_water	vivid	1	50000	0	1000	5	50	time_varying	0.0	metadata	lazy	True	1	1	0	300	0	cuda	baselines/configs/paper.yaml	outputs/baselines_large/runs/task_group=time_varying/pde=shallow_water/baseline=vivid/task=sparse_solution/seed=1/sensors=50/mode=time_varying/noise=0/scalar=metadata/run=time_varying_vivid_shallow_water_s1_8c42f7e24b15	outputs/baselines_large/logs/task_group=time_varying/run=time_varying_vivid_shallow_water_s1_8c42f7e24b15	outputs/baselines_large/runs/task_group=time_varying/pde=shallow_water/baseline=vivid/task=sparse_solution/seed=1/sensors=50/mode=time_varying/noise=0/scalar=metadata/run=time_varying_vivid_shallow_water_s1_8c42f7e24b15/run.status.json	
time_varying_vivid_shallow_water_s1_042abe9b2e34	time_varying/vivid/shallow_water/seed=1/sensors=50/time_varying/noise=0.01	time_varying	sparse_solution	shallow_water	vivid	1	50000	0	1000	5	50	time_varying	0.01	metadata	lazy	True	1	1	0	300	0	cuda	baselines/configs/paper.yaml	outputs/baselines_large/runs/task_group=time_varying/pde=shallow_water/baseline=vivid/task=sparse_solution/seed=1/sensors=50/mode=time_varying/noise=0_01/scalar=metadata/run=time_varying_vivid_shallow_water_s1_042abe9b2e34	outputs/baselines_large/logs/task_group=time_varying/run=time_varying_vivid_shallow_water_s1_042abe9b2e34	outputs/baselines_large/runs/task_group=time_varying/pde=shallow_water/baseline=vivid/task=sparse_solution/seed=1/sensors=50/mode=time_varying/noise=0_01/scalar=metadata/run=time_varying_vivid_shallow_water_s1_042abe9b2e34/run.status.json	
time_varying_vivid_shallow_water_s1_ef3d84286963	time_varying/vivid/shallow_water/seed=1/sensors=50/time_varying/noise=0.05	time_varying	sparse_solution	shallow_water	vivid	1	50000	0	1000	5	50	time_varying	0.05	metadata	lazy	True	1	1	0	300	0	cuda	baselines/configs/paper.yaml	outputs/baselines_large/runs/task_group=time_varying/pde=shallow_water/baseline=vivid/task=sparse_solution/seed=1/sensors=50/mode=time_varying/noise=0_05/scalar=metadata/run=time_varying_vivid_shallow_water_s1_ef3d84286963	outputs/baselines_large/logs/task_group=time_varying/run=time_varying_vivid_shallow_water_s1_ef3d84286963	outputs/baselines_large/runs/task_group=time_varying/pde=shallow_water/baseline=vivid/task=sparse_solution/seed=1/sensors=50/mode=time_varying/noise=0_05/scalar=metadata/run=time_varying_vivid_shallow_water_s1_ef3d84286963/run.status.json	
time_varying_vivid_shallow_water_s1_2f4ca4554626	time_varying/vivid/shallow_water/seed=1/sensors=100/time_varying/noise=0.0	time_varying	sparse_solution	shallow_water	vivid	1	50000	0	1000	5	100	time_varying	0.0	metadata	lazy	True	1	1	0	300	0	cuda	baselines/configs/paper.yaml	outputs/baselines_large/runs/task_group=time_varying/pde=shallow_water/baseline=vivid/task=sparse_solution/seed=1/sensors=100/mode=time_varying/noise=0/scalar=metadata/run=time_varying_vivid_shallow_water_s1_2f4ca4554626	outputs/baselines_large/logs/task_group=time_varying/run=time_varying_vivid_shallow_water_s1_2f4ca4554626	outputs/baselines_large/runs/task_group=time_varying/pde=shallow_water/baseline=vivid/task=sparse_solution/seed=1/sensors=100/mode=time_varying/noise=0/scalar=metadata/run=time_varying_vivid_shallow_water_s1_2f4ca4554626/run.status.json	
time_varying_vivid_shallow_water_s1_77b3246299ac	time_varying/vivid/shallow_water/seed=1/sensors=100/time_varying/noise=0.01	time_varying	sparse_solution	shallow_water	vivid	1	50000	0	1000	5	100	time_varying	0.01	metadata	lazy	True	1	1	0	300	0	cuda	baselines/configs/paper.yaml	outputs/baselines_large/runs/task_group=time_varying/pde=shallow_water/baseline=vivid/task=sparse_solution/seed=1/sensors=100/mode=time_varying/noise=0_01/scalar=metadata/run=time_varying_vivid_shallow_water_s1_77b3246299ac	outputs/baselines_large/logs/task_group=time_varying/run=time_varying_vivid_shallow_water_s1_77b3246299ac	outputs/baselines_large/runs/task_group=time_varying/pde=shallow_water/baseline=vivid/task=sparse_solution/seed=1/sensors=100/mode=time_varying/noise=0_01/scalar=metadata/run=time_varying_vivid_shallow_water_s1_77b3246299ac/run.status.json	
time_varying_vivid_shallow_water_s1_954d65a3f83e	time_varying/vivid/shallow_water/seed=1/sensors=100/time_varying/noise=0.05	time_varying	sparse_solution	shallow_water	vivid	1	50000	0	1000	5	100	time_varying	0.05	metadata	lazy	True	1	1	0	300	0	cuda	baselines/configs/paper.yaml	outputs/baselines_large/runs/task_group=time_varying/pde=shallow_water/baseline=vivid/task=sparse_solution/seed=1/sensors=100/mode=time_varying/noise=0_05/scalar=metadata/run=time_varying_vivid_shallow_water_s1_954d65a3f83e	outputs/baselines_large/logs/task_group=time_varying/run=time_varying_vivid_shallow_water_s1_954d65a3f83e	outputs/baselines_large/runs/task_group=time_varying/pde=shallow_water/baseline=vivid/task=sparse_solution/seed=1/sensors=100/mode=time_varying/noise=0_05/scalar=metadata/run=time_varying_vivid_shallow_water_s1_954d65a3f83e/run.status.json	
time_varying_vivid_shallow_water_s1_e82788cef90c	time_varying/vivid/shallow_water/seed=1/sensors=250/time_varying/noise=0.0	time_varying	sparse_solution	shallow_water	vivid	1	50000	0	1000	5	250	time_varying	0.0	metadata	lazy	True	1	1	0	300	0	cuda	baselines/configs/paper.yaml	outputs/baselines_large/runs/task_group=time_varying/pde=shallow_water/baseline=vivid/task=sparse_solution/seed=1/sensors=250/mode=time_varying/noise=0/scalar=metadata/run=time_varying_vivid_shallow_water_s1_e82788cef90c	outputs/baselines_large/logs/task_group=time_varying/run=time_varying_vivid_shallow_water_s1_e82788cef90c	outputs/baselines_large/runs/task_group=time_varying/pde=shallow_water/baseline=vivid/task=sparse_solution/seed=1/sensors=250/mode=time_varying/noise=0/scalar=metadata/run=time_varying_vivid_shallow_water_s1_e82788cef90c/run.status.json	
time_varying_vivid_shallow_water_s1_c200f314611e	time_varying/vivid/shallow_water/seed=1/sensors=250/time_varying/noise=0.01	time_varying	sparse_solution	shallow_water	vivid	1	50000	0	1000	5	250	time_varying	0.01	metadata	lazy	True	1	1	0	300	0	cuda	baselines/configs/paper.yaml	outputs/baselines_large/runs/task_group=time_varying/pde=shallow_water/baseline=vivid/task=sparse_solution/seed=1/sensors=250/mode=time_varying/noise=0_01/scalar=metadata/run=time_varying_vivid_shallow_water_s1_c200f314611e	outputs/baselines_large/logs/task_group=time_varying/run=time_varying_vivid_shallow_water_s1_c200f314611e	outputs/baselines_large/runs/task_group=time_varying/pde=shallow_water/baseline=vivid/task=sparse_solution/seed=1/sensors=250/mode=time_varying/noise=0_01/scalar=metadata/run=time_varying_vivid_shallow_water_s1_c200f314611e/run.status.json	
time_varying_vivid_shallow_water_s1_6cc2fdb9763e	time_varying/vivid/shallow_water/seed=1/sensors=250/time_varying/noise=0.05	time_varying	sparse_solution	shallow_water	vivid	1	50000	0	1000	5	250	time_varying	0.05	metadata	lazy	True	1	1	0	300	0	cuda	baselines/configs/paper.yaml	outputs/baselines_large/runs/task_group=time_varying/pde=shallow_water/baseline=vivid/task=sparse_solution/seed=1/sensors=250/mode=time_varying/noise=0_05/scalar=metadata/run=time_varying_vivid_shallow_water_s1_6cc2fdb9763e	outputs/baselines_large/logs/task_group=time_varying/run=time_varying_vivid_shallow_water_s1_6cc2fdb9763e	outputs/baselines_large/runs/task_group=time_varying/pde=shallow_water/baseline=vivid/task=sparse_solution/seed=1/sensors=250/mode=time_varying/noise=0_05/scalar=metadata/run=time_varying_vivid_shallow_water_s1_6cc2fdb9763e/run.status.json	
time_varying_vivid_shallow_water_s1_896c154a9119	time_varying/vivid/shallow_water/seed=1/sensors=500/time_varying/noise=0.0	time_varying	sparse_solution	shallow_water	vivid	1	50000	0	1000	5	500	time_varying	0.0	metadata	lazy	True	1	1	0	300	0	cuda	baselines/configs/paper.yaml	outputs/baselines_large/runs/task_group=time_varying/pde=shallow_water/baseline=vivid/task=sparse_solution/seed=1/sensors=500/mode=time_varying/noise=0/scalar=metadata/run=time_varying_vivid_shallow_water_s1_896c154a9119	outputs/baselines_large/logs/task_group=time_varying/run=time_varying_vivid_shallow_water_s1_896c154a9119	outputs/baselines_large/runs/task_group=time_varying/pde=shallow_water/baseline=vivid/task=sparse_solution/seed=1/sensors=500/mode=time_varying/noise=0/scalar=metadata/run=time_varying_vivid_shallow_water_s1_896c154a9119/run.status.json	
time_varying_vivid_shallow_water_s1_bc142305b9ff	time_varying/vivid/shallow_water/seed=1/sensors=500/time_varying/noise=0.01	time_varying	sparse_solution	shallow_water	vivid	1	50000	0	1000	5	500	time_varying	0.01	metadata	lazy	True	1	1	0	300	0	cuda	baselines/configs/paper.yaml	outputs/baselines_large/runs/task_group=time_varying/pde=shallow_water/baseline=vivid/task=sparse_solution/seed=1/sensors=500/mode=time_varying/noise=0_01/scalar=metadata/run=time_varying_vivid_shallow_water_s1_bc142305b9ff	outputs/baselines_large/logs/task_group=time_varying/run=time_varying_vivid_shallow_water_s1_bc142305b9ff	outputs/baselines_large/runs/task_group=time_varying/pde=shallow_water/baseline=vivid/task=sparse_solution/seed=1/sensors=500/mode=time_varying/noise=0_01/scalar=metadata/run=time_varying_vivid_shallow_water_s1_bc142305b9ff/run.status.json	
time_varying_vivid_shallow_water_s1_fe3ea500bf3d	time_varying/vivid/shallow_water/seed=1/sensors=500/time_varying/noise=0.05	time_varying	sparse_solution	shallow_water	vivid	1	50000	0	1000	5	500	time_varying	0.05	metadata	lazy	True	1	1	0	300	0	cuda	baselines/configs/paper.yaml	outputs/baselines_large/runs/task_group=time_varying/pde=shallow_water/baseline=vivid/task=sparse_solution/seed=1/sensors=500/mode=time_varying/noise=0_05/scalar=metadata/run=time_varying_vivid_shallow_water_s1_fe3ea500bf3d	outputs/baselines_large/logs/task_group=time_varying/run=time_varying_vivid_shallow_water_s1_fe3ea500bf3d	outputs/baselines_large/runs/task_group=time_varying/pde=shallow_water/baseline=vivid/task=sparse_solution/seed=1/sensors=500/mode=time_varying/noise=0_05/scalar=metadata/run=time_varying_vivid_shallow_water_s1_fe3ea500bf3d/run.status.json	
time_varying_vivid_shallow_water_s2_6c31097d8bc9	time_varying/vivid/shallow_water/seed=2/sensors=50/time_varying/noise=0.0	time_varying	sparse_solution	shallow_water	vivid	2	50000	0	1000	5	50	time_varying	0.0	metadata	lazy	True	1	1	0	300	0	cuda	baselines/configs/paper.yaml	outputs/baselines_large/runs/task_group=time_varying/pde=shallow_water/baseline=vivid/task=sparse_solution/seed=2/sensors=50/mode=time_varying/noise=0/scalar=metadata/run=time_varying_vivid_shallow_water_s2_6c31097d8bc9	outputs/baselines_large/logs/task_group=time_varying/run=time_varying_vivid_shallow_water_s2_6c31097d8bc9	outputs/baselines_large/runs/task_group=time_varying/pde=shallow_water/baseline=vivid/task=sparse_solution/seed=2/sensors=50/mode=time_varying/noise=0/scalar=metadata/run=time_varying_vivid_shallow_water_s2_6c31097d8bc9/run.status.json	
time_varying_vivid_shallow_water_s2_1a79cee89076	time_varying/vivid/shallow_water/seed=2/sensors=50/time_varying/noise=0.01	time_varying	sparse_solution	shallow_water	vivid	2	50000	0	1000	5	50	time_varying	0.01	metadata	lazy	True	1	1	0	300	0	cuda	baselines/configs/paper.yaml	outputs/baselines_large/runs/task_group=time_varying/pde=shallow_water/baseline=vivid/task=sparse_solution/seed=2/sensors=50/mode=time_varying/noise=0_01/scalar=metadata/run=time_varying_vivid_shallow_water_s2_1a79cee89076	outputs/baselines_large/logs/task_group=time_varying/run=time_varying_vivid_shallow_water_s2_1a79cee89076	outputs/baselines_large/runs/task_group=time_varying/pde=shallow_water/baseline=vivid/task=sparse_solution/seed=2/sensors=50/mode=time_varying/noise=0_01/scalar=metadata/run=time_varying_vivid_shallow_water_s2_1a79cee89076/run.status.json	
time_varying_vivid_shallow_water_s2_9375d69c24bb	time_varying/vivid/shallow_water/seed=2/sensors=50/time_varying/noise=0.05	time_varying	sparse_solution	shallow_water	vivid	2	50000	0	1000	5	50	time_varying	0.05	metadata	lazy	True	1	1	0	300	0	cuda	baselines/configs/paper.yaml	outputs/baselines_large/runs/task_group=time_varying/pde=shallow_water/baseline=vivid/task=sparse_solution/seed=2/sensors=50/mode=time_varying/noise=0_05/scalar=metadata/run=time_varying_vivid_shallow_water_s2_9375d69c24bb	outputs/baselines_large/logs/task_group=time_varying/run=time_varying_vivid_shallow_water_s2_9375d69c24bb	outputs/baselines_large/runs/task_group=time_varying/pde=shallow_water/baseline=vivid/task=sparse_solution/seed=2/sensors=50/mode=time_varying/noise=0_05/scalar=metadata/run=time_varying_vivid_shallow_water_s2_9375d69c24bb/run.status.json	
time_varying_vivid_shallow_water_s2_42284d382ea6	time_varying/vivid/shallow_water/seed=2/sensors=100/time_varying/noise=0.0	time_varying	sparse_solution	shallow_water	vivid	2	50000	0	1000	5	100	time_varying	0.0	metadata	lazy	True	1	1	0	300	0	cuda	baselines/configs/paper.yaml	outputs/baselines_large/runs/task_group=time_varying/pde=shallow_water/baseline=vivid/task=sparse_solution/seed=2/sensors=100/mode=time_varying/noise=0/scalar=metadata/run=time_varying_vivid_shallow_water_s2_42284d382ea6	outputs/baselines_large/logs/task_group=time_varying/run=time_varying_vivid_shallow_water_s2_42284d382ea6	outputs/baselines_large/runs/task_group=time_varying/pde=shallow_water/baseline=vivid/task=sparse_solution/seed=2/sensors=100/mode=time_varying/noise=0/scalar=metadata/run=time_varying_vivid_shallow_water_s2_42284d382ea6/run.status.json	
time_varying_vivid_shallow_water_s2_4b651f085196	time_varying/vivid/shallow_water/seed=2/sensors=100/time_varying/noise=0.01	time_varying	sparse_solution	shallow_water	vivid	2	50000	0	1000	5	100	time_varying	0.01	metadata	lazy	True	1	1	0	300	0	cuda	baselines/configs/paper.yaml	outputs/baselines_large/runs/task_group=time_varying/pde=shallow_water/baseline=vivid/task=sparse_solution/seed=2/sensors=100/mode=time_varying/noise=0_01/scalar=metadata/run=time_varying_vivid_shallow_water_s2_4b651f085196	outputs/baselines_large/logs/task_group=time_varying/run=time_varying_vivid_shallow_water_s2_4b651f085196	outputs/baselines_large/runs/task_group=time_varying/pde=shallow_water/baseline=vivid/task=sparse_solution/seed=2/sensors=100/mode=time_varying/noise=0_01/scalar=metadata/run=time_varying_vivid_shallow_water_s2_4b651f085196/run.status.json	
time_varying_vivid_shallow_water_s2_d7eb4f43783b	time_varying/vivid/shallow_water/seed=2/sensors=100/time_varying/noise=0.05	time_varying	sparse_solution	shallow_water	vivid	2	50000	0	1000	5	100	time_varying	0.05	metadata	lazy	True	1	1	0	300	0	cuda	baselines/configs/paper.yaml	outputs/baselines_large/runs/task_group=time_varying/pde=shallow_water/baseline=vivid/task=sparse_solution/seed=2/sensors=100/mode=time_varying/noise=0_05/scalar=metadata/run=time_varying_vivid_shallow_water_s2_d7eb4f43783b	outputs/baselines_large/logs/task_group=time_varying/run=time_varying_vivid_shallow_water_s2_d7eb4f43783b	outputs/baselines_large/runs/task_group=time_varying/pde=shallow_water/baseline=vivid/task=sparse_solution/seed=2/sensors=100/mode=time_varying/noise=0_05/scalar=metadata/run=time_varying_vivid_shallow_water_s2_d7eb4f43783b/run.status.json	
time_varying_vivid_shallow_water_s2_b75480156d2a	time_varying/vivid/shallow_water/seed=2/sensors=250/time_varying/noise=0.0	time_varying	sparse_solution	shallow_water	vivid	2	50000	0	1000	5	250	time_varying	0.0	metadata	lazy	True	1	1	0	300	0	cuda	baselines/configs/paper.yaml	outputs/baselines_large/runs/task_group=time_varying/pde=shallow_water/baseline=vivid/task=sparse_solution/seed=2/sensors=250/mode=time_varying/noise=0/scalar=metadata/run=time_varying_vivid_shallow_water_s2_b75480156d2a	outputs/baselines_large/logs/task_group=time_varying/run=time_varying_vivid_shallow_water_s2_b75480156d2a	outputs/baselines_large/runs/task_group=time_varying/pde=shallow_water/baseline=vivid/task=sparse_solution/seed=2/sensors=250/mode=time_varying/noise=0/scalar=metadata/run=time_varying_vivid_shallow_water_s2_b75480156d2a/run.status.json	
time_varying_vivid_shallow_water_s2_359b32027965	time_varying/vivid/shallow_water/seed=2/sensors=250/time_varying/noise=0.01	time_varying	sparse_solution	shallow_water	vivid	2	50000	0	1000	5	250	time_varying	0.01	metadata	lazy	True	1	1	0	300	0	cuda	baselines/configs/paper.yaml	outputs/baselines_large/runs/task_group=time_varying/pde=shallow_water/baseline=vivid/task=sparse_solution/seed=2/sensors=250/mode=time_varying/noise=0_01/scalar=metadata/run=time_varying_vivid_shallow_water_s2_359b32027965	outputs/baselines_large/logs/task_group=time_varying/run=time_varying_vivid_shallow_water_s2_359b32027965	outputs/baselines_large/runs/task_group=time_varying/pde=shallow_water/baseline=vivid/task=sparse_solution/seed=2/sensors=250/mode=time_varying/noise=0_01/scalar=metadata/run=time_varying_vivid_shallow_water_s2_359b32027965/run.status.json	
time_varying_vivid_shallow_water_s2_d67f0a4e9fd6	time_varying/vivid/shallow_water/seed=2/sensors=250/time_varying/noise=0.05	time_varying	sparse_solution	shallow_water	vivid	2	50000	0	1000	5	250	time_varying	0.05	metadata	lazy	True	1	1	0	300	0	cuda	baselines/configs/paper.yaml	outputs/baselines_large/runs/task_group=time_varying/pde=shallow_water/baseline=vivid/task=sparse_solution/seed=2/sensors=250/mode=time_varying/noise=0_05/scalar=metadata/run=time_varying_vivid_shallow_water_s2_d67f0a4e9fd6	outputs/baselines_large/logs/task_group=time_varying/run=time_varying_vivid_shallow_water_s2_d67f0a4e9fd6	outputs/baselines_large/runs/task_group=time_varying/pde=shallow_water/baseline=vivid/task=sparse_solution/seed=2/sensors=250/mode=time_varying/noise=0_05/scalar=metadata/run=time_varying_vivid_shallow_water_s2_d67f0a4e9fd6/run.status.json	
time_varying_vivid_shallow_water_s2_abc1c4a3427b	time_varying/vivid/shallow_water/seed=2/sensors=500/time_varying/noise=0.0	time_varying	sparse_solution	shallow_water	vivid	2	50000	0	1000	5	500	time_varying	0.0	metadata	lazy	True	1	1	0	300	0	cuda	baselines/configs/paper.yaml	outputs/baselines_large/runs/task_group=time_varying/pde=shallow_water/baseline=vivid/task=sparse_solution/seed=2/sensors=500/mode=time_varying/noise=0/scalar=metadata/run=time_varying_vivid_shallow_water_s2_abc1c4a3427b	outputs/baselines_large/logs/task_group=time_varying/run=time_varying_vivid_shallow_water_s2_abc1c4a3427b	outputs/baselines_large/runs/task_group=time_varying/pde=shallow_water/baseline=vivid/task=sparse_solution/seed=2/sensors=500/mode=time_varying/noise=0/scalar=metadata/run=time_varying_vivid_shallow_water_s2_abc1c4a3427b/run.status.json	
time_varying_vivid_shallow_water_s2_4f990dd6c40c	time_varying/vivid/shallow_water/seed=2/sensors=500/time_varying/noise=0.01	time_varying	sparse_solution	shallow_water	vivid	2	50000	0	1000	5	500	time_varying	0.01	metadata	lazy	True	1	1	0	300	0	cuda	baselines/configs/paper.yaml	outputs/baselines_large/runs/task_group=time_varying/pde=shallow_water/baseline=vivid/task=sparse_solution/seed=2/sensors=500/mode=time_varying/noise=0_01/scalar=metadata/run=time_varying_vivid_shallow_water_s2_4f990dd6c40c	outputs/baselines_large/logs/task_group=time_varying/run=time_varying_vivid_shallow_water_s2_4f990dd6c40c	outputs/baselines_large/runs/task_group=time_varying/pde=shallow_water/baseline=vivid/task=sparse_solution/seed=2/sensors=500/mode=time_varying/noise=0_01/scalar=metadata/run=time_varying_vivid_shallow_water_s2_4f990dd6c40c/run.status.json	
time_varying_vivid_shallow_water_s2_725e83b78c1e	time_varying/vivid/shallow_water/seed=2/sensors=500/time_varying/noise=0.05	time_varying	sparse_solution	shallow_water	vivid	2	50000	0	1000	5	500	time_varying	0.05	metadata	lazy	True	1	1	0	300	0	cuda	baselines/configs/paper.yaml	outputs/baselines_large/runs/task_group=time_varying/pde=shallow_water/baseline=vivid/task=sparse_solution/seed=2/sensors=500/mode=time_varying/noise=0_05/scalar=metadata/run=time_varying_vivid_shallow_water_s2_725e83b78c1e	outputs/baselines_large/logs/task_group=time_varying/run=time_varying_vivid_shallow_water_s2_725e83b78c1e	outputs/baselines_large/runs/task_group=time_varying/pde=shallow_water/baseline=vivid/task=sparse_solution/seed=2/sensors=500/mode=time_varying/noise=0_05/scalar=metadata/run=time_varying_vivid_shallow_water_s2_725e83b78c1e/run.status.json	
time_varying_vivid_shallow_water_s3_91f8d077509b	time_varying/vivid/shallow_water/seed=3/sensors=50/time_varying/noise=0.0	time_varying	sparse_solution	shallow_water	vivid	3	50000	0	1000	5	50	time_varying	0.0	metadata	lazy	True	1	1	0	300	0	cuda	baselines/configs/paper.yaml	outputs/baselines_large/runs/task_group=time_varying/pde=shallow_water/baseline=vivid/task=sparse_solution/seed=3/sensors=50/mode=time_varying/noise=0/scalar=metadata/run=time_varying_vivid_shallow_water_s3_91f8d077509b	outputs/baselines_large/logs/task_group=time_varying/run=time_varying_vivid_shallow_water_s3_91f8d077509b	outputs/baselines_large/runs/task_group=time_varying/pde=shallow_water/baseline=vivid/task=sparse_solution/seed=3/sensors=50/mode=time_varying/noise=0/scalar=metadata/run=time_varying_vivid_shallow_water_s3_91f8d077509b/run.status.json	
time_varying_vivid_shallow_water_s3_0b559c7d6cfd	time_varying/vivid/shallow_water/seed=3/sensors=50/time_varying/noise=0.01	time_varying	sparse_solution	shallow_water	vivid	3	50000	0	1000	5	50	time_varying	0.01	metadata	lazy	True	1	1	0	300	0	cuda	baselines/configs/paper.yaml	outputs/baselines_large/runs/task_group=time_varying/pde=shallow_water/baseline=vivid/task=sparse_solution/seed=3/sensors=50/mode=time_varying/noise=0_01/scalar=metadata/run=time_varying_vivid_shallow_water_s3_0b559c7d6cfd	outputs/baselines_large/logs/task_group=time_varying/run=time_varying_vivid_shallow_water_s3_0b559c7d6cfd	outputs/baselines_large/runs/task_group=time_varying/pde=shallow_water/baseline=vivid/task=sparse_solution/seed=3/sensors=50/mode=time_varying/noise=0_01/scalar=metadata/run=time_varying_vivid_shallow_water_s3_0b559c7d6cfd/run.status.json	
time_varying_vivid_shallow_water_s3_6b1911cc61a6	time_varying/vivid/shallow_water/seed=3/sensors=50/time_varying/noise=0.05	time_varying	sparse_solution	shallow_water	vivid	3	50000	0	1000	5	50	time_varying	0.05	metadata	lazy	True	1	1	0	300	0	cuda	baselines/configs/paper.yaml	outputs/baselines_large/runs/task_group=time_varying/pde=shallow_water/baseline=vivid/task=sparse_solution/seed=3/sensors=50/mode=time_varying/noise=0_05/scalar=metadata/run=time_varying_vivid_shallow_water_s3_6b1911cc61a6	outputs/baselines_large/logs/task_group=time_varying/run=time_varying_vivid_shallow_water_s3_6b1911cc61a6	outputs/baselines_large/runs/task_group=time_varying/pde=shallow_water/baseline=vivid/task=sparse_solution/seed=3/sensors=50/mode=time_varying/noise=0_05/scalar=metadata/run=time_varying_vivid_shallow_water_s3_6b1911cc61a6/run.status.json	
time_varying_vivid_shallow_water_s3_b4c1c85aaf10	time_varying/vivid/shallow_water/seed=3/sensors=100/time_varying/noise=0.0	time_varying	sparse_solution	shallow_water	vivid	3	50000	0	1000	5	100	time_varying	0.0	metadata	lazy	True	1	1	0	300	0	cuda	baselines/configs/paper.yaml	outputs/baselines_large/runs/task_group=time_varying/pde=shallow_water/baseline=vivid/task=sparse_solution/seed=3/sensors=100/mode=time_varying/noise=0/scalar=metadata/run=time_varying_vivid_shallow_water_s3_b4c1c85aaf10	outputs/baselines_large/logs/task_group=time_varying/run=time_varying_vivid_shallow_water_s3_b4c1c85aaf10	outputs/baselines_large/runs/task_group=time_varying/pde=shallow_water/baseline=vivid/task=sparse_solution/seed=3/sensors=100/mode=time_varying/noise=0/scalar=metadata/run=time_varying_vivid_shallow_water_s3_b4c1c85aaf10/run.status.json	
time_varying_vivid_shallow_water_s3_18d67ae17852	time_varying/vivid/shallow_water/seed=3/sensors=100/time_varying/noise=0.01	time_varying	sparse_solution	shallow_water	vivid	3	50000	0	1000	5	100	time_varying	0.01	metadata	lazy	True	1	1	0	300	0	cuda	baselines/configs/paper.yaml	outputs/baselines_large/runs/task_group=time_varying/pde=shallow_water/baseline=vivid/task=sparse_solution/seed=3/sensors=100/mode=time_varying/noise=0_01/scalar=metadata/run=time_varying_vivid_shallow_water_s3_18d67ae17852	outputs/baselines_large/logs/task_group=time_varying/run=time_varying_vivid_shallow_water_s3_18d67ae17852	outputs/baselines_large/runs/task_group=time_varying/pde=shallow_water/baseline=vivid/task=sparse_solution/seed=3/sensors=100/mode=time_varying/noise=0_01/scalar=metadata/run=time_varying_vivid_shallow_water_s3_18d67ae17852/run.status.json	
time_varying_vivid_shallow_water_s3_14b3be6c2762	time_varying/vivid/shallow_water/seed=3/sensors=100/time_varying/noise=0.05	time_varying	sparse_solution	shallow_water	vivid	3	50000	0	1000	5	100	time_varying	0.05	metadata	lazy	True	1	1	0	300	0	cuda	baselines/configs/paper.yaml	outputs/baselines_large/runs/task_group=time_varying/pde=shallow_water/baseline=vivid/task=sparse_solution/seed=3/sensors=100/mode=time_varying/noise=0_05/scalar=metadata/run=time_varying_vivid_shallow_water_s3_14b3be6c2762	outputs/baselines_large/logs/task_group=time_varying/run=time_varying_vivid_shallow_water_s3_14b3be6c2762	outputs/baselines_large/runs/task_group=time_varying/pde=shallow_water/baseline=vivid/task=sparse_solution/seed=3/sensors=100/mode=time_varying/noise=0_05/scalar=metadata/run=time_varying_vivid_shallow_water_s3_14b3be6c2762/run.status.json	
time_varying_vivid_shallow_water_s3_df3cd1acad7c	time_varying/vivid/shallow_water/seed=3/sensors=250/time_varying/noise=0.0	time_varying	sparse_solution	shallow_water	vivid	3	50000	0	1000	5	250	time_varying	0.0	metadata	lazy	True	1	1	0	300	0	cuda	baselines/configs/paper.yaml	outputs/baselines_large/runs/task_group=time_varying/pde=shallow_water/baseline=vivid/task=sparse_solution/seed=3/sensors=250/mode=time_varying/noise=0/scalar=metadata/run=time_varying_vivid_shallow_water_s3_df3cd1acad7c	outputs/baselines_large/logs/task_group=time_varying/run=time_varying_vivid_shallow_water_s3_df3cd1acad7c	outputs/baselines_large/runs/task_group=time_varying/pde=shallow_water/baseline=vivid/task=sparse_solution/seed=3/sensors=250/mode=time_varying/noise=0/scalar=metadata/run=time_varying_vivid_shallow_water_s3_df3cd1acad7c/run.status.json	
time_varying_vivid_shallow_water_s3_8a2bcae4c1dd	time_varying/vivid/shallow_water/seed=3/sensors=250/time_varying/noise=0.01	time_varying	sparse_solution	shallow_water	vivid	3	50000	0	1000	5	250	time_varying	0.01	metadata	lazy	True	1	1	0	300	0	cuda	baselines/configs/paper.yaml	outputs/baselines_large/runs/task_group=time_varying/pde=shallow_water/baseline=vivid/task=sparse_solution/seed=3/sensors=250/mode=time_varying/noise=0_01/scalar=metadata/run=time_varying_vivid_shallow_water_s3_8a2bcae4c1dd	outputs/baselines_large/logs/task_group=time_varying/run=time_varying_vivid_shallow_water_s3_8a2bcae4c1dd	outputs/baselines_large/runs/task_group=time_varying/pde=shallow_water/baseline=vivid/task=sparse_solution/seed=3/sensors=250/mode=time_varying/noise=0_01/scalar=metadata/run=time_varying_vivid_shallow_water_s3_8a2bcae4c1dd/run.status.json	
time_varying_vivid_shallow_water_s3_ceceba49c38b	time_varying/vivid/shallow_water/seed=3/sensors=250/time_varying/noise=0.05	time_varying	sparse_solution	shallow_water	vivid	3	50000	0	1000	5	250	time_varying	0.05	metadata	lazy	True	1	1	0	300	0	cuda	baselines/configs/paper.yaml	outputs/baselines_large/runs/task_group=time_varying/pde=shallow_water/baseline=vivid/task=sparse_solution/seed=3/sensors=250/mode=time_varying/noise=0_05/scalar=metadata/run=time_varying_vivid_shallow_water_s3_ceceba49c38b	outputs/baselines_large/logs/task_group=time_varying/run=time_varying_vivid_shallow_water_s3_ceceba49c38b	outputs/baselines_large/runs/task_group=time_varying/pde=shallow_water/baseline=vivid/task=sparse_solution/seed=3/sensors=250/mode=time_varying/noise=0_05/scalar=metadata/run=time_varying_vivid_shallow_water_s3_ceceba49c38b/run.status.json	
time_varying_vivid_shallow_water_s3_b9f00f4e3a86	time_varying/vivid/shallow_water/seed=3/sensors=500/time_varying/noise=0.0	time_varying	sparse_solution	shallow_water	vivid	3	50000	0	1000	5	500	time_varying	0.0	metadata	lazy	True	1	1	0	300	0	cuda	baselines/configs/paper.yaml	outputs/baselines_large/runs/task_group=time_varying/pde=shallow_water/baseline=vivid/task=sparse_solution/seed=3/sensors=500/mode=time_varying/noise=0/scalar=metadata/run=time_varying_vivid_shallow_water_s3_b9f00f4e3a86	outputs/baselines_large/logs/task_group=time_varying/run=time_varying_vivid_shallow_water_s3_b9f00f4e3a86	outputs/baselines_large/runs/task_group=time_varying/pde=shallow_water/baseline=vivid/task=sparse_solution/seed=3/sensors=500/mode=time_varying/noise=0/scalar=metadata/run=time_varying_vivid_shallow_water_s3_b9f00f4e3a86/run.status.json	
time_varying_vivid_shallow_water_s3_6df2851f948c	time_varying/vivid/shallow_water/seed=3/sensors=500/time_varying/noise=0.01	time_varying	sparse_solution	shallow_water	vivid	3	50000	0	1000	5	500	time_varying	0.01	metadata	lazy	True	1	1	0	300	0	cuda	baselines/configs/paper.yaml	outputs/baselines_large/runs/task_group=time_varying/pde=shallow_water/baseline=vivid/task=sparse_solution/seed=3/sensors=500/mode=time_varying/noise=0_01/scalar=metadata/run=time_varying_vivid_shallow_water_s3_6df2851f948c	outputs/baselines_large/logs/task_group=time_varying/run=time_varying_vivid_shallow_water_s3_6df2851f948c	outputs/baselines_large/runs/task_group=time_varying/pde=shallow_water/baseline=vivid/task=sparse_solution/seed=3/sensors=500/mode=time_varying/noise=0_01/scalar=metadata/run=time_varying_vivid_shallow_water_s3_6df2851f948c/run.status.json	
time_varying_vivid_shallow_water_s3_910a0ab8dc58	time_varying/vivid/shallow_water/seed=3/sensors=500/time_varying/noise=0.05	time_varying	sparse_solution	shallow_water	vivid	3	50000	0	1000	5	500	time_varying	0.05	metadata	lazy	True	1	1	0	300	0	cuda	baselines/configs/paper.yaml	outputs/baselines_large/runs/task_group=time_varying/pde=shallow_water/baseline=vivid/task=sparse_solution/seed=3/sensors=500/mode=time_varying/noise=0_05/scalar=metadata/run=time_varying_vivid_shallow_water_s3_910a0ab8dc58	outputs/baselines_large/logs/task_group=time_varying/run=time_varying_vivid_shallow_water_s3_910a0ab8dc58	outputs/baselines_large/runs/task_group=time_varying/pde=shallow_water/baseline=vivid/task=sparse_solution/seed=3/sensors=500/mode=time_varying/noise=0_05/scalar=metadata/run=time_varying_vivid_shallow_water_s3_910a0ab8dc58/run.status.json	
time_varying_senseiver_shallow_water_s1_bfdf8f274064	time_varying/senseiver/shallow_water/seed=1/sensors=50/time_varying/noise=0.0	time_varying	sparse_solution	shallow_water	senseiver	1	50000	0	1000	5	50	time_varying	0.0	metadata	lazy	True	16	200	0	0	0	cuda	baselines/configs/paper.yaml	outputs/baselines_large/runs/task_group=time_varying/pde=shallow_water/baseline=senseiver/task=sparse_solution/seed=1/sensors=50/mode=time_varying/noise=0/scalar=metadata/run=time_varying_senseiver_shallow_water_s1_bfdf8f274064	outputs/baselines_large/logs/task_group=time_varying/run=time_varying_senseiver_shallow_water_s1_bfdf8f274064	outputs/baselines_large/runs/task_group=time_varying/pde=shallow_water/baseline=senseiver/task=sparse_solution/seed=1/sensors=50/mode=time_varying/noise=0/scalar=metadata/run=time_varying_senseiver_shallow_water_s1_bfdf8f274064/run.status.json	
time_varying_senseiver_shallow_water_s1_c2f7de17542c	time_varying/senseiver/shallow_water/seed=1/sensors=50/time_varying/noise=0.01	time_varying	sparse_solution	shallow_water	senseiver	1	50000	0	1000	5	50	time_varying	0.01	metadata	lazy	True	16	200	0	0	0	cuda	baselines/configs/paper.yaml	outputs/baselines_large/runs/task_group=time_varying/pde=shallow_water/baseline=senseiver/task=sparse_solution/seed=1/sensors=50/mode=time_varying/noise=0_01/scalar=metadata/run=time_varying_senseiver_shallow_water_s1_c2f7de17542c	outputs/baselines_large/logs/task_group=time_varying/run=time_varying_senseiver_shallow_water_s1_c2f7de17542c	outputs/baselines_large/runs/task_group=time_varying/pde=shallow_water/baseline=senseiver/task=sparse_solution/seed=1/sensors=50/mode=time_varying/noise=0_01/scalar=metadata/run=time_varying_senseiver_shallow_water_s1_c2f7de17542c/run.status.json	
time_varying_senseiver_shallow_water_s1_3204bc0eccea	time_varying/senseiver/shallow_water/seed=1/sensors=50/time_varying/noise=0.05	time_varying	sparse_solution	shallow_water	senseiver	1	50000	0	1000	5	50	time_varying	0.05	metadata	lazy	True	16	200	0	0	0	cuda	baselines/configs/paper.yaml	outputs/baselines_large/runs/task_group=time_varying/pde=shallow_water/baseline=senseiver/task=sparse_solution/seed=1/sensors=50/mode=time_varying/noise=0_05/scalar=metadata/run=time_varying_senseiver_shallow_water_s1_3204bc0eccea	outputs/baselines_large/logs/task_group=time_varying/run=time_varying_senseiver_shallow_water_s1_3204bc0eccea	outputs/baselines_large/runs/task_group=time_varying/pde=shallow_water/baseline=senseiver/task=sparse_solution/seed=1/sensors=50/mode=time_varying/noise=0_05/scalar=metadata/run=time_varying_senseiver_shallow_water_s1_3204bc0eccea/run.status.json	
time_varying_senseiver_shallow_water_s1_1e67ebaf85db	time_varying/senseiver/shallow_water/seed=1/sensors=100/time_varying/noise=0.0	time_varying	sparse_solution	shallow_water	senseiver	1	50000	0	1000	5	100	time_varying	0.0	metadata	lazy	True	16	200	0	0	0	cuda	baselines/configs/paper.yaml	outputs/baselines_large/runs/task_group=time_varying/pde=shallow_water/baseline=senseiver/task=sparse_solution/seed=1/sensors=100/mode=time_varying/noise=0/scalar=metadata/run=time_varying_senseiver_shallow_water_s1_1e67ebaf85db	outputs/baselines_large/logs/task_group=time_varying/run=time_varying_senseiver_shallow_water_s1_1e67ebaf85db	outputs/baselines_large/runs/task_group=time_varying/pde=shallow_water/baseline=senseiver/task=sparse_solution/seed=1/sensors=100/mode=time_varying/noise=0/scalar=metadata/run=time_varying_senseiver_shallow_water_s1_1e67ebaf85db/run.status.json	
time_varying_senseiver_shallow_water_s1_7b65a70b3686	time_varying/senseiver/shallow_water/seed=1/sensors=100/time_varying/noise=0.01	time_varying	sparse_solution	shallow_water	senseiver	1	50000	0	1000	5	100	time_varying	0.01	metadata	lazy	True	16	200	0	0	0	cuda	baselines/configs/paper.yaml	outputs/baselines_large/runs/task_group=time_varying/pde=shallow_water/baseline=senseiver/task=sparse_solution/seed=1/sensors=100/mode=time_varying/noise=0_01/scalar=metadata/run=time_varying_senseiver_shallow_water_s1_7b65a70b3686	outputs/baselines_large/logs/task_group=time_varying/run=time_varying_senseiver_shallow_water_s1_7b65a70b3686	outputs/baselines_large/runs/task_group=time_varying/pde=shallow_water/baseline=senseiver/task=sparse_solution/seed=1/sensors=100/mode=time_varying/noise=0_01/scalar=metadata/run=time_varying_senseiver_shallow_water_s1_7b65a70b3686/run.status.json	
time_varying_senseiver_shallow_water_s1_37630bab0957	time_varying/senseiver/shallow_water/seed=1/sensors=100/time_varying/noise=0.05	time_varying	sparse_solution	shallow_water	senseiver	1	50000	0	1000	5	100	time_varying	0.05	metadata	lazy	True	16	200	0	0	0	cuda	baselines/configs/paper.yaml	outputs/baselines_large/runs/task_group=time_varying/pde=shallow_water/baseline=senseiver/task=sparse_solution/seed=1/sensors=100/mode=time_varying/noise=0_05/scalar=metadata/run=time_varying_senseiver_shallow_water_s1_37630bab0957	outputs/baselines_large/logs/task_group=time_varying/run=time_varying_senseiver_shallow_water_s1_37630bab0957	outputs/baselines_large/runs/task_group=time_varying/pde=shallow_water/baseline=senseiver/task=sparse_solution/seed=1/sensors=100/mode=time_varying/noise=0_05/scalar=metadata/run=time_varying_senseiver_shallow_water_s1_37630bab0957/run.status.json	
time_varying_senseiver_shallow_water_s1_bc2f280fc419	time_varying/senseiver/shallow_water/seed=1/sensors=250/time_varying/noise=0.0	time_varying	sparse_solution	shallow_water	senseiver	1	50000	0	1000	5	250	time_varying	0.0	metadata	lazy	True	16	200	0	0	0	cuda	baselines/configs/paper.yaml	outputs/baselines_large/runs/task_group=time_varying/pde=shallow_water/baseline=senseiver/task=sparse_solution/seed=1/sensors=250/mode=time_varying/noise=0/scalar=metadata/run=time_varying_senseiver_shallow_water_s1_bc2f280fc419	outputs/baselines_large/logs/task_group=time_varying/run=time_varying_senseiver_shallow_water_s1_bc2f280fc419	outputs/baselines_large/runs/task_group=time_varying/pde=shallow_water/baseline=senseiver/task=sparse_solution/seed=1/sensors=250/mode=time_varying/noise=0/scalar=metadata/run=time_varying_senseiver_shallow_water_s1_bc2f280fc419/run.status.json	
time_varying_senseiver_shallow_water_s1_edcf579a2607	time_varying/senseiver/shallow_water/seed=1/sensors=250/time_varying/noise=0.01	time_varying	sparse_solution	shallow_water	senseiver	1	50000	0	1000	5	250	time_varying	0.01	metadata	lazy	True	16	200	0	0	0	cuda	baselines/configs/paper.yaml	outputs/baselines_large/runs/task_group=time_varying/pde=shallow_water/baseline=senseiver/task=sparse_solution/seed=1/sensors=250/mode=time_varying/noise=0_01/scalar=metadata/run=time_varying_senseiver_shallow_water_s1_edcf579a2607	outputs/baselines_large/logs/task_group=time_varying/run=time_varying_senseiver_shallow_water_s1_edcf579a2607	outputs/baselines_large/runs/task_group=time_varying/pde=shallow_water/baseline=senseiver/task=sparse_solution/seed=1/sensors=250/mode=time_varying/noise=0_01/scalar=metadata/run=time_varying_senseiver_shallow_water_s1_edcf579a2607/run.status.json	
time_varying_senseiver_shallow_water_s1_d19dfe3d8d0d	time_varying/senseiver/shallow_water/seed=1/sensors=250/time_varying/noise=0.05	time_varying	sparse_solution	shallow_water	senseiver	1	50000	0	1000	5	250	time_varying	0.05	metadata	lazy	True	16	200	0	0	0	cuda	baselines/configs/paper.yaml	outputs/baselines_large/runs/task_group=time_varying/pde=shallow_water/baseline=senseiver/task=sparse_solution/seed=1/sensors=250/mode=time_varying/noise=0_05/scalar=metadata/run=time_varying_senseiver_shallow_water_s1_d19dfe3d8d0d	outputs/baselines_large/logs/task_group=time_varying/run=time_varying_senseiver_shallow_water_s1_d19dfe3d8d0d	outputs/baselines_large/runs/task_group=time_varying/pde=shallow_water/baseline=senseiver/task=sparse_solution/seed=1/sensors=250/mode=time_varying/noise=0_05/scalar=metadata/run=time_varying_senseiver_shallow_water_s1_d19dfe3d8d0d/run.status.json	
time_varying_senseiver_shallow_water_s1_38e03cd3fa59	time_varying/senseiver/shallow_water/seed=1/sensors=500/time_varying/noise=0.0	time_varying	sparse_solution	shallow_water	senseiver	1	50000	0	1000	5	500	time_varying	0.0	metadata	lazy	True	16	200	0	0	0	cuda	baselines/configs/paper.yaml	outputs/baselines_large/runs/task_group=time_varying/pde=shallow_water/baseline=senseiver/task=sparse_solution/seed=1/sensors=500/mode=time_varying/noise=0/scalar=metadata/run=time_varying_senseiver_shallow_water_s1_38e03cd3fa59	outputs/baselines_large/logs/task_group=time_varying/run=time_varying_senseiver_shallow_water_s1_38e03cd3fa59	outputs/baselines_large/runs/task_group=time_varying/pde=shallow_water/baseline=senseiver/task=sparse_solution/seed=1/sensors=500/mode=time_varying/noise=0/scalar=metadata/run=time_varying_senseiver_shallow_water_s1_38e03cd3fa59/run.status.json	
time_varying_senseiver_shallow_water_s1_9a0994f30b2e	time_varying/senseiver/shallow_water/seed=1/sensors=500/time_varying/noise=0.01	time_varying	sparse_solution	shallow_water	senseiver	1	50000	0	1000	5	500	time_varying	0.01	metadata	lazy	True	16	200	0	0	0	cuda	baselines/configs/paper.yaml	outputs/baselines_large/runs/task_group=time_varying/pde=shallow_water/baseline=senseiver/task=sparse_solution/seed=1/sensors=500/mode=time_varying/noise=0_01/scalar=metadata/run=time_varying_senseiver_shallow_water_s1_9a0994f30b2e	outputs/baselines_large/logs/task_group=time_varying/run=time_varying_senseiver_shallow_water_s1_9a0994f30b2e	outputs/baselines_large/runs/task_group=time_varying/pde=shallow_water/baseline=senseiver/task=sparse_solution/seed=1/sensors=500/mode=time_varying/noise=0_01/scalar=metadata/run=time_varying_senseiver_shallow_water_s1_9a0994f30b2e/run.status.json	
time_varying_senseiver_shallow_water_s1_6f66aa811dbf	time_varying/senseiver/shallow_water/seed=1/sensors=500/time_varying/noise=0.05	time_varying	sparse_solution	shallow_water	senseiver	1	50000	0	1000	5	500	time_varying	0.05	metadata	lazy	True	16	200	0	0	0	cuda	baselines/configs/paper.yaml	outputs/baselines_large/runs/task_group=time_varying/pde=shallow_water/baseline=senseiver/task=sparse_solution/seed=1/sensors=500/mode=time_varying/noise=0_05/scalar=metadata/run=time_varying_senseiver_shallow_water_s1_6f66aa811dbf	outputs/baselines_large/logs/task_group=time_varying/run=time_varying_senseiver_shallow_water_s1_6f66aa811dbf	outputs/baselines_large/runs/task_group=time_varying/pde=shallow_water/baseline=senseiver/task=sparse_solution/seed=1/sensors=500/mode=time_varying/noise=0_05/scalar=metadata/run=time_varying_senseiver_shallow_water_s1_6f66aa811dbf/run.status.json	
time_varying_senseiver_shallow_water_s2_9b4c447be70f	time_varying/senseiver/shallow_water/seed=2/sensors=50/time_varying/noise=0.0	time_varying	sparse_solution	shallow_water	senseiver	2	50000	0	1000	5	50	time_varying	0.0	metadata	lazy	True	16	200	0	0	0	cuda	baselines/configs/paper.yaml	outputs/baselines_large/runs/task_group=time_varying/pde=shallow_water/baseline=senseiver/task=sparse_solution/seed=2/sensors=50/mode=time_varying/noise=0/scalar=metadata/run=time_varying_senseiver_shallow_water_s2_9b4c447be70f	outputs/baselines_large/logs/task_group=time_varying/run=time_varying_senseiver_shallow_water_s2_9b4c447be70f	outputs/baselines_large/runs/task_group=time_varying/pde=shallow_water/baseline=senseiver/task=sparse_solution/seed=2/sensors=50/mode=time_varying/noise=0/scalar=metadata/run=time_varying_senseiver_shallow_water_s2_9b4c447be70f/run.status.json	
time_varying_senseiver_shallow_water_s2_bc12d196246d	time_varying/senseiver/shallow_water/seed=2/sensors=50/time_varying/noise=0.01	time_varying	sparse_solution	shallow_water	senseiver	2	50000	0	1000	5	50	time_varying	0.01	metadata	lazy	True	16	200	0	0	0	cuda	baselines/configs/paper.yaml	outputs/baselines_large/runs/task_group=time_varying/pde=shallow_water/baseline=senseiver/task=sparse_solution/seed=2/sensors=50/mode=time_varying/noise=0_01/scalar=metadata/run=time_varying_senseiver_shallow_water_s2_bc12d196246d	outputs/baselines_large/logs/task_group=time_varying/run=time_varying_senseiver_shallow_water_s2_bc12d196246d	outputs/baselines_large/runs/task_group=time_varying/pde=shallow_water/baseline=senseiver/task=sparse_solution/seed=2/sensors=50/mode=time_varying/noise=0_01/scalar=metadata/run=time_varying_senseiver_shallow_water_s2_bc12d196246d/run.status.json	
time_varying_senseiver_shallow_water_s2_e2611ec1d95c	time_varying/senseiver/shallow_water/seed=2/sensors=50/time_varying/noise=0.05	time_varying	sparse_solution	shallow_water	senseiver	2	50000	0	1000	5	50	time_varying	0.05	metadata	lazy	True	16	200	0	0	0	cuda	baselines/configs/paper.yaml	outputs/baselines_large/runs/task_group=time_varying/pde=shallow_water/baseline=senseiver/task=sparse_solution/seed=2/sensors=50/mode=time_varying/noise=0_05/scalar=metadata/run=time_varying_senseiver_shallow_water_s2_e2611ec1d95c	outputs/baselines_large/logs/task_group=time_varying/run=time_varying_senseiver_shallow_water_s2_e2611ec1d95c	outputs/baselines_large/runs/task_group=time_varying/pde=shallow_water/baseline=senseiver/task=sparse_solution/seed=2/sensors=50/mode=time_varying/noise=0_05/scalar=metadata/run=time_varying_senseiver_shallow_water_s2_e2611ec1d95c/run.status.json	
time_varying_senseiver_shallow_water_s2_c3183c17c5f6	time_varying/senseiver/shallow_water/seed=2/sensors=100/time_varying/noise=0.0	time_varying	sparse_solution	shallow_water	senseiver	2	50000	0	1000	5	100	time_varying	0.0	metadata	lazy	True	16	200	0	0	0	cuda	baselines/configs/paper.yaml	outputs/baselines_large/runs/task_group=time_varying/pde=shallow_water/baseline=senseiver/task=sparse_solution/seed=2/sensors=100/mode=time_varying/noise=0/scalar=metadata/run=time_varying_senseiver_shallow_water_s2_c3183c17c5f6	outputs/baselines_large/logs/task_group=time_varying/run=time_varying_senseiver_shallow_water_s2_c3183c17c5f6	outputs/baselines_large/runs/task_group=time_varying/pde=shallow_water/baseline=senseiver/task=sparse_solution/seed=2/sensors=100/mode=time_varying/noise=0/scalar=metadata/run=time_varying_senseiver_shallow_water_s2_c3183c17c5f6/run.status.json	
time_varying_senseiver_shallow_water_s2_582b99d577d0	time_varying/senseiver/shallow_water/seed=2/sensors=100/time_varying/noise=0.01	time_varying	sparse_solution	shallow_water	senseiver	2	50000	0	1000	5	100	time_varying	0.01	metadata	lazy	True	16	200	0	0	0	cuda	baselines/configs/paper.yaml	outputs/baselines_large/runs/task_group=time_varying/pde=shallow_water/baseline=senseiver/task=sparse_solution/seed=2/sensors=100/mode=time_varying/noise=0_01/scalar=metadata/run=time_varying_senseiver_shallow_water_s2_582b99d577d0	outputs/baselines_large/logs/task_group=time_varying/run=time_varying_senseiver_shallow_water_s2_582b99d577d0	outputs/baselines_large/runs/task_group=time_varying/pde=shallow_water/baseline=senseiver/task=sparse_solution/seed=2/sensors=100/mode=time_varying/noise=0_01/scalar=metadata/run=time_varying_senseiver_shallow_water_s2_582b99d577d0/run.status.json	
time_varying_senseiver_shallow_water_s2_1e379c2fd881	time_varying/senseiver/shallow_water/seed=2/sensors=100/time_varying/noise=0.05	time_varying	sparse_solution	shallow_water	senseiver	2	50000	0	1000	5	100	time_varying	0.05	metadata	lazy	True	16	200	0	0	0	cuda	baselines/configs/paper.yaml	outputs/baselines_large/runs/task_group=time_varying/pde=shallow_water/baseline=senseiver/task=sparse_solution/seed=2/sensors=100/mode=time_varying/noise=0_05/scalar=metadata/run=time_varying_senseiver_shallow_water_s2_1e379c2fd881	outputs/baselines_large/logs/task_group=time_varying/run=time_varying_senseiver_shallow_water_s2_1e379c2fd881	outputs/baselines_large/runs/task_group=time_varying/pde=shallow_water/baseline=senseiver/task=sparse_solution/seed=2/sensors=100/mode=time_varying/noise=0_05/scalar=metadata/run=time_varying_senseiver_shallow_water_s2_1e379c2fd881/run.status.json	
time_varying_senseiver_shallow_water_s2_5774a2a8a4b1	time_varying/senseiver/shallow_water/seed=2/sensors=250/time_varying/noise=0.0	time_varying	sparse_solution	shallow_water	senseiver	2	50000	0	1000	5	250	time_varying	0.0	metadata	lazy	True	16	200	0	0	0	cuda	baselines/configs/paper.yaml	outputs/baselines_large/runs/task_group=time_varying/pde=shallow_water/baseline=senseiver/task=sparse_solution/seed=2/sensors=250/mode=time_varying/noise=0/scalar=metadata/run=time_varying_senseiver_shallow_water_s2_5774a2a8a4b1	outputs/baselines_large/logs/task_group=time_varying/run=time_varying_senseiver_shallow_water_s2_5774a2a8a4b1	outputs/baselines_large/runs/task_group=time_varying/pde=shallow_water/baseline=senseiver/task=sparse_solution/seed=2/sensors=250/mode=time_varying/noise=0/scalar=metadata/run=time_varying_senseiver_shallow_water_s2_5774a2a8a4b1/run.status.json	
time_varying_senseiver_shallow_water_s2_439b2589f4c4	time_varying/senseiver/shallow_water/seed=2/sensors=250/time_varying/noise=0.01	time_varying	sparse_solution	shallow_water	senseiver	2	50000	0	1000	5	250	time_varying	0.01	metadata	lazy	True	16	200	0	0	0	cuda	baselines/configs/paper.yaml	outputs/baselines_large/runs/task_group=time_varying/pde=shallow_water/baseline=senseiver/task=sparse_solution/seed=2/sensors=250/mode=time_varying/noise=0_01/scalar=metadata/run=time_varying_senseiver_shallow_water_s2_439b2589f4c4	outputs/baselines_large/logs/task_group=time_varying/run=time_varying_senseiver_shallow_water_s2_439b2589f4c4	outputs/baselines_large/runs/task_group=time_varying/pde=shallow_water/baseline=senseiver/task=sparse_solution/seed=2/sensors=250/mode=time_varying/noise=0_01/scalar=metadata/run=time_varying_senseiver_shallow_water_s2_439b2589f4c4/run.status.json	
time_varying_senseiver_shallow_water_s2_9eef3e4c90da	time_varying/senseiver/shallow_water/seed=2/sensors=250/time_varying/noise=0.05	time_varying	sparse_solution	shallow_water	senseiver	2	50000	0	1000	5	250	time_varying	0.05	metadata	lazy	True	16	200	0	0	0	cuda	baselines/configs/paper.yaml	outputs/baselines_large/runs/task_group=time_varying/pde=shallow_water/baseline=senseiver/task=sparse_solution/seed=2/sensors=250/mode=time_varying/noise=0_05/scalar=metadata/run=time_varying_senseiver_shallow_water_s2_9eef3e4c90da	outputs/baselines_large/logs/task_group=time_varying/run=time_varying_senseiver_shallow_water_s2_9eef3e4c90da	outputs/baselines_large/runs/task_group=time_varying/pde=shallow_water/baseline=senseiver/task=sparse_solution/seed=2/sensors=250/mode=time_varying/noise=0_05/scalar=metadata/run=time_varying_senseiver_shallow_water_s2_9eef3e4c90da/run.status.json	
time_varying_senseiver_shallow_water_s2_4507f1386a32	time_varying/senseiver/shallow_water/seed=2/sensors=500/time_varying/noise=0.0	time_varying	sparse_solution	shallow_water	senseiver	2	50000	0	1000	5	500	time_varying	0.0	metadata	lazy	True	16	200	0	0	0	cuda	baselines/configs/paper.yaml	outputs/baselines_large/runs/task_group=time_varying/pde=shallow_water/baseline=senseiver/task=sparse_solution/seed=2/sensors=500/mode=time_varying/noise=0/scalar=metadata/run=time_varying_senseiver_shallow_water_s2_4507f1386a32	outputs/baselines_large/logs/task_group=time_varying/run=time_varying_senseiver_shallow_water_s2_4507f1386a32	outputs/baselines_large/runs/task_group=time_varying/pde=shallow_water/baseline=senseiver/task=sparse_solution/seed=2/sensors=500/mode=time_varying/noise=0/scalar=metadata/run=time_varying_senseiver_shallow_water_s2_4507f1386a32/run.status.json	
time_varying_senseiver_shallow_water_s2_473f5e1eeb08	time_varying/senseiver/shallow_water/seed=2/sensors=500/time_varying/noise=0.01	time_varying	sparse_solution	shallow_water	senseiver	2	50000	0	1000	5	500	time_varying	0.01	metadata	lazy	True	16	200	0	0	0	cuda	baselines/configs/paper.yaml	outputs/baselines_large/runs/task_group=time_varying/pde=shallow_water/baseline=senseiver/task=sparse_solution/seed=2/sensors=500/mode=time_varying/noise=0_01/scalar=metadata/run=time_varying_senseiver_shallow_water_s2_473f5e1eeb08	outputs/baselines_large/logs/task_group=time_varying/run=time_varying_senseiver_shallow_water_s2_473f5e1eeb08	outputs/baselines_large/runs/task_group=time_varying/pde=shallow_water/baseline=senseiver/task=sparse_solution/seed=2/sensors=500/mode=time_varying/noise=0_01/scalar=metadata/run=time_varying_senseiver_shallow_water_s2_473f5e1eeb08/run.status.json	
time_varying_senseiver_shallow_water_s2_9e56370ae82e	time_varying/senseiver/shallow_water/seed=2/sensors=500/time_varying/noise=0.05	time_varying	sparse_solution	shallow_water	senseiver	2	50000	0	1000	5	500	time_varying	0.05	metadata	lazy	True	16	200	0	0	0	cuda	baselines/configs/paper.yaml	outputs/baselines_large/runs/task_group=time_varying/pde=shallow_water/baseline=senseiver/task=sparse_solution/seed=2/sensors=500/mode=time_varying/noise=0_05/scalar=metadata/run=time_varying_senseiver_shallow_water_s2_9e56370ae82e	outputs/baselines_large/logs/task_group=time_varying/run=time_varying_senseiver_shallow_water_s2_9e56370ae82e	outputs/baselines_large/runs/task_group=time_varying/pde=shallow_water/baseline=senseiver/task=sparse_solution/seed=2/sensors=500/mode=time_varying/noise=0_05/scalar=metadata/run=time_varying_senseiver_shallow_water_s2_9e56370ae82e/run.status.json	
time_varying_senseiver_shallow_water_s3_2096f625a4be	time_varying/senseiver/shallow_water/seed=3/sensors=50/time_varying/noise=0.0	time_varying	sparse_solution	shallow_water	senseiver	3	50000	0	1000	5	50	time_varying	0.0	metadata	lazy	True	16	200	0	0	0	cuda	baselines/configs/paper.yaml	outputs/baselines_large/runs/task_group=time_varying/pde=shallow_water/baseline=senseiver/task=sparse_solution/seed=3/sensors=50/mode=time_varying/noise=0/scalar=metadata/run=time_varying_senseiver_shallow_water_s3_2096f625a4be	outputs/baselines_large/logs/task_group=time_varying/run=time_varying_senseiver_shallow_water_s3_2096f625a4be	outputs/baselines_large/runs/task_group=time_varying/pde=shallow_water/baseline=senseiver/task=sparse_solution/seed=3/sensors=50/mode=time_varying/noise=0/scalar=metadata/run=time_varying_senseiver_shallow_water_s3_2096f625a4be/run.status.json	
time_varying_senseiver_shallow_water_s3_c93e994a55f8	time_varying/senseiver/shallow_water/seed=3/sensors=50/time_varying/noise=0.01	time_varying	sparse_solution	shallow_water	senseiver	3	50000	0	1000	5	50	time_varying	0.01	metadata	lazy	True	16	200	0	0	0	cuda	baselines/configs/paper.yaml	outputs/baselines_large/runs/task_group=time_varying/pde=shallow_water/baseline=senseiver/task=sparse_solution/seed=3/sensors=50/mode=time_varying/noise=0_01/scalar=metadata/run=time_varying_senseiver_shallow_water_s3_c93e994a55f8	outputs/baselines_large/logs/task_group=time_varying/run=time_varying_senseiver_shallow_water_s3_c93e994a55f8	outputs/baselines_large/runs/task_group=time_varying/pde=shallow_water/baseline=senseiver/task=sparse_solution/seed=3/sensors=50/mode=time_varying/noise=0_01/scalar=metadata/run=time_varying_senseiver_shallow_water_s3_c93e994a55f8/run.status.json	
time_varying_senseiver_shallow_water_s3_b9914f8874e0	time_varying/senseiver/shallow_water/seed=3/sensors=50/time_varying/noise=0.05	time_varying	sparse_solution	shallow_water	senseiver	3	50000	0	1000	5	50	time_varying	0.05	metadata	lazy	True	16	200	0	0	0	cuda	baselines/configs/paper.yaml	outputs/baselines_large/runs/task_group=time_varying/pde=shallow_water/baseline=senseiver/task=sparse_solution/seed=3/sensors=50/mode=time_varying/noise=0_05/scalar=metadata/run=time_varying_senseiver_shallow_water_s3_b9914f8874e0	outputs/baselines_large/logs/task_group=time_varying/run=time_varying_senseiver_shallow_water_s3_b9914f8874e0	outputs/baselines_large/runs/task_group=time_varying/pde=shallow_water/baseline=senseiver/task=sparse_solution/seed=3/sensors=50/mode=time_varying/noise=0_05/scalar=metadata/run=time_varying_senseiver_shallow_water_s3_b9914f8874e0/run.status.json	
time_varying_senseiver_shallow_water_s3_a2ebf59fc1f5	time_varying/senseiver/shallow_water/seed=3/sensors=100/time_varying/noise=0.0	time_varying	sparse_solution	shallow_water	senseiver	3	50000	0	1000	5	100	time_varying	0.0	metadata	lazy	True	16	200	0	0	0	cuda	baselines/configs/paper.yaml	outputs/baselines_large/runs/task_group=time_varying/pde=shallow_water/baseline=senseiver/task=sparse_solution/seed=3/sensors=100/mode=time_varying/noise=0/scalar=metadata/run=time_varying_senseiver_shallow_water_s3_a2ebf59fc1f5	outputs/baselines_large/logs/task_group=time_varying/run=time_varying_senseiver_shallow_water_s3_a2ebf59fc1f5	outputs/baselines_large/runs/task_group=time_varying/pde=shallow_water/baseline=senseiver/task=sparse_solution/seed=3/sensors=100/mode=time_varying/noise=0/scalar=metadata/run=time_varying_senseiver_shallow_water_s3_a2ebf59fc1f5/run.status.json	
time_varying_senseiver_shallow_water_s3_8e5f27b6afdd	time_varying/senseiver/shallow_water/seed=3/sensors=100/time_varying/noise=0.01	time_varying	sparse_solution	shallow_water	senseiver	3	50000	0	1000	5	100	time_varying	0.01	metadata	lazy	True	16	200	0	0	0	cuda	baselines/configs/paper.yaml	outputs/baselines_large/runs/task_group=time_varying/pde=shallow_water/baseline=senseiver/task=sparse_solution/seed=3/sensors=100/mode=time_varying/noise=0_01/scalar=metadata/run=time_varying_senseiver_shallow_water_s3_8e5f27b6afdd	outputs/baselines_large/logs/task_group=time_varying/run=time_varying_senseiver_shallow_water_s3_8e5f27b6afdd	outputs/baselines_large/runs/task_group=time_varying/pde=shallow_water/baseline=senseiver/task=sparse_solution/seed=3/sensors=100/mode=time_varying/noise=0_01/scalar=metadata/run=time_varying_senseiver_shallow_water_s3_8e5f27b6afdd/run.status.json	
time_varying_senseiver_shallow_water_s3_3ae1643beefa	time_varying/senseiver/shallow_water/seed=3/sensors=100/time_varying/noise=0.05	time_varying	sparse_solution	shallow_water	senseiver	3	50000	0	1000	5	100	time_varying	0.05	metadata	lazy	True	16	200	0	0	0	cuda	baselines/configs/paper.yaml	outputs/baselines_large/runs/task_group=time_varying/pde=shallow_water/baseline=senseiver/task=sparse_solution/seed=3/sensors=100/mode=time_varying/noise=0_05/scalar=metadata/run=time_varying_senseiver_shallow_water_s3_3ae1643beefa	outputs/baselines_large/logs/task_group=time_varying/run=time_varying_senseiver_shallow_water_s3_3ae1643beefa	outputs/baselines_large/runs/task_group=time_varying/pde=shallow_water/baseline=senseiver/task=sparse_solution/seed=3/sensors=100/mode=time_varying/noise=0_05/scalar=metadata/run=time_varying_senseiver_shallow_water_s3_3ae1643beefa/run.status.json	
time_varying_senseiver_shallow_water_s3_2e5831913bf0	time_varying/senseiver/shallow_water/seed=3/sensors=250/time_varying/noise=0.0	time_varying	sparse_solution	shallow_water	senseiver	3	50000	0	1000	5	250	time_varying	0.0	metadata	lazy	True	16	200	0	0	0	cuda	baselines/configs/paper.yaml	outputs/baselines_large/runs/task_group=time_varying/pde=shallow_water/baseline=senseiver/task=sparse_solution/seed=3/sensors=250/mode=time_varying/noise=0/scalar=metadata/run=time_varying_senseiver_shallow_water_s3_2e5831913bf0	outputs/baselines_large/logs/task_group=time_varying/run=time_varying_senseiver_shallow_water_s3_2e5831913bf0	outputs/baselines_large/runs/task_group=time_varying/pde=shallow_water/baseline=senseiver/task=sparse_solution/seed=3/sensors=250/mode=time_varying/noise=0/scalar=metadata/run=time_varying_senseiver_shallow_water_s3_2e5831913bf0/run.status.json	
time_varying_senseiver_shallow_water_s3_52a3bd88b6a7	time_varying/senseiver/shallow_water/seed=3/sensors=250/time_varying/noise=0.01	time_varying	sparse_solution	shallow_water	senseiver	3	50000	0	1000	5	250	time_varying	0.01	metadata	lazy	True	16	200	0	0	0	cuda	baselines/configs/paper.yaml	outputs/baselines_large/runs/task_group=time_varying/pde=shallow_water/baseline=senseiver/task=sparse_solution/seed=3/sensors=250/mode=time_varying/noise=0_01/scalar=metadata/run=time_varying_senseiver_shallow_water_s3_52a3bd88b6a7	outputs/baselines_large/logs/task_group=time_varying/run=time_varying_senseiver_shallow_water_s3_52a3bd88b6a7	outputs/baselines_large/runs/task_group=time_varying/pde=shallow_water/baseline=senseiver/task=sparse_solution/seed=3/sensors=250/mode=time_varying/noise=0_01/scalar=metadata/run=time_varying_senseiver_shallow_water_s3_52a3bd88b6a7/run.status.json	
time_varying_senseiver_shallow_water_s3_110399ffc0ad	time_varying/senseiver/shallow_water/seed=3/sensors=250/time_varying/noise=0.05	time_varying	sparse_solution	shallow_water	senseiver	3	50000	0	1000	5	250	time_varying	0.05	metadata	lazy	True	16	200	0	0	0	cuda	baselines/configs/paper.yaml	outputs/baselines_large/runs/task_group=time_varying/pde=shallow_water/baseline=senseiver/task=sparse_solution/seed=3/sensors=250/mode=time_varying/noise=0_05/scalar=metadata/run=time_varying_senseiver_shallow_water_s3_110399ffc0ad	outputs/baselines_large/logs/task_group=time_varying/run=time_varying_senseiver_shallow_water_s3_110399ffc0ad	outputs/baselines_large/runs/task_group=time_varying/pde=shallow_water/baseline=senseiver/task=sparse_solution/seed=3/sensors=250/mode=time_varying/noise=0_05/scalar=metadata/run=time_varying_senseiver_shallow_water_s3_110399ffc0ad/run.status.json	
time_varying_senseiver_shallow_water_s3_252a0d214be1	time_varying/senseiver/shallow_water/seed=3/sensors=500/time_varying/noise=0.0	time_varying	sparse_solution	shallow_water	senseiver	3	50000	0	1000	5	500	time_varying	0.0	metadata	lazy	True	16	200	0	0	0	cuda	baselines/configs/paper.yaml	outputs/baselines_large/runs/task_group=time_varying/pde=shallow_water/baseline=senseiver/task=sparse_solution/seed=3/sensors=500/mode=time_varying/noise=0/scalar=metadata/run=time_varying_senseiver_shallow_water_s3_252a0d214be1	outputs/baselines_large/logs/task_group=time_varying/run=time_varying_senseiver_shallow_water_s3_252a0d214be1	outputs/baselines_large/runs/task_group=time_varying/pde=shallow_water/baseline=senseiver/task=sparse_solution/seed=3/sensors=500/mode=time_varying/noise=0/scalar=metadata/run=time_varying_senseiver_shallow_water_s3_252a0d214be1/run.status.json	
time_varying_senseiver_shallow_water_s3_30b9ed7484ac	time_varying/senseiver/shallow_water/seed=3/sensors=500/time_varying/noise=0.01	time_varying	sparse_solution	shallow_water	senseiver	3	50000	0	1000	5	500	time_varying	0.01	metadata	lazy	True	16	200	0	0	0	cuda	baselines/configs/paper.yaml	outputs/baselines_large/runs/task_group=time_varying/pde=shallow_water/baseline=senseiver/task=sparse_solution/seed=3/sensors=500/mode=time_varying/noise=0_01/scalar=metadata/run=time_varying_senseiver_shallow_water_s3_30b9ed7484ac	outputs/baselines_large/logs/task_group=time_varying/run=time_varying_senseiver_shallow_water_s3_30b9ed7484ac	outputs/baselines_large/runs/task_group=time_varying/pde=shallow_water/baseline=senseiver/task=sparse_solution/seed=3/sensors=500/mode=time_varying/noise=0_01/scalar=metadata/run=time_varying_senseiver_shallow_water_s3_30b9ed7484ac/run.status.json	
time_varying_senseiver_shallow_water_s3_f7a8a5e35496	time_varying/senseiver/shallow_water/seed=3/sensors=500/time_varying/noise=0.05	time_varying	sparse_solution	shallow_water	senseiver	3	50000	0	1000	5	500	time_varying	0.05	metadata	lazy	True	16	200	0	0	0	cuda	baselines/configs/paper.yaml	outputs/baselines_large/runs/task_group=time_varying/pde=shallow_water/baseline=senseiver/task=sparse_solution/seed=3/sensors=500/mode=time_varying/noise=0_05/scalar=metadata/run=time_varying_senseiver_shallow_water_s3_f7a8a5e35496	outputs/baselines_large/logs/task_group=time_varying/run=time_varying_senseiver_shallow_water_s3_f7a8a5e35496	outputs/baselines_large/runs/task_group=time_varying/pde=shallow_water/baseline=senseiver/task=sparse_solution/seed=3/sensors=500/mode=time_varying/noise=0_05/scalar=metadata/run=time_varying_senseiver_shallow_water_s3_f7a8a5e35496/run.status.json	
